"site","Year","DOY_disc","WTD_cm","LAI","EVI","FPAR","LUE","Wetland_age_years","Salinity_daily_ave_ppt","NO3_mg_L","SOM_MEM_gC_m3","DOY","TA_C","PAR_umol_m2_day"
"US_DMG",2021,349,1.377876923,NA,0.09,0,0.006,7,0.764410588,0,550,1,6.95387039184573,195.711280459642
"US_DMG",2021,350,1.423797917,NA,0.09,0,0.006,7,0.761060833,0,550,2,10.4314590454102,131.364903174341
"US_DMG",2021,351,1.346254167,NA,0.09,0,0.006,7,0.708772035,0,550,3,7.67107543945315,200.151430991173
"US_DMG",2021,352,1.305656458,NA,0.09,0,0.006,7,0.657218545,0,550,4,5.92087707519534,193.106267218828
"US_DMG",2021,353,1.380480625,NA,0.09,0,0.006,7,0.605910165,0,550,5,5.6241165161133,201.803058005333
"US_DMG",2021,354,1.376535208,NA,0.09,0,0.006,7,0.57739642,0,550,6,5.64431915283205,192.869051928043
"US_DMG",2021,355,1.368550208,NA,0.09,0,0.006,7,0.545042733,0,550,7,6.51682434082034,182.247603019357
"US_DMG",2021,356,1.380235417,NA,0.09,0,0.006,7,0.509911193,0,550,8,8.24801025390627,100.082430134416
"US_DMG",2021,357,1.5270375,NA,0.09,0,0.006,7,0.474207747,0,550,9,12.0333839416504,74.1039657759666
"US_DMG",2021,358,1.538958333,NA,0.09,0,0.006,7,0.451658203,0,550,10,11.9529243469239,112.131710467815
"US_DMG",2021,359,1.483460417,NA,0.09,0,0.006,7,0.432785214,0,550,11,10.2597671508789,138.047509778023
"US_DMG",2021,360,1.37398125,NA,0.09,0,0.006,7,0.421469594,0,550,12,7.63305435180666,159.406784714103
"US_DMG",2021,361,1.375983333,NA,0.09,0,0.006,7,0.398552395,0,550,13,8.70727310180666,138.472725001693
"US_DMG",2021,362,1.334020833,NA,0.09,0,0.006,7,0.375692383,0,550,14,6.51501617431643,160.539201137304
"US_DMG",2021,363,1.418279167,NA,0.09,0,0.006,7,0.356345525,0,550,15,7.91682205200198,122.113095114946
"US_DMG",2021,364,1.454564583,NA,0.09,0,0.006,7,0.345005391,0,550,16,7.47957000732424,169.598541469216
"US_DMG",2021,365,1.540235417,NA,0.09,0,0.006,7,0.32278265,0,550,17,7.06733474731448,191.955953534365
"US_DMG",2022,1,1.497979167,NA,0.09,0,0.006,7,0.30600938,0,550,18,6.02698669433596,221.866600937843
"US_DMG",2022,2,1.452829167,NA,0.09,0,0.006,7,0.290935503,0,550,19,4.0460029602051,255.489906457901
"US_DMG",2022,3,1.498883333,NA,0.09,0,0.006,7,0.264325405,0,550,20,7.35086975097659,186.070310826778
"US_DMG",2022,4,1.478379167,NA,0.09,0,0.006,7,0.243507928,0,550,21,11.8209739685059,72.3050186610222
"US_DMG",2022,5,1.41105625,NA,0.09,0,0.006,7,0.237568245,0,550,22,12.175122833252,132.943628242493
"US_DMG",2022,6,1.374177083,NA,0.09,0,0.006,7,0.226081051,0,550,23,12.3562408447266,140.47781527102
"US_DMG",2022,7,1.376964583,NA,0.09,0,0.006,7,0.216595535,0,550,24,11.8310943603516,116.779862211943
"US_DMG",2022,8,1.2856875,NA,0.09,0,0.006,7,0.213294806,0,550,25,9.37232360839846,154.922781060219
"US_DMG",2022,9,1.198776667,NA,0.09,0,0.006,7,0.221628333,0,550,26,7.81915435791018,223.064407628536
"US_DMG",2022,10,1.181281667,NA,0.09,0,0.006,7,0.222469856,0,550,27,8.63024673461916,219.996411541462
"US_DMG",2022,11,1.215242292,NA,0.09,0,0.006,7,0.217731184,0,550,28,9.1956611633301,237.077462329864
"US_DMG",2022,12,1.272479167,NA,0.09,0,0.006,7,0.210214667,0,550,29,8.29815826416018,240.728777308464
"US_DMG",2022,13,1.342421458,NA,0.09,0,0.006,7,0.202461219,0,550,30,9.49759445190432,246.548616328716
"US_DMG",2022,14,1.346902083,NA,0.09,0,0.006,7,0.198343477,0,550,31,9.79082260131838,237.954669429779
"US_DMG",2022,15,1.347675833,NA,0.09,0,0.006,7,0.196276436,0,550,32,8.51893768310549,236.511949346542
"US_DMG",2022,16,1.390880833,NA,0.09,0,0.006,7,0.19014884,0,550,33,10.3882156372071,234.864409405231
"US_DMG",2022,17,1.42500625,NA,0.09,0,0.006,7,0.185581741,0,550,34,9.97821578979494,229.694677056789
"US_DMG",2022,18,1.432841667,NA,0.09,0,0.006,7,0.183171555,0,550,35,9.11208496093752,241.948845920563
"US_DMG",2022,19,1.370954167,NA,0.09,0,0.006,7,0.182991811,0,550,36,8.86519012451174,233.136704067707
"US_DMG",2022,20,1.312978125,NA,0.09,0,0.006,7,0.183053904,0,550,37,8.83463439941409,256.175639562607
"US_DMG",2022,21,1.31613,NA,0.09,0,0.006,7,0.181431318,0,550,38,10.9311653137207,285.813662473679
"US_DMG",2022,22,1.27238125,NA,0.09,0,0.006,7,0.177101151,0,550,39,12.3596778869629,296.491536701679
"US_DMG",2022,23,1.228825208,NA,0.09,0,0.006,7,0.175769421,0,550,40,8.92751846313479,300.699468261719
"US_DMG",2022,24,1.220447917,NA,0.09,0,0.006,7,0.175483468,0,550,41,8.64077148437502,298.375088593483
"US_DMG",2022,25,1.234766667,NA,0.09,0,0.006,7,0.173947484,0,550,42,8.3961006164551,286.846713607788
"US_DMG",2022,26,1.250175,NA,0.09,0,0.006,7,0.173269362,0,550,43,8.22186431884768,298.25931188488
"US_DMG",2022,27,1.31435625,NA,0.09,0,0.006,7,0.171651678,0,550,44,8.95727310180666,310.090472992897
"US_DMG",2022,28,1.342566667,NA,0.09,0,0.006,7,0.170900027,0,550,45,8.67637786865237,308.638862051964
"US_DMG",2022,29,1.39748125,NA,0.09,0,0.006,7,0.170017653,0,550,46,9.27539215087893,291.31289585495
"US_DMG",2022,30,1.42079375,NA,0.09,0,0.006,7,0.170115695,0,550,47,8.34672698974612,325.492809388161
"US_DMG",2022,31,1.38596875,NA,0.09,0,0.006,7,0.172313459,0,550,48,8.93136367797854,304.03908206749
"US_DMG",2022,32,1.418197917,NA,0.09,0,0.006,7,0.174870708,0,550,49,9.5858207702637,307.062544231415
"US_DMG",2022,33,1.30450875,NA,0.09,0,0.006,7,0.17628414,0,550,50,10.5094352722168,343.838452127457
"US_DMG",2022,34,1.470313333,NA,0.09,0,0.006,7,0.175426276,0,550,51,8.9242874145508,341.518540064812
"US_DMG",2022,35,1.426424,NA,0.09,0,0.006,7,0.174437693,0,550,52,8.22287521362307,338.214533035278
"US_DMG",2022,36,1.416733636,NA,0.09,0,0.006,7,0.173620679,0,550,53,9.50953063964846,305.24579725647
"US_DMG",2022,37,1.401687727,NA,0.09,0,0.006,7,0.17238699,0,550,54,8.3074661254883,330.315221691132
"US_DMG",2022,38,1.468795714,NA,0.09,0,0.006,7,0.172370651,0,550,55,9.20435867309573,353.964189476013
"US_DMG",2022,39,1.50094,NA,0.09,0,0.006,7,0.172419671,0,550,56,10.0028968811035,357.277091395378
"US_DMG",2022,40,1.516252778,NA,0.09,0,0.006,7,0.171488277,0,550,57,10.9560562133789,360.198145394325
"US_DMG",2022,41,1.457661875,NA,0.09,0,0.006,7,0.169494766,0,550,58,12.6581741333008,363.292868488312
"US_DMG",2022,42,1.499438788,NA,0.09,0,0.006,7,0.167517595,0,550,59,13.443563079834,360.478680179596
"US_DMG",2022,43,1.497751212,NA,0.09,0,0.006,7,0.166610711,0,550,60,13.521070098877,361.15550226593
"US_DMG",2022,44,1.481378788,NA,0.09,0,0.006,7,0.165965272,0,550,61,13.8770347595215,367.015428268433
"US_DMG",2022,45,1.508432,NA,0.09,0,0.006,7,0.163906399,0,550,62,13.3581672668457,366.850675231934
"US_DMG",2022,46,1.523542121,NA,0.09,0,0.006,7,0.159829508,0,550,63,10.9323822021485,376.95413201046
"US_DMG",2022,47,1.481026154,NA,0.09,0,0.006,7,0.161267448,0,550,64,11.8021522521973,394.213305225577
"US_DMG",2022,48,1.423207619,NA,0.09,0,0.006,7,0.162566499,0,550,65,13.5340209960938,400.255786140647
"US_DMG",2022,49,1.341781429,NA,0.09,0,0.006,7,0.162541987,0,550,66,10.7735191345215,399.004534689564
"US_DMG",2022,50,1.237063667,NA,0.09,0,0.006,7,0.16063835,0,550,67,11.2636543273926,390.922650307931
"US_DMG",2022,51,1.292257479,NA,0.09,0,0.006,7,0.158473266,0,550,68,11.5811706542969,342.685177564353
"US_DMG",2022,52,1.285752708,NA,0.09,0,0.006,7,0.156389886,0,550,69,9.89848098754885,327.273934202541
"US_DMG",2022,53,1.28602875,NA,0.09,0,0.006,7,0.155801635,0,550,70,9.35452423095705,415.720456764013
"US_DMG",2022,54,1.245494167,NA,0.09,0,0.006,7,0.156259163,0,550,71,6.42949829101565,402.807247403294
"US_DMG",2022,55,1.236807958,NA,0.09,0,0.006,7,0.156357206,0,550,72,6.11845550537112,438.656965224802
"US_DMG",2022,56,1.289314875,NA,0.09,0,0.006,7,0.15403689,0,550,73,6.73446044921877,440.53606248945
"US_DMG",2022,57,1.298745083,NA,0.09,0,0.006,7,0.152729669,0,550,74,7.76491317749026,439.792440101162
"US_DMG",2022,58,1.268597417,NA,0.09,0,0.006,7,0.152312993,0,550,75,11.4140068054199,397.241223973662
"US_DMG",2022,59,1.271631542,NA,0.09,0,0.006,7,0.151152835,0,550,76,12.0992370605469,442.758025833935
"US_DMG",2022,60,1.285599167,NA,0.09,0,0.006,7,0.149968165,0,550,77,13.5445457458496,413.209070107639
"US_DMG",2022,61,1.305842917,NA,0.09,0,0.006,7,0.149224685,0,550,78,13.6467414855957,375.146287580103
"US_DMG",2022,62,1.338956458,NA,0.09,0,0.006,7,0.148456693,0,550,79,13.2960334777832,362.090609438539
"US_DMG",2022,63,1.378999167,NA,0.09,0,0.006,7,0.148415841,0,550,80,13.2685104370117,288.12913789627
"US_DMG",2022,64,1.323653125,NA,0.09,0,0.006,7,0.146495863,0,550,81,9.09143981933596,389.052472527564
"US_DMG",2022,65,1.233402292,NA,0.09,0,0.006,7,0.149535151,0,550,82,8.24432525634768,455.573254534423
"US_DMG",2022,66,1.21368125,NA,0.09,0,0.006,7,0.15017242,0,550,83,10.2566696166992,491.828192631602
"US_DMG",2022,67,1.220188333,NA,0.09,0,0.006,7,0.150366015,0,550,84,12.3979240417481,490.407738879919
"US_DMG",2022,68,1.3187575,NA,0.09,0,0.006,7,0.149339066,0,550,85,12.865796661377,486.364568042636
"US_DMG",2022,69,1.316758146,NA,0.09,0,0.006,7,0.148995921,0,550,86,12.9214492797852,504.549922704935
"US_DMG",2022,70,1.259896729,NA,0.09,0,0.006,7,0.150499223,0,550,87,11.7363868713379,514.350590337038
"US_DMG",2022,71,1.297972917,NA,0.09,0,0.006,7,0.147280196,0,550,88,11.7920356750489,506.477998817563
"US_DMG",2022,72,1.357278333,NA,0.09,0,0.006,7,0.146626584,0,550,89,13.8470893859864,411.00490678066
"US_DMG",2022,73,1.300728125,NA,0.09,0,0.006,7,0.147492619,0,550,90,12.2876373291016,484.944122481227
"US_DMG",2022,74,1.28713875,NA,0.09,0,0.006,7,0.147386407,0,550,91,15.5730796813965,265.67797796762
"US_DMG",2022,75,1.277381042,NA,0.09,0,0.006,7,0.145760552,0,550,92,14.1413284301758,427.386865308046
"US_DMG",2022,76,1.283445833,NA,0.09,0,0.006,7,0.144363461,0,550,93,13.6325698852539,444.882015479922
"US_DMG",2022,77,1.267550833,NA,0.09,0,0.006,7,0.144134699,0,550,94,12.5276428222656,532.607188414812
"US_DMG",2022,78,1.293625208,NA,0.09,0,0.006,7,0.144183719,0,550,95,14.290673828125,340.080266418457
"US_DMG",2022,79,1.284995417,NA,0.09,0,0.006,7,0.142860159,0,550,96,12.6690956115723,459.144435176849
"US_DMG",2022,80,1.250460833,NA,0.09,0,0.006,7,0.144600395,0,550,97,14.1803833007813,537.184678504944
"US_DMG",2022,81,1.253050208,NA,0.09,0,0.006,7,0.144853669,0,550,98,18.6753707885742,539.51351141429
"US_DMG",2022,82,1.317681667,NA,0.09,0,0.006,7,0.144355291,0,550,99,17.9432121276856,539.255247874737
"US_DMG",2022,83,1.347334583,NA,0.09,0,0.006,7,0.144812818,0,550,100,16.2044692993164,543.414207643032
"US_DMG",2022,84,1.385868063,NA,0.09,0,0.006,7,0.14565434,0,550,101,15.2114463806153,544.376025063992
"US_DMG",2022,85,1.394567479,NA,0.09,0,0.006,7,0.14687986,0,550,102,15.2268272399903,562.76618660593
"US_DMG",2022,86,1.424717917,NA,0.09,0,0.006,7,0.148415844,0,550,103,16.1743103027344,490.781784168243
"US_DMG",2022,87,1.432080208,NA,0.09,0,0.006,7,0.15082603,0,550,104,15.1501327514649,272.072229901195
"US_DMG",2022,88,1.376219229,NA,0.09,0,0.006,7,0.154126761,0,550,105,13.1697631835938,366.396483448029
"US_DMG",2022,89,1.291965708,NA,0.09,0,0.006,7,0.156389885,0,550,106,13.3120170593262,471.403073662281
"US_DMG",2022,90,1.275789667,NA,0.09,0,0.006,7,0.155752616,0,550,107,12.9572731018067,544.59866191864
"US_DMG",2022,91,1.320874583,NA,0.09,0,0.006,7,0.157027155,0,550,108,13.7736259460449,587.323542998791
"US_DMG",2022,92,1.3104425,NA,0.09,0,0.006,7,0.15789319,0,550,109,15.1586318969727,593.740055845737
"US_DMG",2022,93,1.335785,NA,0.09,0,0.006,7,0.158481437,0,550,110,17.0355926513672,614.396730374336
"US_DMG",2022,94,1.361906667,NA,0.09,0,0.006,7,0.158816415,0,550,111,15.4955726623535,570.754565796375
"US_DMG",2022,95,1.308474167,NA,0.09,0,0.006,7,0.159568065,0,550,112,15.8557830810547,579.994174442291
"US_DMG",2022,96,1.2663025,NA,0.09,0,0.006,7,0.15927394,0,550,113,16.7316337585449,618.497789691925
"US_DMG",2022,97,1.302060208,NA,0.09,0,0.006,7,0.156888263,0,550,114,19.1230140686035,619.548654798508
"US_DMG",2022,98,1.353834792,NA,0.09,0,0.006,7,0.154870241,0,550,115,21.6841865539551,618.764950893402
"US_DMG",2022,99,1.350280833,NA,0.09,0,0.006,7,0.154412714,0,550,116,18.8384872436524,624.170694184303
"US_DMG",2022,100,1.316913958,NA,0.09,0,0.006,7,0.153808125,0,550,117,17.5937210083008,641.808344417572
"US_DMG",2022,101,1.407008958,NA,0.09,0,0.006,7,0.153228045,0,550,118,13.8697486877442,345.886753023624
"US_DMG",2022,102,1.262389167,NA,0.09,0,0.006,7,0.16132464,0,550,119,11.1948486328125,631.833997610092
"US_DMG",2022,103,1.239349167,NA,0.09,0,0.006,7,0.161773996,0,550,120,11.2456451416016,605.228357961655
"US_DMG",2022,104,1.248350208,NA,0.09,0,0.006,7,0.16058933,0,550,121,13.8258377075196,277.388907739878
"US_DMG",2022,105,1.277233125,NA,0.09,0,0.006,7,0.158971646,0,550,122,14.0385261535645,379.122666636467
"US_DMG",2022,106,1.310702292,NA,0.09,0,0.006,7,0.160090952,0,550,123,15.5151992797852,440.976901417255
"US_DMG",2022,107,1.293613958,NA,0.09,0,0.006,7,0.162256034,0,550,124,12.9487663269043,596.451834477425
"US_DMG",2022,108,1.336230208,NA,0.09,0,0.006,7,0.164862304,0,550,125,12.8977752685547,658.800311735153
"US_DMG",2022,109,1.381364167,NA,0.09,0,0.006,7,0.169192471,0,550,126,16.0156532287598,420.119860523701
"US_DMG",2022,110,1.398954375,NA,0.09,0,0.006,7,0.171676189,0,550,127,14.3661590576172,620.292270209312
"US_DMG",2022,111,1.4437475,NA,0.09,0,0.006,7,0.178343009,0,550,128,15.9743743896485,540.306123565674
"US_DMG",2022,112,1.38183125,NA,0.09,0,0.006,7,0.17835935,0,550,129,13.4514556884766,477.303057414055
"US_DMG",2022,113,1.268490583,NA,0.09,0,0.006,7,0.179723761,0,550,130,14.4084526062012,649.280193000793
"US_DMG",2022,114,1.214907542,NA,0.09,0,0.006,7,0.174282458,0,550,131,16.538777923584,682.346873371124
"US_DMG",2022,115,1.20095475,NA,0.09,0,0.006,7,0.169241493,0,550,132,17.1970802307129,665.092174152374
"US_DMG",2022,116,1.225400167,NA,0.09,0,0.006,7,0.167591126,0,550,133,17.2847038269043,651.243875007629
"US_DMG",2022,117,1.201825896,NA,0.09,0,0.006,7,0.167950611,0,550,134,15.1727996826172,667.029147296906
"US_DMG",2022,118,1.231323396,NA,0.09,0,0.006,7,0.168498011,0,550,135,14.7648216247559,681.816996397018
"US_DMG",2022,119,1.189740479,NA,0.09,0,0.006,7,0.169731699,0,550,136,15.0784889221192,687.040151510239
"US_DMG",2022,120,1.226583125,NA,0.09,0,0.006,7,0.170164716,0,550,137,17.7511611938477,666.477008905411
"US_DMG",2022,121,1.279693896,NA,0.09,0,0.006,7,0.169004558,0,550,138,15.8881622314453,687.699185832977
"US_DMG",2022,122,1.30487875,NA,0.09,0,0.006,7,0.169911441,0,550,139,17.3367172241211,681.024387521744
"US_DMG",2022,123,1.26336625,NA,0.09,0,0.006,7,0.171382064,0,550,140,17.0602813720703,700.932987602234
"US_DMG",2022,124,1.30503425,NA,0.09,0,0.006,7,0.172179372,0,550,141,19.2140823364258,710.435310508728
"US_DMG",2022,125,1.339161167,NA,0.09,0,0.006,7,0.179720373433333,0,550,142,19.1588340759278,612.722469978332
"US_DMG",2022,126,1.2665725,NA,0.09,0,0.006,7,0.187261374866667,0,550,143,18.1866622924805,566.047942802429
"US_DMG",2022,127,1.275578188,NA,0.09,0,0.006,7,0.1948023763,0,550,144,17.2090240478516,630.947887556076
"US_DMG",2022,128,1.2736035,NA,0.09,0,0.006,7,0.202343377733333,0,550,145,14.9918800354004,689.725212711334
"US_DMG",2022,129,1.189044083,NA,0.09,0,0.006,7,0.209884379166667,0,550,146,12.7836357116699,656.426982955933
"US_DMG",2022,130,1.132728688,NA,0.09,0,0.006,7,0.2174253806,0,550,147,12.3315483093262,665.05209271431
"US_DMG",2022,131,1.087546521,NA,0.09,0,0.006,7,0.224966382033333,0,550,148,13.3286186218262,686.519171442032
"US_DMG",2022,132,1.121050708,NA,0.09,0,0.006,7,0.232507383466667,0,550,149,14.7990242004395,688.812397161689
"US_DMG",2022,133,1.2060225,NA,0.09,0,0.006,7,0.2400483849,0,550,150,17.1693626403809,705.813279529776
"US_DMG",2022,134,1.277762292,NA,0.09,0,0.006,7,0.247589386333333,0,550,151,20.7601715087891,695.081964573521
"US_DMG",2022,135,1.383867083,NA,0.09,0,0.006,7,0.255130387766667,0,550,152,21.9986625671387,696.199626028676
"US_DMG",2022,136,1.450875,NA,0.09,0,0.006,7,0.2626713892,0,550,153,19.00625,716.691546351299
"US_DMG",2022,137,1.440053125,NA,0.09,0,0.006,7,0.270212390633333,0,550,154,18.0759635925293,728.398017737931
"US_DMG",2022,138,1.447194167,NA,0.09,0,0.006,7,0.277753392066667,0,550,155,21.6012168884278,737.802406150959
"US_DMG",2022,139,1.466470833,NA,0.09,0,0.006,7,0.2852943935,0,550,156,26.1036964416504,724.88918264233
"US_DMG",2022,140,1.413977083,NA,0.09,0,0.006,7,0.292835394933333,0,550,157,21.6629386901856,745.87093144716
"US_DMG",2022,141,1.2972,NA,0.09,0,0.006,7,0.300376396366667,0,550,158,20.7148414611817,756.508710986964
"US_DMG",2022,142,1.252829167,NA,0.09,0,0.006,7,0.3079173978,0,550,159,21.1665245056153,743.208133053437
"US_DMG",2022,143,1.219070833,NA,0.09,0,0.006,7,0.315458399233333,0,550,160,21.9980522155762,738.163067279011
"US_DMG",2022,144,1.19768125,NA,0.09,0,0.006,7,0.322999400666667,0,550,161,23.7598701477051,743.243750957422
"US_DMG",2022,145,1.2014,NA,0.09,0,0.006,7,0.3305404021,0,550,162,26.7073570251465,735.820892176673
"US_DMG",2022,146,1.42273125,NA,0.09,0,0.006,7,0.338081403533333,0,550,163,23.2053810119629,696.76511839062
"US_DMG",2022,147,1.3602875,NA,0.09,0,0.006,7,0.345622404966667,0,550,164,18.1142097473145,574.236670921996
"US_DMG",2022,148,1.348195833,NA,0.09,0,0.006,7,0.3531634064,0,550,165,18.3151603698731,679.448083073392
"US_DMG",2022,149,1.333789583,NA,0.09,0,0.006,7,0.360704407833333,0,550,166,18.7621894836426,697.566630219996
"US_DMG",2022,150,1.322466667,NA,0.09,0,0.006,7,0.368245409266667,0,550,167,19.4134117126465,758.637165773585
"US_DMG",2022,151,1.340379167,NA,0.09,0,0.006,7,0.3757864107,0,550,168,19.8294807434082,763.628788339049
"US_DMG",2022,152,1.343910417,NA,0.09,0,0.006,7,0.383327412133333,0,550,169,21.9088111877442,758.744053026289
"US_DMG",2022,153,1.37675625,NA,0.09,0,0.006,7,0.390868413566667,0,550,170,21.9286476135254,737.931536353558
"US_DMG",2022,154,1.391033333,NA,0.09,0,0.006,7,0.398409415,0,550,171,20.6929832458496,671.513149375737
"US_DMG",2022,155,1.385277083,NA,0.09,0,0.006,7,0.409075512,0,550,172,19.2136779785156,439.596517306492
"US_DMG",2022,156,1.333585625,NA,0.09,0,0.006,7,0.401934822,0,550,173,21.461988067627,367.505232278258
"US_DMG",2022,157,1.27614375,NA,0.09,0,0.006,7,0.399140639,0,550,174,21.1365715026856,573.537586299985
"US_DMG",2022,158,1.239132292,NA,0.09,0,0.006,7,0.397735384,0,550,175,21.8529602050781,753.151305267334
"US_DMG",2022,159,1.20835,NA,0.09,0,0.006,7,0.401616192,0,550,176,21.6052642822266,678.575337294608
"US_DMG",2022,160,1.20715,NA,0.09,0,0.006,7,0.405766613,0,550,177,22.0733428955078,704.838108374625
"US_DMG",2022,161,1.245096458,NA,0.09,0,0.006,7,0.408544453,0,550,178,27.1294990539551,741.115309086233
"US_DMG",2022,162,1.332940083,NA,0.09,0,0.006,7,0.427131487,0,550,179,27.0621086120606,740.389495929509
"US_DMG",2022,163,1.428971833,NA,0.09,0,0.006,7,0.448316623,0,550,180,24.4709907531739,630.613915295035
"US_DMG",2022,164,1.432192104,NA,0.09,0,0.006,7,0.478047707,0,550,181,20.4327407836914,671.829306120753
"US_DMG",2022,165,1.40514625,NA,0.09,0,0.006,7,0.487304459,0,550,182,22.5584083557129,770.535121765375
"US_DMG",2022,166,1.469297917,NA,0.09,0,0.006,7,0.4912588,0,550,183,23.3970237731934,764.318995633066
"US_DMG",2022,167,1.510157583,NA,0.09,0,0.006,7,0.513587753,0,550,184,21.3620162963867,757.029700639367
"US_DMG",2022,168,1.544473958,NA,0.09,0,0.006,7,0.537607919,0,550,185,17.6299491882324,752.665916476846
"US_DMG",2022,169,1.422494375,NA,0.09,0,0.006,7,0.546268253,0,550,186,17.5235000610352,718.77545750457
"US_DMG",2022,170,1.355967313,NA,0.09,0,0.006,7,0.539895545,0,550,187,19.6001983642578,756.985191980064
"US_DMG",2022,171,1.292710833,NA,0.09,0,0.006,7,0.51595709,0,550,188,22.8403106689453,763.419511176229
"US_DMG",2022,172,1.266222917,NA,0.09,0,0.006,7,0.496593885,0,550,189,25.7705894470215,766.416273865163
"US_DMG",2022,173,1.36843125,NA,0.09,0,0.006,7,0.492999031,0,550,190,28.6258026123047,763.014321299076
"US_DMG",2022,174,1.40678,NA,0.09,0,0.006,7,0.506724847,0,550,191,27.0143486022949,687.645759540081
"US_DMG",2022,175,1.47108625,NA,0.09,0,0.006,7,0.538179828,0,550,192,26.540601348877,753.489706671178
"US_DMG",2022,176,1.501177292,NA,0.09,0,0.006,7,0.589815021,0,550,193,24.8554893493653,754.798834813297
"US_DMG",2022,177,1.496399521,NA,0.09,0,0.006,7,0.635649417,0,550,194,23.6661811828614,760.284722520709
"US_DMG",2022,178,1.461211667,NA,0.09,0,0.006,7,0.663182739,0,550,195,23.1732078552246,764.946841643512
"US_DMG",2022,179,1.42864025,NA,0.09,0,0.006,7,0.678869377,0,550,196,23.7282958984375,764.68857003969
"US_DMG",2022,180,1.455367917,NA,0.09,0,0.006,7,0.683771452,0,550,197,22.6063743591309,757.14102946204
"US_DMG",2022,181,1.449953542,NA,0.09,0,0.006,7,0.656238134,0,550,198,19.6082893371582,751.628417519808
"US_DMG",2022,182,1.434128125,NA,0.09,0,0.006,7,0.649130132,0,550,199,18.9097229003906,759.714768833697
"US_DMG",2022,183,1.471040563,NA,0.09,0,0.006,7,0.638427265,0,550,200,18.4655204772949,757.292432099521
"US_DMG",2022,184,1.505448125,NA,0.09,0,0.006,7,0.622658915,0,550,201,17.5020500183106,707.581053299367
"US_DMG",2022,185,1.406396458,NA,0.09,0,0.006,7,0.598230245,0,550,202,18.8799758911133,681.683391351462
"US_DMG",2022,186,1.378266396,NA,0.09,0,0.006,7,0.564079123,0,550,203,23.0244651794434,635.627816241205
"US_DMG",2022,187,1.369104854,NA,0.09,0,0.006,7,0.544961038,0,550,204,21.2290626525879,604.026089146554
"US_DMG",2022,188,1.301482896,NA,0.09,0,0.006,7,0.530745022,0,550,205,19.8853355407715,709.406717277884
"US_DMG",2022,189,1.318986458,NA,0.09,0,0.006,7,0.518489825,0,550,206,21.1323257446289,745.991133097112
"US_DMG",2022,190,1.327548958,NA,0.09,0,0.006,7,0.509339279,0,550,207,21.9577842712403,738.59499654299
"US_DMG",2022,191,1.395966667,NA,0.09,0,0.006,7,0.499780233,0,550,208,22.1741157531739,738.016155337393
"US_DMG",2022,192,1.517935417,NA,0.09,0,0.006,7,0.488015259,0,550,209,25.8031784057617,746.543292279303
"US_DMG",2022,193,1.619056458,NA,0.09,0,0.006,7,0.483603395,0,550,210,23.6329933166504,721.945870765924
"US_DMG",2022,194,1.596442292,NA,0.09,0,0.006,7,0.491691819,0,550,211,21.6524063110352,695.589589056849
"US_DMG",2022,195,1.577798438,NA,0.09,0,0.006,7,0.498881524,0,550,212,21.9523216247559,738.301123644113
"US_DMG",2022,196,1.538968271,NA,0.09,0,0.006,7,0.493162439,0,550,213,21.6095100402832,742.762833560526
"US_DMG",2022,197,1.474836,NA,0.09,0,0.006,7,0.479763434,0,550,214,23.2944274902344,734.244604234874
"US_DMG",2022,198,1.432761917,NA,0.09,0,0.006,7,0.464076795,0,550,215,25.1234260559082,728.028445089459
"US_DMG",2022,199,1.427086333,NA,0.09,0,0.006,7,0.454681147,0,550,216,25.426774597168,714.144514597654
"US_DMG",2022,200,1.379852271,NA,0.09,0,0.006,7,0.446102509,0,550,217,23.8640953063965,725.690707178444
"US_DMG",2022,201,1.369831604,NA,0.09,0,0.006,7,0.437687287,0,550,218,22.6686988830567,733.3228539505
"US_DMG",2022,202,1.36966575,NA,0.09,0,0.006,7,0.433765625,0,550,219,22.1093574523926,735.722931850374
"US_DMG",2022,203,1.376576021,NA,0.09,0,0.006,7,0.440791932,0,550,220,22.2297683715821,741.177633639574
"US_DMG",2022,204,1.400295188,NA,0.09,0,0.006,7,0.450514384,0,550,221,21.6574722290039,738.991297074497
"US_DMG",2022,205,1.512926875,NA,0.09,0,0.006,7,0.458602808,0,550,222,21.1503349304199,731.644134202182
"US_DMG",2022,206,1.571812833,NA,0.09,0,0.006,7,0.465710813,0,550,223,21.1517616271973,707.331702038229
"US_DMG",2022,207,1.566232292,NA,0.09,0,0.006,7,0.468406959,0,550,224,21.4411369323731,680.574659027785
"US_DMG",2022,208,1.528912708,NA,0.09,0,0.006,7,0.468325259,0,550,225,21.0952964782715,679.608386050388
"US_DMG",2022,209,1.56280625,NA,0.09,0,0.006,7,0.47314563,0,550,226,21.3579689025879,687.244982236177
"US_DMG",2022,210,1.535970188,NA,0.09,0,0.006,7,0.467426542,0,550,227,20.9552513122559,682.044100621
"US_DMG",2022,211,1.546689792,NA,0.09,0,0.006,7,0.462197661,0,550,228,21.0325561523438,653.599421630442
"US_DMG",2022,212,1.535533542,NA,0.09,0,0.006,7,0.457132186,0,550,229,20.963956451416,634.412192294054
"US_DMG",2022,213,1.506684375,NA,0.09,0,0.006,7,0.438912809,0,550,230,21.4178634643555,484.173769928045
"US_DMG",2022,214,1.412654208,NA,0.09,0,0.006,7,0.421624826,0,550,231,24.5066047668457,563.745795460358
"US_DMG",2022,215,1.432224792,NA,0.09,0,0.006,7,0.4112406,0,550,232,24.1656204223633,656.110817989141
"US_DMG",2022,216,1.482912083,NA,0.09,0,0.006,7,0.411477536,0,550,233,25.4702812194824,656.77874113382
"US_DMG",2022,217,1.550160417,NA,0.09,0,0.006,7,0.42641252,0,550,234,22.7628036499024,618.50223687302
"US_DMG",2022,218,1.51164375,NA,0.09,0,0.006,7,0.448880358,0,550,235,22.0023056030274,647.356566947669
"US_DMG",2022,219,1.52645625,NA,0.09,0,0.006,7,0.467099735,0,550,236,21.4971977233887,668.810274430551
"US_DMG",2022,220,1.543825,NA,0.09,0,0.006,7,0.479518327,0,550,237,21.2333084106446,669.629620373387
"US_DMG",2022,221,1.533796458,NA,0.09,0,0.006,7,0.480498741,0,550,238,21.8094459533692,658.359498917785
"US_DMG",2022,222,1.536484167,NA,0.09,0,0.006,7,0.485482518,0,550,239,21.801961517334,662.576310751166
"US_DMG",2022,223,1.487943625,NA,0.09,0,0.006,7,0.480743843,0,550,240,22.3507820129395,683.143934731483
"US_DMG",2022,224,1.45705625,NA,0.09,0,0.006,7,0.478946415,0,550,241,21.5449577331543,686.229740758896
"US_DMG",2022,225,1.44995375,NA,0.09,0,0.006,7,0.467671647,0,550,242,22.0294242858887,687.596747426987
"US_DMG",2022,226,1.452468958,NA,0.09,0,0.006,7,0.454926252,0,550,243,22.886849975586,684.86718657589
"US_DMG",2022,227,1.481192708,NA,0.09,0,0.006,7,0.450350983,0,550,244,23.8960662841797,686.412318856239
"US_DMG",2022,228,1.477389167,NA,0.09,0,0.006,7,0.445367206,0,550,245,24.9451347351074,678.490730974197
"US_DMG",2022,229,1.61938125,NA,0.09,0,0.006,7,0.454027536,0,550,246,26.8627754211426,641.394211894989
"US_DMG",2022,230,1.61410869595238,NA,0.09,0,0.006,7,0.478701316,0,550,247,24.2285552978516,631.166068397522
"US_DMG",2022,231,1.60883614190476,NA,0.09,0,0.006,7,0.508767376,0,550,248,23.3446174621582,656.685233139038
"US_DMG",2022,232,1.60356358785714,NA,0.09,0,0.006,7,0.542509996,0,550,249,23.7782836914063,657.157222766876
"US_DMG",2022,233,1.59829103380952,NA,0.09,0,0.006,7,0.57363817,0,550,250,24.1158386230469,636.870151373863
"US_DMG",2022,234,1.5930184797619,NA,0.09,0,0.006,7,0.580010868,0,550,251,21.9774108886719,645.619970027924
"US_DMG",2022,235,1.58774592571429,NA,0.09,0,0.006,7,0.56669357,0,550,252,24.0350891113281,643.82100174427
"US_DMG",2022,236,1.58247337166667,NA,0.09,0,0.006,7,0.582952114,0,550,253,24.400163269043,637.742899940491
"US_DMG",2022,237,1.57720081761905,NA,0.09,0,0.006,7,0.613018169,0,550,254,22.5782485961914,620.011758608818
"US_DMG",2022,238,1.57192826357143,NA,0.09,0,0.006,7,0.616613024,0,550,255,21.968709564209,613.377034679413
"US_DMG",2022,239,1.56665570952381,NA,0.09,0,0.006,7,0.618083644,0,550,256,22.2550636291504,608.857408498764
"US_DMG",2022,240,1.56138315547619,NA,0.09,0,0.006,7,0.636956641,0,550,257,21.2444358825684,598.816274415016
"US_DMG",2022,241,1.55611060142857,NA,0.09,0,0.006,7,0.638754063,0,550,258,21.6473518371582,587.083083099365
"US_DMG",2022,242,1.55083804738095,NA,0.09,0,0.006,7,0.630402775,0,550,259,22.3016105651856,589.291686058998
"US_DMG",2022,243,1.54556549333333,NA,0.09,0,0.006,7,0.616776422,0,550,260,21.9944091796875,610.455977656364
"US_DMG",2022,244,1.54029293928571,NA,0.09,0,0.006,7,0.604766343,0,550,261,23.6093040466309,614.650532104492
"US_DMG",2022,245,1.5350203852381,NA,0.09,0,0.006,7,0.610975642,0,550,262,25.0815368652344,610.398086277962
"US_DMG",2022,246,1.52974783119048,NA,0.09,0,0.006,7,0.624864853,0,550,263,24.6768013000489,604.262091079712
"US_DMG",2022,247,1.52447527714286,NA,0.09,0,0.006,7,0.609423321,0,550,264,25.542928314209,597.68080201149
"US_DMG",2022,248,1.51920272309524,NA,0.09,0,0.006,7,0.596759622,0,550,265,28.4900184631348,591.954480802536
"US_DMG",2022,249,1.51393016904762,NA,0.09,0,0.006,7,0.603540828,0,550,266,30.8457809448242,591.562638930321
"US_DMG",2022,250,1.508657615,NA,0.09,0,0.006,7,0.632463067,0,550,267,30.2091270446778,576.765873771667
"US_DMG",2022,251,1.50338506095238,NA,0.09,0,0.006,7,0.634750708,0,550,268,29.1009651184082,577.01968255806
"US_DMG",2022,252,1.49811250690476,NA,0.09,0,0.006,7,0.643982945,0,550,269,27.489705657959,578.208601919174
"US_DMG",2022,253,1.49283995285714,NA,0.09,0,0.006,7,0.684425064,0,550,270,25.1349655151367,498.226903224468
"US_DMG",2022,254,1.48756739880952,NA,0.09,0,0.006,7,0.676009835,0,550,271,23.4783721923828,353.340782594204
"US_DMG",2022,255,1.4822948447619,NA,0.09,0,0.006,7,0.639244276,0,550,272,24.0676666259766,487.197242857456
"US_DMG",2022,256,1.47702229071429,NA,0.09,0,0.006,7,0.637773654,0,550,273,21.2800537109375,497.870669136524
"US_DMG",2022,257,1.47174973666667,NA,0.09,0,0.006,7,0.661303609,0,550,274,19.2834945678711,547.586502185821
"US_DMG",2022,258,1.46647718261905,NA,0.09,0,0.006,7,0.67323199,0,550,275,19.4965873718262,527.303866645336
"US_DMG",2022,259,1.46120462857143,NA,0.09,0,0.006,7,0.67102606,0,550,276,18.9922805786133,541.192232611656
"US_DMG",2022,260,1.45593207452381,NA,0.09,0,0.006,7,0.672660085,0,550,277,19.5898757934571,543.009004787445
"US_DMG",2022,261,1.45065952047619,NA,0.09,0,0.006,7,0.68916374,0,550,278,19.0030075073242,371.984782659531
"US_DMG",2022,262,1.44538696642857,NA,0.09,0,0.006,7,0.717677471,0,550,279,19.1572128295899,257.124092472076
"US_DMG",2022,263,1.44011441238095,NA,0.09,0,0.006,7,0.693085395,0,550,280,19.0173812866211,393.955028995037
"US_DMG",2022,264,1.43484185833333,NA,0.09,0,0.006,7,0.710242662,0,550,281,19.9743743896485,422.983025664329
"US_DMG",2022,265,1.42956930428571,NA,0.09,0,0.006,7,0.737040665,0,550,282,19.7736259460449,480.206308024883
"US_DMG",2022,266,1.4242967502381,NA,0.09,0,0.006,7,0.737040668,0,550,283,20.2495971679688,520.971940934658
"US_DMG",2022,267,1.41902419619048,NA,0.09,0,0.006,7,0.750603074,0,550,284,22.6393562316895,524.022136153698
"US_DMG",2022,268,1.41375164214286,NA,0.09,0,0.006,7,0.782303166,0,550,285,22.6314636230469,502.66192261219
"US_DMG",2022,269,1.40847908809524,NA,0.09,0,0.006,7,0.829526486,0,550,286,20.987435913086,485.091053606987
"US_DMG",2022,270,1.40320653404762,NA,0.09,0,0.006,7,0.866782249,0,550,287,19.2108474731446,491.520944069862
"US_DMG",2022,271,1.39793398,NA,0.09,0,0.006,7,0.870703916,0,550,288,19.1974922180176,489.597323340416
"US_DMG",2022,272,1.39266142595238,NA,0.09,0,0.006,7,0.854200264,0,550,289,20.4608703613281,490.047046006679
"US_DMG",2022,273,1.38738887190476,NA,0.09,0,0.006,7,0.827238843,0,550,290,20.9137626647949,488.697852303028
"US_DMG",2022,274,1.38211631785714,NA,0.09,0,0.006,7,0.86629205,0,550,291,20.2243019104004,472.765631877422
"US_DMG",2022,275,1.37684376380952,NA,0.09,0,0.006,7,0.916374911,0,550,292,19.0048309326172,462.492956472874
"US_DMG",2022,276,1.3715712097619,NA,0.09,0,0.006,7,0.915966404,0,550,293,18.7095809936524,469.145479758263
"US_DMG",2022,277,1.36629865571429,NA,0.09,0,0.006,7,0.888269688,0,550,294,18.9522186279297,468.085720769882
"US_DMG",2022,278,1.36102610166667,NA,0.09,0,0.006,7,0.873154957,0,550,295,19.2134757995606,464.648127343416
"US_DMG",2022,279,1.35575354761905,NA,0.09,0,0.006,7,0.848399474,0,550,296,19.8956581115723,459.803459167242
"US_DMG",2022,280,1.35048099357143,NA,0.09,0,0.006,7,0.835327272,0,550,297,20.8589302062989,451.993173079967
"US_DMG",2022,281,1.34520843952381,NA,0.09,0,0.006,7,0.831078808,0,550,298,20.379109954834,447.985641906023
"US_DMG",2022,282,1.33993588547619,NA,0.09,0,0.006,7,0.838023411,0,550,299,19.6390548706055,432.33394139719
"US_DMG",2022,283,1.33466333142857,NA,0.09,0,0.006,7,0.848889683,0,550,300,19.4603630065918,434.462402397394
"US_DMG",2022,284,1.32939077738095,NA,0.09,0,0.006,7,0.855180678,0,550,301,18.7862754821778,432.476437300444
"US_DMG",2022,285,1.32411822333333,NA,0.09,0,0.006,7,0.877811926,0,550,302,18.5573974609375,419.309432635784
"US_DMG",2022,286,1.31884566928571,NA,0.09,0,0.006,7,0.89709342,0,550,303,17.363427734375,404.632917839527
"US_DMG",2022,287,1.3135731152381,NA,0.09,0,0.006,7,0.897747025,0,550,304,17.0813270568848,421.22414864707
"US_DMG",2022,288,1.30830056119048,NA,0.09,0,0.006,7,0.904446534,0,550,305,17.5370574951172,398.58597360301
"US_DMG",2022,289,1.30302800714286,NA,0.09,0,0.006,7,0.883449306,0,550,306,16.9635444641114,355.745320728421
"US_DMG",2022,290,1.29775545309524,NA,0.09,0,0.006,7,0.803790589,0,550,307,15.8001266479492,392.766124754429
"US_DMG",2022,291,1.29248289904762,NA,0.09,0,0.006,7,0.731648381,0,550,308,18.2052780151367,341.068792575717
"US_DMG",2022,292,1.287210345,NA,0.09,0,0.006,7,0.696320761,0,550,309,19.6580787658692,385.289833514452
"US_DMG",2022,293,1.2624375,NA,0.09,0,0.006,7,0.695944936,0,550,310,19.1436592102051,400.077678834438
"US_DMG",2022,294,1.333989583,NA,0.09,0,0.006,7,0.752972411,0,550,311,17.8060050964356,395.255250402927
"US_DMG",2022,295,1.37873125,NA,0.09,0,0.006,7,0.839820838,0,550,312,18.3930755615235,332.986913466573
"US_DMG",2022,296,1.288839583,NA,0.09,0,0.006,7,0.842271877,0,550,313,15.8226028442383,390.121159607887
"US_DMG",2022,297,1.228745833,NA,0.09,0,0.006,7,0.791371999,0,550,314,15.0894180297852,386.581154236317
"US_DMG",2022,298,1.248185417,NA,0.09,0,0.006,7,0.750439673,0,550,315,15.3968139648438,362.829771482229
"US_DMG",2022,299,1.28323125,NA,0.09,0,0.006,7,0.740390409,0,550,316,14.0929618835449,363.698074620008
"US_DMG",2022,300,1.2823125,NA,0.09,0,0.006,7,0.730586275,0,550,317,13.4306121826172,373.872782626271
"US_DMG",2022,301,1.316391667,NA,0.09,0,0.006,7,0.724050171,0,550,318,13.5089279174805,347.58329285562
"US_DMG",2022,302,1.321535417,NA,0.09,0,0.006,7,0.725602492,0,550,319,14.1457801818848,327.558918901622
"US_DMG",2022,303,1.324820833,NA,0.09,0,0.006,7,0.71048776,0,550,320,14.9149757385254,346.697171461225
"US_DMG",2022,304,1.33345625,NA,0.09,0,0.006,7,0.686059095,0,550,321,13.9438224792481,277.865359618127
"US_DMG",2022,305,1.387222917,NA,0.09,0,0.006,7,0.671352866,0,550,322,13.9108291625977,184.845792438686
"US_DMG",2022,306,1.292025,NA,0.09,0,0.006,7,0.661630417,0,550,323,11.3136421203614,244.362286095351
"US_DMG",2022,307,1.205341667,NA,0.09,0,0.006,7,0.64194041,0,550,324,10.2926918029785,322.304584390908
"US_DMG",2022,308,1.16039375,NA,0.09,0,0.006,7,0.61220116,0,550,325,10.5822845458985,285.680081337422
"US_DMG",2022,309,1.191441667,NA,0.09,0,0.006,7,0.585729966,0,550,326,13.3573547363281,156.378857023656
"US_DMG",2022,310,1.2827375,NA,0.09,0,0.006,7,0.571105421,0,550,327,15.2816711425781,177.779147498578
"US_DMG",2022,311,1.34428125,NA,0.09,0,0.006,7,0.574863683,0,550,328,13.2855163574219,275.5053648495
"US_DMG",2022,312,1.4182375,NA,0.09,0,0.006,7,0.584912948,0,550,329,10.4960762023926,111.886201459235
"US_DMG",2022,313,1.388308333,NA,0.09,0,0.006,7,0.596024315,0,550,330,10.049447631836,237.950210581481
"US_DMG",2022,314,1.284516667,NA,0.09,0,0.006,7,0.575517296,0,550,331,9.47148666381838,288.979615815699
"US_DMG",2022,315,1.299091667,NA,0.09,0,0.006,7,0.550843525,0,550,332,9.31485519409182,303.874325928137
"US_DMG",2022,316,1.3422875,NA,0.09,0,0.006,7,0.533522863,0,550,333,9.6799255371094,267.583782858156
"US_DMG",2022,317,1.299827083,NA,0.09,0,0.006,7,0.530908421,0,550,334,10.7101799011231,296.709727552585
"US_DMG",2022,318,1.24386875,NA,0.09,0,0.006,7,0.508849083,0,550,335,8.89938888549807,312.966992706433
"US_DMG",2022,319,1.213439583,NA,0.09,0,0.006,7,0.488587164,0,550,336,10.0723129272461,306.67961542514
"US_DMG",2022,320,1.146691667,NA,0.09,0,0.006,7,0.478129407,0,550,337,10.1451698303223,308.376132084172
"US_DMG",2022,321,1.1191125,NA,0.09,0,0.006,7,0.470939704,0,550,338,9.7112861633301,277.375545898102
"US_DMG",2022,322,1.144983333,NA,0.09,0,0.006,7,0.472573727,0,550,339,9.76492462158205,277.785215585535
"US_DMG",2022,323,1.137558333,NA,0.09,0,0.006,7,0.47960003,0,550,340,10.705525970459,299.483837124452
"US_DMG",2022,324,1.152277083,NA,0.09,0,0.006,7,0.487770156,0,550,341,9.20395812988284,296.429200418133
"US_DMG",2022,325,1.192185417,NA,0.09,0,0.006,7,0.508195466,0,550,342,8.97528228759768,289.282415322032
"US_DMG",2022,326,1.249897917,NA,0.09,0,0.006,7,0.541121072,0,550,343,9.16510543823244,278.711394687857
"US_DMG",2022,327,1.299445833,NA,0.09,0,0.006,7,0.582216799,0,550,344,9.59513244628909,278.724753312588
"US_DMG",2022,328,1.31905,NA,0.09,0,0.006,7,0.62094319,0,550,345,10.255258178711,280.34113014245
"US_DMG",2022,329,1.346485417,NA,0.09,0,0.006,7,0.658035552,0,550,346,10.3105026245117,266.350348702908
"US_DMG",2022,330,1.379122917,NA,0.09,0,0.006,7,0.692758586,0,550,347,10.3119140625,255.147027809143
"US_DMG",2022,331,1.384725,NA,0.09,0,0.006,7,0.720618717,0,550,348,9.53300628662112,267.414571516752
"US_DMG",2022,332,1.41886875,NA,0.09,0,0.006,7,0.752073699,0,550,349,10.3465209960938,254.265378304481
"US_DMG",2022,333,1.3129875,NA,0.09,0,0.006,7,0.771667789,0,550,350,9.1452690124512,261.781745438337
"US_DMG",2022,334,1.242427083,NA,0.09,0,0.006,7,0.741534233,0,550,351,7.19768295288088,268.037975626469
"US_DMG",2022,335,1.271039583,NA,0.09,0,0.006,7,0.736141951,0,550,352,9.46662673950198,101.502209763527
"US_DMG",2022,336,1.193072917,NA,0.09,0,0.006,7,0.725520794,0,550,353,5.58622512817385,185.09514565289
"US_DMG",2022,337,1.2287125,NA,0.09,0,0.006,7,0.69651685,0,550,354,7.59816894531252,150.46995954442
"US_DMG",2022,338,1.33109375,NA,0.09,0,0.006,7,0.724948884,0,550,355,10.7360855102539,143.799620648503
"US_DMG",2022,339,1.370277083,NA,0.09,0,0.006,7,0.715144733,0,550,356,11.3039260864258,186.484432765007
"US_DMG",2022,340,1.38165,NA,0.09,0,0.006,7,0.717595769,0,550,357,9.8371635437012,206.161470481992
"US_DMG",2022,341,1.369279167,NA,0.09,0,0.006,7,0.708036725,0,550,358,8.01564941406252,217.431582558155
"US_DMG",2022,342,1.354289583,NA,0.09,0,0.006,7,0.691042857,0,550,359,7.73962554931643,196.285105689287
"US_DMG",2022,343,1.390316667,NA,0.09,0,0.006,7,0.681075312,0,550,360,10.2358299255371,105.362809559703
"US_DMG",2022,344,1.55455625,NA,0.09,0,0.006,7,0.686631,0,550,361,11.8142944335938,60.8924216439724
"US_DMG",2022,345,1.579335417,NA,0.09,0,0.006,7,0.69569984,0,550,362,11.2349258422852,118.69458156234
"US_DMG",2022,346,1.431766667,NA,0.09,0,0.006,7,0.656973445,0,550,363,8.85223922729494,222.400939217329
"US_DMG",2022,347,1.348972917,NA,0.09,0,0.006,7,0.617430042,0,550,364,6.71240386962893,226.141307425737
"US_DMG",2022,348,1.247429167,NA,0.09,0,0.006,7,0.584667837,0,550,365,6.29532775878909,237.447050092936
"US_DMG",2022,349,1.177683333,NA,0.09,0,0.006,7,0.560075763,0,550,366,6.93784103393557,220.254670040846
"US_DMG",2022,350,1.132104167,NA,0.09,0,0.006,7,0.541529579,0,550,367,5.91426239013674,233.417227512598
"US_DMG",2022,351,1.146475,NA,0.09,0,0.006,7,0.524045521,0,550,368,6.39933929443362,227.833389354467
"US_DMG",2022,352,1.18996875,NA,0.09,0,0.006,7,0.511300118,0,550,369,5.48119888305666,227.432634195805
"US_DMG",2022,353,1.177333333,NA,0.09,0,0.006,7,0.505826128,0,550,370,4.92691192626955,168.717649375916
"US_DMG",2022,354,1.22993125,NA,0.09,0,0.006,7,0.494959855,0,550,371,5.93430480957034,194.103214742064
"US_DMG",2022,355,1.2810625,NA,0.09,0,0.006,7,0.483276585,0,550,372,7.4925361633301,232.308476067781
"US_DMG",2022,356,1.32681875,NA,0.09,0,0.006,7,0.472900528,0,550,373,7.87439880371096,166.24187639451
"US_DMG",2022,357,1.378808333,NA,0.09,0,0.006,7,0.464893806,0,550,374,7.9199272155762,131.665663589835
"US_DMG",2022,358,1.342672917,NA,0.09,0,0.006,7,0.46301468,0,550,375,8.00674972534182,155.341352459431
"US_DMG",2022,359,1.303522917,NA,0.09,0,0.006,7,0.464076796,0,550,376,9.48159942626955,191.297937073708
"US_DMG",2022,360,1.3264625,NA,0.09,0,0.006,7,0.464158498,0,550,377,8.99834976196291,154.896065897703
"US_DMG",2022,361,1.454127083,NA,0.09,0,0.006,7,0.470367792,0,550,378,11.9533248901367,49.6401244223118
"US_DMG",2022,362,1.3837125,NA,0.09,0,0.006,7,0.491365008,0,550,379,9.07545623779299,144.169207025528
"US_DMG",2022,363,1.304545833,NA,0.09,0,0.006,7,0.48033534,0,550,380,10.0832458496094,95.5220621275902
"US_DMG",2022,364,1.34530625,NA,0.09,0,0.006,7,0.47698559,0,550,381,12.3776908874512,38.1518283545971
"US_DMG",2022,365,1.486121739,NA,0.09,0,0.006,7,0.475269862,0,550,382,15.0493484497071,37.7956030239463
"US_DMG",2023,1,1.408342105,NA,0.09,0,0.006,7,0.359801489,0,550,383,11.0372978210449,171.82548245287
"US_DMG",2023,2,1.540060417,NA,0.09,0,0.006,7,0.324065356,0,550,384,8.72076187133791,168.375721554995
"US_DMG",2023,3,1.55164375,NA,0.09,0,0.006,7,0.321785895,0,550,385,8.65983734130862,108.83629150784
"US_DMG",2023,4,1.618360417,NA,0.09,0,0.006,7,0.306466911,0,550,386,10.7183967590332,103.47493736124
"US_DMG",2023,5,1.936985417,NA,0.09,0,0.006,7,0.295412733,0,550,387,13.9247413635254,59.1837907621265
"US_DMG",2023,6,1.652993958,NA,0.09,0,0.006,7,0.278565931,0,550,388,10.6782127380371,119.727925467253
"US_DMG",2023,7,1.608274667,NA,0.09,0,0.006,7,0.262429935,0,550,389,12.360368347168,110.467808626652
"US_DMG",2023,8,1.705510854,NA,0.09,0,0.006,7,0.245370715,0,550,390,13.2956939697266,148.419588398933
"US_DMG",2023,9,1.7878875,NA,0.09,0,0.006,7,0.230280493,0,550,391,14.3930526733399,96.4954006183148
"US_DMG",2023,10,1.838097917,NA,0.09,0,0.006,7,0.222208412,0,550,392,12.9186569213867,140.497590247154
"US_DMG",2023,11,1.623433333,NA,0.09,0,0.006,7,0.212069285,0,550,393,10.8496299743653,62.1356427752972
"US_DMG",2023,12,1.618883333,NA,0.09,0,0.006,7,0.205435145,0,550,394,12.8737731933594,156.306020253331
"US_DMG",2023,13,1.649027083,NA,0.09,0,0.006,7,0.200565752,0,550,395,13.8529258728028,134.171553469658
"US_DMG",2023,14,1.709254167,NA,0.09,0,0.006,7,0.19657873,0,550,396,13.1995178222656,67.8037354185582
"US_DMG",2023,15,1.695541667,NA,0.09,0,0.006,7,0.194454498,0,550,397,10.7036453247071,116.784955806494
"US_DMG",2023,16,1.797225,NA,0.09,0,0.006,7,0.188670048,0,550,398,9.79481658935549,123.73781758225
"US_DMG",2023,17,1.697895833,NA,0.09,0,0.006,7,0.172223588,0,550,399,8.16182861328127,234.859124788284
"US_DMG",2023,18,1.6764125,NA,0.09,0,0.006,7,0.182542455,0,550,400,6.8614212036133,277.487633809567
"US_DMG",2023,19,1.722954167,NA,0.09,0,0.006,7,0.187934737,0,550,401,9.6319404602051,215.676520192623
"US_DMG",2023,20,1.66401875,NA,0.09,0,0.006,7,0.18736283,0,550,402,7.64050064086916,273.802274507046
"US_DMG",2023,21,1.608508333,NA,0.09,0,0.006,7,0.181741781,0,550,403,6.62223968505862,296.159010055542
"US_DMG",2023,22,1.59256875,NA,0.09,0,0.006,7,0.177762929,0,550,404,7.12367782592776,296.581327812195
"US_DMG",2023,23,1.53940625,NA,0.09,0,0.006,7,0.168792134,0,550,405,10.1887413024903,303.240788889885
"US_DMG",2023,24,1.4417875,NA,0.09,0,0.006,7,0.1632773,0,550,406,8.62970504760744,306.317116375923
"US_DMG",2023,25,1.390958333,NA,0.09,0,0.006,7,0.163481552,0,550,407,8.46640548706057,307.646348995209
"US_DMG",2023,26,1.320408333,NA,0.09,0,0.006,7,0.167038512,0,550,408,10.7861534118653,311.282815636635
"US_DMG",2023,27,1.312760417,NA,0.09,0,0.006,7,0.169216981,0,550,409,9.18436203002932,309.891359109879
"US_DMG",2023,28,1.351085417,NA,0.09,0,0.006,7,0.17112879,0,550,410,8.7917190551758,297.652719510078
"US_DMG",2023,29,1.404091667,NA,0.09,0,0.006,7,0.1718641,0,550,411,9.27990875244143,258.900742888451
"US_DMG",2023,30,1.38874375,NA,0.09,0,0.006,7,0.171439255,0,550,412,6.48928985595705,290.59760921669
"US_DMG",2023,31,1.385902083,NA,0.09,0,0.006,7,0.167999632,0,550,413,5.74953613281252,335.186603265762
"US_DMG",2023,32,1.383233333,NA,0.09,0,0.006,7,0.161602426,0,550,414,5.86110076904299,323.205807611466
"US_DMG",2023,33,1.373835417,NA,0.09,0,0.006,7,0.159306621,0,550,415,7.22627029418948,283.32910624218
"US_DMG",2023,34,1.430985417,NA,0.09,0,0.006,7,0.156716688,0,550,416,10.9725357055664,174.5283863554
"US_DMG",2023,35,1.407891667,NA,0.09,0,0.006,7,0.155834316,0,550,417,9.59860000610354,165.472770078182
"US_DMG",2023,36,1.492583333,NA,0.09,0,0.006,7,0.155286918,0,550,418,12.6266876220703,173.048013691425
"US_DMG",2023,37,1.311835417,NA,0.09,0,0.006,7,0.158693859,0,550,419,8.44182357788088,319.275939641953
"US_DMG",2023,38,1.2635375,NA,0.09,0,0.006,7,0.16198642,0,550,420,8.4439636230469,334.550885771751
"US_DMG",2023,39,1.230570833,NA,0.09,0,0.006,7,0.162264205,0,550,421,8.86781463623049,302.667303367615
"US_DMG",2023,40,1.2174625,NA,0.09,0,0.006,7,0.161643274,0,550,422,9.72577819824221,349.159014550209
"US_DMG",2023,41,1.25375,NA,0.09,0,0.006,7,0.162272374,0,550,423,10.1744171142578,331.287853298187
"US_DMG",2023,42,1.253666667,NA,0.09,0,0.006,7,0.157599063,0,550,424,9.45133361816409,286.53880566597
"US_DMG",2023,43,1.273935417,NA,0.09,0,0.006,7,0.160131801,0,550,425,8.94048843383791,341.405955799103
"US_DMG",2023,44,1.325072917,NA,0.09,0,0.006,7,0.158162802,0,550,426,10.6016899108887,381.985058111191
"US_DMG",2023,45,1.303507292,NA,0.09,0,0.006,7,0.150507393,0,550,427,10.7820945739746,389.133523418427
"US_DMG",2023,46,1.29660625,NA,0.09,0,0.006,7,0.15147147,0,550,428,7.85766754150393,383.892206561089
"US_DMG",2023,47,1.32773125,NA,0.09,0,0.006,7,0.148808009,0,550,429,5.90363464355471,364.465096826553
"US_DMG",2023,48,1.366333333,NA,0.09,0,0.006,7,0.149723062,0,550,430,8.35119400024416,363.020282184043
"US_DMG",2023,49,1.40045,NA,0.09,0,0.006,7,0.147525299,0,550,431,8.18747482299807,404.69299453568
"US_DMG",2023,50,1.401447917,NA,0.09,0,0.006,7,0.14504975,0,550,432,9.36327133178713,406.031113377085
"US_DMG",2023,51,1.363041667,NA,0.09,0,0.006,7,0.144804648,0,550,433,10.2787300109864,392.498806738732
"US_DMG",2023,52,1.454491667,NA,0.09,0,0.006,7,0.143178792,0,550,434,11.9283920288086,385.141404800985
"US_DMG",2023,53,1.419866667,NA,0.09,0,0.006,7,0.13263933,0,550,435,8.41618118286135,406.564590514205
"US_DMG",2023,54,1.341177083,NA,0.09,0,0.006,7,0.136389418,0,550,436,6.41213378906252,326.255465627268
"US_DMG",2023,55,1.379954167,NA,0.09,0,0.006,7,0.13786821,0,550,437,6.83833084106448,251.583342752133
"US_DMG",2023,56,1.31918125,NA,0.09,0,0.006,7,0.144061165,0,550,438,7.00013122558596,240.989564448703
"US_DMG",2023,57,1.316204167,NA,0.09,0,0.006,7,0.147786743,0,550,439,8.1357475280762,179.74747647801
"US_DMG",2023,58,1.360877083,NA,0.09,0,0.006,7,0.151038451,0,550,440,7.82496795654299,140.742099402413
"US_DMG",2023,59,1.397885417,NA,0.09,0,0.006,7,0.158603989,0,550,441,6.58120117187502,126.969741756201
"US_DMG",2023,60,1.460758333,NA,0.09,0,0.006,7,0.15537679,0,550,442,6.99115905761721,314.630316834003
"US_DMG",2023,61,1.328183333,NA,0.09,0,0.006,7,0.161863869,0,550,443,7.87712249755862,454.93230005306
"US_DMG",2023,62,1.282752083,NA,0.09,0,0.006,7,0.156324523,0,550,444,8.38069305419924,413.58855739218
"US_DMG",2023,63,1.3806875,NA,0.09,0,0.006,7,0.153897996,0,550,445,10.2733856201172,357.116563185841
"US_DMG",2023,64,1.403945833,NA,0.09,0,0.006,7,0.153530341,0,550,446,8.43071136474612,278.216719469115
"US_DMG",2023,65,1.320127083,NA,0.09,0,0.006,7,0.15605491,0,550,447,7.10251770019534,405.435399649382
"US_DMG",2023,66,1.295804167,NA,0.09,0,0.006,7,0.156520605,0,550,448,8.53116760253909,405.222015284538
"US_DMG",2023,67,1.300685417,NA,0.09,0,0.006,7,0.156643159,0,550,449,8.67886505126955,330.540996554852
"US_DMG",2023,68,1.268822917,NA,0.09,0,0.006,7,0.157051665,0,550,450,8.97725067138674,317.146505133152
"US_DMG",2023,69,1.518897917,NA,0.09,0,0.006,7,0.161398171,0,550,451,11.8732467651367,81.2026658271403
"US_DMG",2023,70,1.441054167,NA,0.09,0,0.006,7,0.160956984,0,550,452,11.9232612609864,219.161835259974
"US_DMG",2023,71,1.465227083,NA,0.09,0,0.006,7,0.165646636,0,550,453,14.2960182189942,194.742361629903
"US_DMG",2023,72,1.502275,NA,0.09,0,0.006,7,0.176414861,0,550,454,14.8778205871582,323.041334871352
"US_DMG",2023,73,1.634835417,NA,0.09,0,0.006,7,0.184723879,0,550,455,16.1091857910156,170.185069388941
"US_DMG",2023,74,1.5842875,NA,0.09,0,0.006,7,0.18222382,0,550,456,11.1909767150879,244.96389264071
"US_DMG",2023,75,1.582154167,NA,0.09,0,0.006,7,0.161896549,0,550,457,10.4963165283203,397.913515798807
"US_DMG",2023,76,1.603560417,NA,0.09,0,0.006,7,0.157713445,0,550,458,11.7229820251465,509.37268454361
"US_DMG",2023,77,1.633575,NA,0.09,0,0.006,7,0.157860507,0,550,459,13.3925224304199,508.879220772743
"US_DMG",2023,78,1.781364583,NA,0.09,0,0.006,7,0.154404543,0,550,460,14.5747352600098,183.370613920629
"US_DMG",2023,79,1.79023125,NA,0.09,0,0.006,7,0.158938964,0,550,461,12.7795043945313,346.838437815309
"US_DMG",2023,80,1.772829167,NA,0.09,0,0.006,7,0.157770635,0,550,462,11.0768447875977,206.5720049541
"US_DMG",2023,81,1.819272917,NA,0.09,0,0.006,7,0.155286919,0,550,463,10.6993690490723,288.188107272267
"US_DMG",2023,82,1.6966375,NA,0.09,0,0.006,7,0.144567714,0,550,464,11.9728523254395,392.467696614027
"US_DMG",2023,83,1.537077083,NA,0.09,0,0.006,7,0.134722003,0,550,465,10.233415222168,504.718174878597
"US_DMG",2023,84,1.429145833,NA,0.09,0,0.006,7,0.130008551,0,550,466,10.073747253418,540.278252440453
"US_DMG",2023,85,1.369491667,NA,0.09,0,0.006,7,0.127075477,0,550,467,9.61869201660159,581.862033768654
"US_DMG",2023,86,1.357702083,NA,0.09,0,0.006,7,0.124894053,0,550,468,8.91740570068362,585.14731757927
"US_DMG",2023,87,1.5173125,NA,0.09,0,0.006,7,0.128897415,0,550,469,11.6475311279297,294.647515609503
"US_DMG",2023,88,1.501741667,NA,0.09,0,0.006,7,0.138628034,0,550,470,8.47516784667971,239.78036068821
"US_DMG",2023,89,1.47588125,NA,0.09,0,0.006,7,0.138047953,0,550,471,9.00268707275393,349.310164675236
"US_DMG",2023,90,1.4107875,NA,0.09,0,0.006,7,0.129812468,0,550,472,10.6348243713379,390.075981047153
"US_DMG",2023,91,1.403722917,NA,0.09,0,0.006,7,0.125662043,0,550,473,11.3827033996582,524.518715756893
"US_DMG",2023,92,1.446464583,NA,0.09,0,0.006,7,0.120874352,0,550,474,12.962476348877,472.341132735729
"US_DMG",2023,93,1.452864583,NA,0.09,0,0.006,7,0.117704343,0,550,475,10.3212677001953,540.851718306065
"US_DMG",2023,94,1.332958333,NA,0.09,0,0.006,7,0.114485313,0,550,476,9.3316360473633,601.057989267349
"US_DMG",2023,95,1.306960417,NA,0.09,0,0.006,7,0.112581676,0,550,477,9.7212844848633,609.860199467659
"US_DMG",2023,96,1.332183333,NA,0.09,0,0.006,7,0.114035957,0,550,478,11.5393730163574,549.28050441885
"US_DMG",2023,97,1.40103125,NA,0.09,0,0.006,7,0.115212455,0,550,479,14.180379486084,336.129061398506
"US_DMG",2023,98,1.4182125,NA,0.09,0,0.006,7,0.11559645,0,550,480,14.2831817626953,360.206236881256
"US_DMG",2023,99,1.408847917,NA,0.09,0,0.006,7,0.115694492,0,550,481,14.5958953857422,582.279934321404
"US_DMG",2023,100,1.448841667,NA,0.09,0,0.006,7,0.116920011,0,550,482,16.9417129516602,613.536693113327
"US_DMG",2023,101,1.484083333,NA,0.09,0,0.006,7,0.112434612,0,550,483,17.0759521484375,512.240067801476
"US_DMG",2023,102,1.464739583,NA,0.09,0,0.006,7,0.110865949,0,550,484,13.0139862060547,618.217869807243
"US_DMG",2023,103,1.434679167,NA,0.09,0,0.006,7,0.109378986,0,550,485,13.0317283630371,649.234567377091
"US_DMG",2023,104,1.44564375,NA,0.09,0,0.006,7,0.105367455,0,550,486,12.7609191894531,652.217522712708
"US_DMG",2023,105,1.4031625,NA,0.09,0,0.006,7,0.106135446,0,550,487,13.2292228698731,647.527464233399
"US_DMG",2023,106,1.4376,NA,0.09,0,0.006,7,0.105367454,0,550,488,13.3232780456543,648.865583678246
"US_DMG",2023,107,1.464516667,NA,0.09,0,0.006,7,0.102050384,0,550,489,13.4085594177246,582.840067428589
"US_DMG",2023,108,1.43965625,NA,0.09,0,0.006,7,0.101707239,0,550,490,11.7986503601074,591.308867441177
"US_DMG",2023,109,1.40608125,NA,0.09,0,0.006,7,0.100383679,0,550,491,11.8399024963379,640.218958447456
"US_DMG",2023,110,1.367454167,NA,0.09,0,0.006,7,0.100587932,0,550,492,13.4290748596192,664.811820813179
"US_DMG",2023,111,1.37454375,NA,0.09,0,0.006,7,0.101020948,0,550,493,17.1308723449707,652.399806464195
"US_DMG",2023,112,1.43715625,NA,0.09,0,0.006,7,0.10111899,0,550,494,19.2954460144043,647.816439285279
"US_DMG",2023,113,1.516645833,NA,0.09,0,0.006,7,0.098480039,0,550,495,18.5105834960938,640.467904479027
"US_DMG",2023,114,1.486752083,NA,0.09,0,0.006,7,0.097548645,0,550,496,17.157601928711,666.887893543243
"US_DMG",2023,115,1.43560625,NA,0.09,0,0.006,7,0.096690781,0,550,497,17.2392402648926,686.034928155899
"US_DMG",2023,116,1.410027083,NA,0.09,0,0.006,7,0.094599229,0,550,498,18.7298828125,686.77735509491
"US_DMG",2023,117,1.396635417,NA,0.09,0,0.006,7,0.093716857,0,550,499,20.5347229003906,682.834130678177
"US_DMG",2023,118,1.408302083,NA,0.09,0,0.006,7,0.094917865,0,550,500,21.1203819274903,677.299410476685
"US_DMG",2023,119,1.435922917,NA,0.09,0,0.006,7,0.095024076,0,550,501,20.0865036010742,656.880929787636
"US_DMG",2023,120,1.465664583,NA,0.09,0,0.006,7,0.093242988,0,550,502,17.8558822631836,655.462802703858
"US_DMG",2023,121,1.457041667,NA,0.09,0,0.006,7,0.089272308,0,550,503,14.1532379150391,631.381168687821
"US_DMG",2023,122,1.43929375,NA,0.09,0,0.006,7,0.089541923,0,550,504,12.6931625366211,486.52693317318
"US_DMG",2023,123,1.424952083,NA,0.09,0,0.006,7,0.09719733,0,550,505,12.6867500305176,448.610717335701
"US_DMG",2023,124,1.457545833,NA,0.09,0,0.006,7,0.101481671,0,550,506,13.5380874633789,427.783249128342
"US_DMG",2023,125,1.484760417,NA,0.09,0,0.006,7,0.101543834,0,550,507,13.8522811889649,358.970376412392
"US_DMG",2023,126,1.50203125,NA,0.09,0,0.006,7,0.099321561,0,550,508,14.5830665588379,386.986310218334
"US_DMG",2023,127,1.50905625,NA,0.09,0,0.006,7,0.09597181,0,550,509,14.508260345459,526.714824642181
"US_DMG",2023,128,1.526425,NA,0.09,0,0.006,7,0.09400281,0,550,510,14.7145210266114,405.564320362091
"US_DMG",2023,129,1.554847917,NA,0.09,0,0.006,7,0.090889993,0,550,511,15.1732040405274,573.593289142609
"US_DMG",2023,130,1.549195833,NA,0.09,0,0.006,7,0.091094247,0,550,512,15.1492744445801,577.74545677948
"US_DMG",2023,131,1.484545833,NA,0.09,0,0.006,7,0.089525583,0,550,513,14.9643836975098,679.41549912262
"US_DMG",2023,132,1.440525,NA,0.09,0,0.006,7,0.089729835,0,550,514,17.2621131896973,704.35954633522
"US_DMG",2023,133,1.413452083,NA,0.09,0,0.006,7,0.089157926,0,550,515,20.2382598876953,712.601629611411
"US_DMG",2023,134,1.512547917,NA,0.09,0,0.006,7,0.089280479,0,550,516,22.973519897461,710.218809456105
"US_DMG",2023,135,1.5309375,NA,0.09,0,0.006,7,0.086706889,0,550,517,20.198934173584,675.756786588903
"US_DMG",2023,136,1.49995625,NA,0.09,0,0.006,7,0.085644773,0,550,518,20.9124122619629,716.664862867031
"US_DMG",2023,137,1.560679167,NA,0.09,0,0.006,7,0.085048353,0,550,519,21.3695960998535,715.575704977868
"US_DMG",2023,138,1.606222917,NA,0.09,0,0.006,7,0.084549975,0,550,520,19.7024017333985,728.387810075112
"US_DMG",2023,139,1.606710417,NA,0.09,0,0.006,7,0.083969896,0,550,521,19.4591728210449,725.591571220968
"US_DMG",2023,140,1.5893875,NA,0.09,0,0.006,7,0.083152883,0,550,522,18.4156814575196,709.48084340607
"US_DMG",2023,141,1.58238125,NA,0.09,0,0.006,7,0.08291595,0,550,523,17.8473411560059,701.100952242144
"US_DMG",2023,142,1.604804167,NA,0.09,0,0.006,7,0.081216565,0,550,524,20.7046485900879,729.877084787533
"US_DMG",2023,143,1.634472917,NA,0.09,0,0.006,7,0.081102184,0,550,525,19.6607261657715,724.729123487435
"US_DMG",2023,144,1.597175,NA,0.09,0,0.006,7,0.080538445,0,550,526,16.7454963684082,725.724946320638
"US_DMG",2023,145,1.586614583,NA,0.09,0,0.006,7,0.080138109,0,550,527,16.43642578125,709.87648483707
"US_DMG",2023,146,1.53244375,NA,0.09,0,0.006,7,0.080366872,0,550,528,16.4092842102051,672.831623723298
"US_DMG",2023,147,1.481816667,NA,0.09,0,0.006,7,0.079999217,0,550,529,16.8002182006836,691.347388082102
"US_DMG",2023,148,1.447245833,NA,0.09,0,0.006,7,0.080579295,0,550,530,16.9350868225098,580.377221708283
"US_DMG",2023,149,1.512989583,NA,0.09,0,0.006,7,0.079329267,0,550,531,17.2379623413086,600.875719848841
"US_DMG",2023,150,1.514325,NA,0.09,0,0.006,7,0.078937099,0,550,532,17.2148719787598,699.833979638413
"US_DMG",2023,151,1.510464583,NA,0.09,0,0.006,7,0.078463233,0,550,533,17.0415321350098,708.044917088375
"US_DMG",2023,152,1.531375,NA,0.09,0,0.006,7,0.077458307,0,550,534,17.4557662963867,732.815609633714
"US_DMG",2023,153,1.55551875,NA,0.09,0,0.006,7,0.076592275,0,550,535,18.0038047790528,745.325404075712
"US_DMG",2023,154,1.570739583,NA,0.09,0,0.006,7,0.075775262,0,550,536,20.3547492980957,751.046865490943
"US_DMG",2023,155,1.6261,NA,0.09,0,0.006,7,0.074476212,0,550,537,22.2976699829102,748.930777128518
"US_DMG",2023,156,1.773327083,NA,0.09,0,0.006,7,0.07312814,0,550,538,21.6754661560059,681.953916991592
"US_DMG",2023,157,1.793952083,NA,0.09,0,0.006,7,0.071510457,0,550,539,18.2991920471192,617.350993415237
"US_DMG",2023,158,1.70975,NA,0.09,0,0.006,7,0.072392829,0,550,540,18.2314353942871,527.759549090654
"US_DMG",2023,159,1.594160417,NA,0.09,0,0.006,7,0.072899377,0,550,541,19.5228668212891,544.732704230338
"US_DMG",2023,160,1.542579167,NA,0.09,0,0.006,7,0.071943473,0,550,542,19.2172180175781,664.167195828915
"US_DMG",2023,161,1.508285417,NA,0.09,0,0.006,7,0.070897697,0,550,543,17.2157341003418,646.060432581127
"US_DMG",2023,162,1.52065,NA,0.09,0,0.006,7,0.069647668,0,550,544,19.0810600280762,595.421016169578
"US_DMG",2023,163,1.504629167,NA,0.09,0,0.006,7,0.069026739,0,550,545,18.5988594055176,562.377130403489
"US_DMG",2023,164,1.49954375,NA,0.09,0,0.006,7,0.068005474,0,550,546,19.6186233520508,684.176703584641
"US_DMG",2023,165,1.535339583,NA,0.09,0,0.006,7,0.067915602,0,550,547,20.1487022399903,701.963400964022
"US_DMG",2023,166,1.60444375,NA,0.09,0,0.006,7,0.067948283,0,550,548,21.0248352050781,735.705224981487
"US_DMG",2023,167,1.638852083,NA,0.09,0,0.006,7,0.067956453,0,550,549,21.1389747619629,732.628900204539
"US_DMG",2023,168,1.616495833,NA,0.09,0,0.006,7,0.068152536,0,550,550,21.7124420166016,733.046791180968
"US_DMG",2023,169,1.621735417,NA,0.09,0,0.006,7,0.067106761,0,550,551,21.5726524353028,738.692637590349
"US_DMG",2023,170,1.591347917,NA,0.09,0,0.006,7,0.066722765,0,550,552,18.1876121520996,762.414164967775
"US_DMG",2023,171,1.45919375,NA,0.09,0,0.006,7,0.066685182,0,550,553,17.5624214172364,769.398140524328
"US_DMG",2023,172,1.4104125,NA,0.09,0,0.006,7,0.066706425,0,550,554,18.8534255981446,775.226287569761
"US_DMG",2023,173,1.458610417,NA,0.09,0,0.006,7,0.06583222,0,550,555,18.3819137573242,735.900823031783
"US_DMG",2023,174,1.393735417,NA,0.09,0,0.006,7,0.066951527,0,550,556,17.9298416137696,726.769644859493
"US_DMG",2023,175,1.332116667,NA,0.09,0,0.006,7,0.068038154,0,550,557,18.4483810424805,734.416007648051
"US_DMG",2023,176,1.274095833,NA,0.09,0,0.006,7,0.069181971,0,550,558,17.8229690551758,712.726098586202
"US_DMG",2023,177,1.253302083,NA,0.09,0,0.006,7,0.069492435,0,550,559,18.1666694641114,743.409369335771
"US_DMG",2023,178,1.28846875,NA,0.09,0,0.006,7,0.070080684,0,550,560,18.2799545288086,734.198181193471
"US_DMG",2023,179,1.360441667,NA,0.09,0,0.006,7,0.070268597,0,550,561,18.7544609069824,729.450310403407
"US_DMG",2023,180,1.42003125,NA,0.09,0,0.006,7,0.070619911,0,550,562,20.5319496154785,740.039648774922
"US_DMG",2023,181,1.4644625,NA,0.09,0,0.006,7,0.070276767,0,550,563,24.2775627136231,749.482022150099
"US_DMG",2023,182,1.507097917,NA,0.09,0,0.006,7,0.06981107,0,550,564,26.4027954101563,746.112280231535
"US_DMG",2023,183,1.547139583,NA,0.09,0,0.006,7,0.069361712,0,550,565,28.9995513916016,747.934968809426
"US_DMG",2023,184,1.621770833,NA,0.09,0,0.006,7,0.068438489,0,550,566,26.2358680725098,740.550865028203
"US_DMG",2023,185,1.632566667,NA,0.09,0,0.006,7,0.068781635,0,550,567,21.792813873291,733.042320236266
"US_DMG",2023,186,1.686985417,NA,0.09,0,0.006,7,0.069296354,0,550,568,20.3120018005371,730.197178991139
"US_DMG",2023,187,1.692045833,NA,0.09,0,0.006,7,0.069990814,0,550,569,19.0184379577637,736.523182440519
"US_DMG",2023,188,1.61420625,NA,0.09,0,0.006,7,0.071412415,0,550,570,18.6655479431153,732.157655450642
"US_DMG",2023,189,1.543410417,NA,0.09,0,0.006,7,0.072678784,0,550,571,18.1219993591309,748.486224037349
"US_DMG",2023,190,1.494697917,NA,0.09,0,0.006,7,0.073381414,0,550,572,17.6654449462891,741.168826637685
"US_DMG",2023,191,1.423291667,NA,0.09,0,0.006,7,0.074762166,0,550,573,17.8896614074707,752.358290280461
"US_DMG",2023,192,1.456697917,NA,0.09,0,0.006,7,0.074770335,0,550,574,21.5339637756348,760.560378800631
"US_DMG",2023,193,1.554710417,NA,0.09,0,0.006,7,0.075407605,0,550,575,22.6749168395996,753.042920218229
"US_DMG",2023,194,1.585047917,NA,0.09,0,0.006,7,0.076943589,0,550,576,22.4759307861328,747.330367238283
"US_DMG",2023,195,1.605072917,NA,0.09,0,0.006,7,0.078430552,0,550,577,23.2879386901856,741.231058231413
"US_DMG",2023,196,1.615641667,NA,0.09,0,0.006,7,0.079410968,0,550,578,24.6086517333985,745.258739622056
"US_DMG",2023,197,1.619322917,NA,0.09,0,0.006,7,0.080971462,0,550,579,26.9516921997071,718.49643659699
"US_DMG",2023,198,1.679129167,NA,0.09,0,0.006,7,0.083218246,0,550,580,26.8730369567871,676.721488093853
"US_DMG",2023,199,1.66774375,NA,0.09,0,0.006,7,0.08485227,0,550,581,24.9006210327149,729.405859422535
"US_DMG",2023,200,1.630825,NA,0.09,0,0.006,7,0.085898046,0,550,582,22.263688659668,719.167717584789
"US_DMG",2023,201,1.59105625,NA,0.09,0,0.006,7,0.086527145,0,550,583,21.9680763244629,736.505417609692
"US_DMG",2023,202,1.5598,NA,0.09,0,0.006,7,0.086992841,0,550,584,24.731332397461,733.731406974763
"US_DMG",2023,203,1.543958333,NA,0.09,0,0.006,7,0.087090883,0,550,585,25.9223114013672,728.156644995034
"US_DMG",2023,204,1.525670833,NA,0.09,0,0.006,7,0.087695473,0,550,586,26.8773132324219,649.692454581231
"US_DMG",2023,205,1.47743125,NA,0.09,0,0.006,7,0.088618698,0,550,587,22.865796661377,693.050038819462
"US_DMG",2023,206,1.41731875,NA,0.09,0,0.006,7,0.089966768,0,550,588,22.9835678100586,727.454249879926
"US_DMG",2023,207,1.47280625,NA,0.09,0,0.006,7,0.090889993,0,550,589,23.8096786499024,716.607077958256
"US_DMG",2023,208,1.55243125,NA,0.09,0,0.006,7,0.092270745,0,550,590,22.4834075927735,719.59894565104
"US_DMG",2023,209,1.5866,NA,0.09,0,0.006,7,0.093300181,0,550,591,21.2734123229981,722.764188833281
"US_DMG",2023,210,1.613758333,NA,0.09,0,0.006,7,0.094975057,0,550,592,22.4141593933106,716.438155142888
"US_DMG",2023,211,1.62061875,NA,0.09,0,0.006,7,0.097140139,0,550,593,22.4667373657227,719.358877971247
"US_DMG",2023,212,1.634029167,NA,0.09,0,0.006,7,0.100530739,0,550,594,22.6063133239746,721.012635433242
"US_DMG",2023,213,1.666379167,NA,0.09,0,0.006,7,0.104060234,0,550,595,22.2132431030274,696.535359320745
"US_DMG",2023,214,1.63335625,NA,0.09,0,0.006,7,0.107401816,0,550,596,20.1531921386719,686.248334020212
"US_DMG",2023,215,1.57669375,NA,0.09,0,0.006,7,0.110032596,0,550,597,19.6335807800293,696.299742314726
"US_DMG",2023,216,1.524560417,NA,0.09,0,0.006,7,0.11163394,0,550,598,20.0766731262207,696.384196996935
"US_DMG",2023,217,1.49013125,NA,0.09,0,0.006,7,0.112524484,0,550,599,22.5124832153321,695.112787946094
"US_DMG",2023,218,1.439504167,NA,0.09,0,0.006,7,0.11426472,0,550,600,25.0955558776856,695.944094831549
"US_DMG",2023,219,1.43254375,NA,0.09,0,0.006,7,0.115841554,0,550,601,26.7356048583985,698.695909640191
"US_DMG",2023,220,1.556383333,NA,0.09,0,0.006,7,0.121094946,0,550,602,24.2645278930664,669.1417990872
"US_DMG",2023,221,1.58960625,NA,0.09,0,0.006,7,0.129551025,0,550,603,21.1545730590821,648.389896987195
"US_DMG",2023,222,1.613679167,NA,0.09,0,0.006,7,0.137933573,0,550,604,22.1142784118653,658.503578990378
"US_DMG",2023,223,1.604960417,NA,0.09,0,0.006,7,0.143530108,0,550,605,21.7658782958985,637.053713312149
"US_DMG",2023,224,1.590225,NA,0.09,0,0.006,7,0.148366822,0,550,606,22.6097351074219,640.547932278633
"US_DMG",2023,225,1.59555,NA,0.09,0,0.006,7,0.151185516,0,550,607,25.1278358459473,643.770966980934
"US_DMG",2023,226,1.598552083,NA,0.09,0,0.006,7,0.154567946,0,550,608,26.9121528625489,603.387448417664
"US_DMG",2023,227,1.592335417,NA,0.09,0,0.006,7,0.158718371,0,550,609,27.2169395446778,600.826811846733
"US_DMG",2023,228,1.5910125,NA,0.09,0,0.006,7,0.160107292,0,550,610,26.8138252258301,637.307119893074
"US_DMG",2023,229,1.609622917,NA,0.09,0,0.006,7,0.162207014,0,550,611,26.816178894043,613.141033817291
"US_DMG",2023,230,1.6447,NA,0.09,0,0.006,7,0.165434214,0,550,612,24.3487373352051,620.129474774361
"US_DMG",2023,231,1.611995833,NA,0.09,0,0.006,7,0.168800304,0,550,613,23.554044342041,624.437204195976
"US_DMG",2023,232,1.553102083,NA,0.09,0,0.006,7,0.170074845,0,550,614,24.5616241455078,615.528307735443
"US_DMG",2023,233,1.525697917,NA,0.09,0,0.006,7,0.168955538,0,550,615,26.7388092041016,464.979279283524
"US_DMG",2023,234,1.447529167,NA,0.09,0,0.006,7,0.169371669,0,550,616,23.0718437194824,523.460670929909
"US_DMG",2023,235,1.469652083,NA,0.09,0,0.006,7,0.17704396,0,550,617,25.6760765075684,614.03015587616
"US_DMG",2023,236,1.59014375,NA,0.09,0,0.006,7,0.18108817,0,550,618,27.3255249023438,637.649427994728
"US_DMG",2023,237,1.6378,NA,0.09,0,0.006,7,0.184584987,0,550,619,23.5172859191895,608.944402819634
"US_DMG",2023,238,1.609160417,NA,0.09,0,0.006,7,0.184977154,0,550,620,22.1448417663574,631.438969343186
"US_DMG",2023,239,1.5711625,NA,0.09,0,0.006,7,0.184331714,0,550,621,22.1925064086914,644.024365497589
"US_DMG",2023,240,1.536695833,NA,0.09,0,0.006,7,0.18344934,0,550,622,23.2169738769531,644.09992972374
"US_DMG",2023,241,1.522916667,NA,0.09,0,0.006,7,0.181913354,0,550,623,23.1579795837403,642.739591198921
"US_DMG",2023,242,1.504127083,NA,0.09,0,0.006,7,0.180475412,0,550,624,24.7881904602051,638.725252017021
"US_DMG",2023,243,1.5619375,NA,0.09,0,0.006,7,0.179143684,0,550,625,24.2852569580078,629.651851504326
"US_DMG",2023,244,1.612304167,NA,0.09,0,0.006,7,0.182468924,0,550,626,21.4414192199707,453.363030971527
"US_DMG",2023,245,1.526491667,NA,0.09,0,0.006,7,0.184307203,0,550,627,19.1740356445313,318.724691344261
"US_DMG",2023,246,1.493229167,NA,0.09,0,0.006,7,0.180736856,0,550,628,21.466641998291,421.47944050312
"US_DMG",2023,247,1.495210417,NA,0.09,0,0.006,7,0.178710665,0,550,629,20.7830940246582,511.021982999802
"US_DMG",2023,248,1.5197,NA,0.09,0,0.006,7,0.177795611,0,550,630,21.5884757995606,584.573842137337
"US_DMG",2023,249,1.596220833,NA,0.09,0,0.006,7,0.180410051,0,550,631,22.3419166564942,580.466144917488
"US_DMG",2023,250,1.585722917,NA,0.09,0,0.006,7,0.180597965,0,550,632,21.5818458557129,583.800322397232
"US_DMG",2023,251,1.534758333,NA,0.09,0,0.006,7,0.179012962,0,550,633,22.2102447509766,583.040121807098
"US_DMG",2023,252,1.51333125,NA,0.09,0,0.006,7,0.176553751,0,550,634,23.1143852233887,559.607556692123
"US_DMG",2023,253,1.516172917,NA,0.09,0,0.006,7,0.174143568,0,550,635,21.8387657165528,551.223216803551
"US_DMG",2023,254,1.508752083,NA,0.09,0,0.006,7,0.170859177,0,550,636,22.0018516540528,583.049001576424
"US_DMG",2023,255,1.5044125,NA,0.09,0,0.006,7,0.168024142,0,550,637,21.4683471679688,572.290744216919
"US_DMG",2023,256,1.503679167,NA,0.09,0,0.006,7,0.166055143,0,550,638,20.9677673339844,557.931578606606
"US_DMG",2023,257,1.529672917,NA,0.09,0,0.006,7,0.164592689,0,550,639,22.6118713378906,536.455053594589
"US_DMG",2023,258,1.5295125,NA,0.09,0,0.006,7,0.163726655,0,550,640,21.6337867736817,530.053455111027
"US_DMG",2023,259,1.524597917,NA,0.09,0,0.006,7,0.164331245,0,550,641,21.1295677185059,485.153253825665
"US_DMG",2023,260,1.529670833,NA,0.09,0,0.006,7,0.163849209,0,550,642,19.8665634155274,511.697729010105
"US_DMG",2023,261,1.518333333,NA,0.09,0,0.006,7,0.162827944,0,550,643,19.8575874328614,515.796529828072
"US_DMG",2023,262,1.516525,NA,0.09,0,0.006,7,0.16128379,0,550,644,20.1484848022461,502.762128727436
"US_DMG",2023,263,1.583354167,NA,0.09,0,0.006,7,0.159813167,0,550,645,20.3342300415039,517.841475483894
"US_DMG",2023,264,1.6278125,NA,0.09,0,0.006,7,0.160801754,0,550,646,19.1146179199219,495.529198256016
"US_DMG",2023,265,1.5972375,NA,0.09,0,0.006,7,0.161594255,0,550,647,19.1614280700684,499.205679805279
"US_DMG",2023,266,1.57894375,NA,0.09,0,0.006,7,0.15926577,0,550,648,18.7149215698242,519.659712836742
"US_DMG",2023,267,1.547777083,NA,0.09,0,0.006,7,0.156961794,0,550,649,18.350919342041,507.727820931912
"US_DMG",2023,268,1.529922917,NA,0.09,0,0.006,7,0.154404544,0,550,650,18.8384605407715,484.886517510414
"US_DMG",2023,269,1.494370833,NA,0.09,0,0.006,7,0.152353842,0,550,651,20.8080955505371,455.977019240856
"US_DMG",2023,270,1.496395833,NA,0.09,0,0.006,7,0.150393012,0,550,652,20.1747795104981,496.5472352314
"US_DMG",2023,271,1.504610417,NA,0.09,0,0.006,7,0.148399501,0,550,653,19.5044799804688,488.065095908165
"US_DMG",2023,272,1.515327083,NA,0.09,0,0.006,7,0.147582489,0,550,654,19.7603355407715,483.352811796665
"US_DMG",2023,273,1.5511,NA,0.09,0,0.006,7,0.147835763,0,550,655,18.0625778198242,331.839100839853
"US_DMG",2023,274,1.562141667,NA,0.09,0,0.006,7,0.149812935,0,550,656,17.5692611694336,357.138798740864
"US_DMG",2023,275,1.5746875,NA,0.09,0,0.006,7,0.151283556,0,550,657,18.6830764770508,414.073125706196
"US_DMG",2023,276,1.574914583,NA,0.09,0,0.006,7,0.153268898,0,550,658,19.2586799621582,462.089657289028
"US_DMG",2023,277,1.555166667,NA,0.09,0,0.006,7,0.157002644,0,550,659,21.3339057922364,466.530785613298
"US_DMG",2023,278,1.527914583,NA,0.09,0,0.006,7,0.159224919,0,550,660,23.6923385620117,462.623140755892
"US_DMG",2023,279,1.516910417,NA,0.09,0,0.006,7,0.158938964,0,550,661,24.1495300292969,461.071639970303
"US_DMG",2023,280,1.50568125,NA,0.09,0,0.006,7,0.158930794,0,550,662,24.3134742736817,458.29315747714
"US_DMG",2023,281,1.529464583,NA,0.09,0,0.006,7,0.158064762,0,550,663,23.8928276062012,451.740389211893
"US_DMG",2023,282,1.572945833,NA,0.09,0,0.006,7,0.158440587,0,550,664,20.1903854370117,312.923224999189
"US_DMG",2023,283,1.564341667,NA,0.09,0,0.006,7,0.158293525,0,550,665,19.4446311950684,235.943846094489
"US_DMG",2023,284,1.561595833,NA,0.09,0,0.006,7,0.160148144,0,550,666,18.0420547485352,389.129082273722
"US_DMG",2023,285,1.489183333,NA,0.09,0,0.006,7,0.159927549,0,550,667,17.5224510192871,445.329897098541
"US_DMG",2023,286,1.4928625,NA,0.09,0,0.006,7,0.157149709,0,550,668,18.0493255615235,435.251807993412
"US_DMG",2023,287,1.515254167,NA,0.09,0,0.006,7,0.155270578,0,550,669,19.7423797607422,377.921814171791
"US_DMG",2023,288,1.5049,NA,0.09,0,0.006,7,0.153301576,0,550,670,19.1629272460938,394.792727976084
"US_DMG",2023,289,1.55510625,NA,0.09,0,0.006,7,0.149870125,0,550,671,19.8543754577637,390.071537886381
"US_DMG",2023,290,1.55854375,NA,0.09,0,0.006,7,0.14691254,0,550,672,19.9345375061035,351.079497648597
"US_DMG",2023,291,1.572702083,NA,0.09,0,0.006,7,0.143064411,0,550,673,20.134595489502,403.812777042389
"US_DMG",2023,292,1.59275,NA,0.09,0,0.006,7,0.140262057,0,550,674,21.8451782226563,405.048649607658
"US_DMG",2023,293,1.700639583,NA,0.09,0,0.006,7,0.137990763,0,550,675,20.9149719238281,377.037132249594
"US_DMG",2023,294,1.7008875,NA,0.09,0,0.006,7,0.138268547,0,550,676,18.6614852905274,368.186024852037
"US_DMG",2023,295,1.661127083,NA,0.09,0,0.006,7,0.134926967,0,550,677,17.8552528381348,290.273079050303
"US_DMG",2023,296,1.614208333,NA,0.09,0,0.006,7,0.131814149,0,550,678,18.3412986755371,315.955106765032
"US_DMG",2023,297,1.576885417,NA,0.09,0,0.006,7,0.128930095,0,550,679,17.8274627685547,370.159855616689
"US_DMG",2023,298,1.573470833,NA,0.09,0,0.006,7,0.125809108,0,550,680,16.5392356872559,328.922805264235
"US_DMG",2023,299,1.5264625,NA,0.09,0,0.006,7,0.123235517,0,550,681,14.2237716674805,333.461737055302
"US_DMG",2023,300,1.509039583,NA,0.09,0,0.006,7,0.121152136,0,550,682,11.9176994323731,377.610631947339
"US_DMG",2023,301,1.52081875,NA,0.09,0,0.006,7,0.118251742,0,550,683,12.3261657714844,374.952178805172
"US_DMG",2023,302,1.523539583,NA,0.09,0,0.006,7,0.11678929,0,550,684,14.2182098388672,381.229311014175
"US_DMG",2023,303,1.533620833,NA,0.09,0,0.006,7,0.113406858,0,550,685,13.5288902282715,375.836840692699
"US_DMG",2023,304,1.57299375,NA,0.09,0,0.006,7,0.110408421,0,550,686,13.5626655578614,331.216719947398
"US_DMG",2023,305,1.58495625,NA,0.09,0,0.006,7,0.107793981,0,550,687,14.3977561950684,343.602067393482
"US_DMG",2023,306,1.58628125,NA,0.09,0,0.006,7,0.105561903,0,550,688,15.0216690063477,338.431871727526
"US_DMG",2023,307,1.557964583,NA,0.09,0,0.006,7,0.109779322,0,550,689,17.988843536377,330.438757676542
"US_DMG",2023,308,1.5517375,NA,0.09,0,0.006,7,0.108921458,0,550,690,18.3030410766602,324.0460209122
"US_DMG",2023,309,1.5299625,NA,0.09,0,0.006,7,0.108913289,0,550,691,17.9501510620117,257.407029149771
"US_DMG",2023,310,1.518904167,NA,0.09,0,0.006,7,0.109730301,0,550,692,19.0797782897949,234.125610080436
"US_DMG",2023,311,1.45368125,NA,0.09,0,0.006,7,0.110359401,0,550,693,14.6260314941406,259.860978357941
"US_DMG",2023,312,1.400677083,NA,0.09,0,0.006,7,0.111356155,0,550,694,13.4042793273926,321.752108497113
"US_DMG",2023,313,1.405802083,NA,0.09,0,0.006,7,0.111928063,0,550,695,11.8991065979004,329.745239479914
"US_DMG",2023,314,1.439910417,NA,0.09,0,0.006,7,0.11371732,0,550,696,12.1806083679199,290.508692906216
"US_DMG",2023,315,1.47844375,NA,0.09,0,0.006,7,0.116552355,0,550,697,12.8526054382324,310.842697736472
"US_DMG",2023,316,1.5358,NA,0.09,0,0.006,7,0.121462601,0,550,698,13.8044105529785,301.320308736846
"US_DMG",2023,317,1.625058333,NA,0.09,0,0.006,7,0.13053144,0,550,699,14.5039840698242,294.829788382873
"US_DMG",2023,318,1.66066875,NA,0.09,0,0.006,7,0.141528428,0,550,700,14.9126602172852,279.608169317648
"US_DMG",2023,319,1.671566667,NA,0.09,0,0.006,7,0.156242823,0,550,701,14.3879219055176,218.655049275659
"US_DMG",2023,320,1.700327083,NA,0.09,0,0.006,7,0.176014525,0,550,702,15.7483917236328,176.079890982149
"US_DMG",2023,321,1.702545833,NA,0.09,0,0.006,7,0.192362944,0,550,703,15.722314453125,188.794197768925
"US_DMG",2023,322,1.754291667,NA,0.09,0,0.006,7,0.2057211,0,550,704,16.8662658691406,154.683390333171
"US_DMG",2023,323,1.59231875,NA,0.09,0,0.006,7,0.221489441,0,550,705,13.6879211425781,237.913220125351
"US_DMG",2023,324,1.439133333,NA,0.09,0,0.006,7,0.190630878,0,550,706,12.7709671020508,293.438321062083
"US_DMG",2023,325,1.381264583,NA,0.09,0,0.006,7,0.178980281,0,550,707,11.1849914550781,273.837832780519
"US_DMG",2023,326,1.411085417,NA,0.09,0,0.006,7,0.181463998,0,550,708,11.240567779541,260.225515723267
"US_DMG",2023,327,1.510195833,NA,0.09,0,0.006,7,0.193702846,0,550,709,12.7504440307617,268.756554628968
"US_DMG",2023,328,1.5592625,NA,0.09,0,0.006,7,0.207853501,0,550,710,13.0370727539063,287.334556834459
"US_DMG",2023,329,1.555495833,NA,0.09,0,0.006,7,0.215852055,0,550,711,9.28803024291994,284.498296366692
"US_DMG",2023,330,1.588075,NA,0.09,0,0.006,7,0.230313176,0,550,712,9.40965423583987,273.339921177864
"US_DMG",2023,331,1.623677083,NA,0.09,0,0.006,7,0.246024327,0,550,713,8.82036361694338,273.72224494338
"US_DMG",2023,332,1.558505,NA,0.09,0,0.006,7,0.25658013,0,550,714,9.6097122192383,273.042073664904
"US_DMG",2023,333,1.564590833,NA,0.09,0,0.006,7,0.273704711,0,550,715,10.6574722290039,200.259304463148
"US_DMG",2023,334,1.591744792,NA,0.09,0,0.006,7,0.296997739,0,550,716,10.6623970031739,202.984437904
"US_DMG",2023,335,1.525948542,NA,0.09,0,0.006,7,0.316826628,0,550,717,11.4331527709961,250.11630381918
"US_DMG",2023,336,1.444864792,NA,0.09,0,0.006,7,0.309718621,0,550,718,12.5313583374024,160.769361451864
"US_DMG",2023,337,1.389352708,NA,0.09,0,0.006,7,0.300992928,0,550,719,13.7135673522949,134.771710052967
"US_DMG",2023,338,1.33616625,NA,0.09,0,0.006,7,0.296483019,0,550,720,12.925496673584,155.776997871339
"US_DMG",2023,339,1.301618333,NA,0.09,0,0.006,7,0.292430636,0,550,721,11.0678611755371,190.71912182498
"US_DMG",2023,340,1.37255625,NA,0.09,0,0.006,7,0.29736539,0,550,722,11.5312629699707,219.71753963387
"US_DMG",2023,341,1.374994792,NA,0.09,0,0.006,7,0.314375591,0,550,723,11.5301910400391,183.615117988467
"US_DMG",2023,342,1.361726042,NA,0.09,0,0.006,7,0.320347953,0,550,724,9.42931137084963,197.520838137865
"US_DMG",2023,343,1.361941875,NA,0.09,0,0.006,7,0.32940862,0,550,725,8.14494094848635,244.968338195562
"US_DMG",2023,344,1.3748375,NA,0.09,0,0.006,7,0.347578981,0,550,726,8.07462081909182,233.561020881295
"US_DMG",2023,345,1.473007083,NA,0.09,0,0.006,7,0.377212023,0,550,727,7.94380340576174,229.079899573922
"US_DMG",2023,346,1.566471042,NA,0.09,0,0.006,7,0.423871608,0,550,728,8.80219421386721,225.065550437689
"US_DMG",2023,347,1.571681667,NA,0.09,0,0.006,7,0.456625641,0,550,729,9.08625946044924,229.408865718842
"US_DMG",2023,348,1.551890625,NA,0.09,0,0.006,7,0.474646653,0,550,730,8.65685043334963,214.365079621077
"US_DMG",2023,349,1.5341125,NA,0.09,0,0.006,7,0.49059702,0,550,731,9.47121200561526,211.146496899843
"US_DMG",2023,350,1.52501875,NA,0.09,0,0.006,7,0.509666089,0,550,732,9.7503601074219,232.765270090818
"US_DMG",2023,351,1.50838125,NA,0.09,0,0.006,7,0.524413169,0,550,733,10.5809646606446,151.335881454468
"US_DMG",2023,352,1.50115625,NA,0.09,0,0.006,7,0.523146794,0,550,734,11.6802421569824,56.2986178506018
"US_DMG",2023,353,1.5589,NA,0.09,0,0.006,7,0.555173692,0,550,735,15.3630119323731,113.94423831749
"US_DMG",2023,354,1.537027083,NA,0.09,0,0.006,7,0.560075758,0,550,736,15.0945526123047,105.537679852963
"US_DMG",2023,355,1.477127083,NA,0.09,0,0.006,7,0.544715927,0,550,737,12.3191123962403,132.504467375875
"US_DMG",2023,356,1.538741667,NA,0.09,0,0.006,7,0.559503855,0,550,738,11.7095199584961,194.368932565212
"US_DMG",2023,357,1.552133333,NA,0.09,0,0.006,7,0.5756807,0,550,739,11.2134262084961,215.84545404911
"US_DMG",2023,358,1.55148125,NA,0.09,0,0.006,7,0.583197211,0,550,740,8.52882156372073,229.942330537081
"US_DMG",2023,359,1.556660417,NA,0.09,0,0.006,7,0.581236384,0,550,741,9.62403640747073,215.458686618805
"US_DMG",2023,360,1.572914583,NA,0.09,0,0.006,7,0.578295145,0,550,742,10.5010162353516,211.519920735359
"US_DMG",2023,361,1.655108333,NA,0.09,0,0.006,7,0.576661119,0,550,743,10.7722602844239,158.293185760975
"US_DMG",2023,362,1.6298,NA,0.09,0,0.006,7,0.58262531,0,550,744,13.3839775085449,84.3634595641495
"US_DMG",2023,363,1.648785417,NA,0.09,0,0.006,7,0.575680701,0,550,745,14.9913154602051,107.324800589919
"US_DMG",2023,364,1.614072917,NA,0.09,0,0.006,7,0.570860327,0,550,746,13.9241004943848,156.261563791275
"US_DMG",2023,365,1.520395833,NA,0.09,0,0.006,7,0.556317507,0,550,747,11.6892066955567,132.766759648323
"US_DMG",2024,1,1.462578723,NA,0.09,0,0.006,7,0.543163605,0,550,748,10.9352088928223,164.868507395387
"US_DMG",2024,2,1.418872917,NA,0.09,0,0.006,7,0.529764601,0,550,749,9.57023773193362,199.250985689163
"US_DMG",2024,3,1.40985,NA,0.09,0,0.006,7,0.520368952,0,550,750,11.0080696105957,167.93221089673
"US_DMG",2024,4,1.316410417,NA,0.09,0,0.006,7,0.509666085,0,550,751,8.80721817016604,190.281255147695
"US_DMG",2024,5,1.329895833,NA,0.09,0,0.006,7,0.498227909,0,550,752,9.99845275878909,232.925084013939
"US_DMG",2024,6,1.442875,NA,0.09,0,0.006,7,0.484175299,0,550,753,8.6554885864258,172.372796394825
"US_DMG",2024,7,1.489483333,NA,0.09,0,0.006,7,0.475433264,0,550,754,6.95528564453127,190.13958079195
"US_DMG",2024,8,1.496320833,NA,0.09,0,0.006,7,0.458610985,0,550,755,6.16050872802737,207.990485605717
"US_DMG",2024,9,1.517645833,NA,0.09,0,0.006,7,0.444403131,0,550,756,8.99444351196291,126.280093952417
"US_DMG",2024,10,1.584604167,NA,0.09,0,0.006,7,0.423201655,0,550,757,8.83067474365237,79.6074197945594
"US_DMG",2024,11,1.583327083,NA,0.09,0,0.006,7,0.406085247,0,550,758,8.50416717529299,208.880380574465
"US_DMG",2024,12,1.530433333,NA,0.09,0,0.006,7,0.399058942,0,550,759,6.66448364257815,232.013054892063
"US_DMG",2024,13,1.5153125,NA,0.09,0,0.006,7,0.381754614,0,550,760,8.49897537231448,108.110424925327
"US_DMG",2024,14,1.517216667,NA,0.09,0,0.006,7,0.36586372,0,550,761,11.4211288452149,98.4367593396901
"US_DMG",2024,15,1.448291667,NA,0.09,0,0.006,7,0.358657671,0,550,762,10.4607139587403,152.131147506714
"US_DMG",2024,16,1.418508333,NA,0.09,0,0.006,7,0.351958165,0,550,763,9.79420623779299,145.437055429458
"US_DMG",2024,17,1.438739583,NA,0.09,0,0.006,7,0.34198244,0,550,764,12.1112991333008,136.901205232799
"US_DMG",2024,18,1.40865625,NA,0.09,0,0.006,7,0.338714394,0,550,765,10.3762336730957,175.737551570415
"US_DMG",2024,19,1.478952083,NA,0.09,0,0.006,7,0.331197878,0,550,766,10.9655204772949,195.585171153068
"US_DMG",2024,20,1.6768,NA,0.09,0,0.006,7,0.31300301,0,550,767,14.0180221557617,125.744391299248
"US_DMG",2024,21,1.72715625,NA,0.09,0,0.006,7,0.301809935,0,550,768,13.9742294311524,176.096161341906
"US_DMG",2024,22,1.807310417,NA,0.09,0,0.006,7,0.294530358,0,550,769,14.9462715148926,99.0078808968066
"US_DMG",2024,23,1.750995833,NA,0.09,0,0.006,7,0.292569527,0,550,770,13.6333976745606,180.753690320015
"US_DMG",2024,24,1.699845833,NA,0.09,0,0.006,7,0.288247533,0,550,771,12.7259117126465,80.5991339845656
"US_DMG",2024,25,1.671652083,NA,0.09,0,0.006,7,0.283974557,0,550,772,12.8049942016602,173.293678573131
"US_DMG",2024,26,1.598652083,NA,0.09,0,0.006,7,0.276711315,0,550,773,11.4236198425293,218.797551455498
"US_DMG",2024,27,1.549083333,NA,0.09,0,0.006,7,0.270428488,0,550,774,12.0251518249512,191.162292019844
"US_DMG",2024,28,1.552266667,NA,0.09,0,0.006,7,0.2621113,0,550,775,13.3695808410645,233.34124822855
"US_DMG",2024,29,1.558325,NA,0.09,0,0.006,7,0.253263058,0,550,776,13.5173660278321,277.149463182449
"US_DMG",2024,30,1.569910417,NA,0.09,0,0.006,7,0.248467194,0,550,777,14.3555351257324,280.691307711601
"US_DMG",2024,31,1.67094375,NA,0.09,0,0.006,7,0.238221859,0,550,778,15.7026611328125,187.345948811531
"US_DMG",2024,32,1.73415,NA,0.09,0,0.006,7,0.236359069,0,550,779,12.7784248352051,145.702695192993
"US_DMG",2024,33,1.633975,NA,0.09,0,0.006,7,0.240934339,0,550,780,11.5986038208008,247.353683997154
"US_DMG",2024,34,1.57660625,NA,0.09,0,0.006,7,0.236342728,0,550,781,9.49967346191409,268.542775240898
"US_DMG",2024,35,1.657560417,NA,0.09,0,0.006,7,0.21499419,0,550,782,11.4393936157227,118.775810623169
"US_DMG",2024,36,2.033539583,NA,0.09,0,0.006,7,0.197501955,0,550,783,13.4270797729492,206.485207955837
"US_DMG",2024,37,1.897602083,NA,0.09,0,0.006,7,0.209536548,0,550,784,11.304891204834,215.043193754673
"US_DMG",2024,38,1.908097917,NA,0.09,0,0.006,7,0.206546281,0,550,785,9.92622146606448,167.268113976479
"US_DMG",2024,39,1.822229167,NA,0.09,0,0.006,7,0.203596868,0,550,786,8.01326904296877,183.042611392975
"US_DMG",2024,40,1.766566667,NA,0.09,0,0.006,7,0.196456178,0,550,787,7.68862686157229,275.343121131897
"US_DMG",2024,41,1.7322875,NA,0.09,0,0.006,7,0.189601444,0,550,788,8.99174270629885,354.915114084244
"US_DMG",2024,42,1.662764583,NA,0.09,0,0.006,7,0.182681348,0,550,789,8.74931106567385,357.248311023712
"US_DMG",2024,43,1.636010417,NA,0.09,0,0.006,7,0.177762932,0,550,790,9.85460433959963,328.036938398361
"US_DMG",2024,44,1.630272917,NA,0.09,0,0.006,7,0.173813048,0,550,791,10.0324989318848,320.067776363373
"US_DMG",2024,45,1.61209375,NA,0.09,0,0.006,7,0.172158226,0,550,792,11.0915046691895,268.170883364677
"US_DMG",2024,46,1.577285417,NA,0.09,0,0.006,7,0.171308533,0,550,793,12.2767272949219,195.341667999744
"US_DMG",2024,47,1.54050625,NA,0.09,0,0.006,7,0.171047088,0,550,794,12.1492858886719,250.97963886261
"US_DMG",2024,48,1.624427083,NA,0.09,0,0.006,7,0.16788525,0,550,795,11.7870803833008,169.911212268136
"US_DMG",2024,49,1.699835417,NA,0.09,0,0.006,7,0.167141769,0,550,796,13.3677116394043,203.57646257665
"US_DMG",2024,50,1.887522917,NA,0.09,0,0.006,7,0.16257467,0,550,797,15.4257522583008,263.101608705795
"US_DMG",2024,51,1.823291667,NA,0.09,0,0.006,7,0.172738304,0,550,798,13.86318359375,278.570622571541
"US_DMG",2024,52,1.752166667,NA,0.09,0,0.006,7,0.170793816,0,550,799,11.5940376281739,261.760142178392
"US_DMG",2024,53,1.680204167,NA,0.09,0,0.006,7,0.168114015,0,550,800,11.4528900146485,343.111920191478
"US_DMG",2024,54,1.642389583,NA,0.09,0,0.006,7,0.16527898,0,550,801,11.9992080688477,356.150340996019
"US_DMG",2024,55,1.679347917,NA,0.09,0,0.006,7,0.164192354,0,550,802,12.4521232604981,377.39256780155
"US_DMG",2024,56,1.71124375,NA,0.09,0,0.006,7,0.163285469,0,550,803,13.6068283081055,395.602074858054
"US_DMG",2024,57,1.701383333,NA,0.09,0,0.006,7,0.161439021,0,550,804,13.2560440063477,359.098928830519
"US_DMG",2024,58,1.643714583,NA,0.09,0,0.006,7,0.159715126,0,550,805,11.5738998413086,356.469110288888
"US_DMG",2024,59,1.595669792,NA,0.09,0,0.006,7,0.158808241,0,550,806,10.5858741760254,441.429142750353
"US_DMG",2024,60,1.67491875,NA,0.09,0,0.006,7,0.157705276,0,550,807,12.9197784423828,293.459662685096
"US_DMG",2024,61,1.733422917,NA,0.09,0,0.006,7,0.157468343,0,550,808,12.7028709411621,203.204568692237
"US_DMG",2024,62,1.841339583,NA,0.09,0,0.006,7,0.153750935,0,550,809,11.1917701721192,318.748445376128
"US_DMG",2024,63,1.709895833,NA,0.09,0,0.006,7,0.160246184,0,550,810,9.09263000488284,324.999800114512
"US_DMG",2024,64,1.662102083,NA,0.09,0,0.006,7,0.157051666,0,550,811,9.41414413452151,388.119928910792
"US_DMG",2024,65,1.710097917,NA,0.09,0,0.006,7,0.15353851,0,550,812,11.3484855651856,239.681156684518
"US_DMG",2024,66,1.762116667,NA,0.09,0,0.006,7,0.151259046,0,550,813,12.7663856506348,252.130746027142
"US_DMG",2024,67,1.765625,NA,0.09,0,0.006,7,0.148906049,0,550,814,11.7623725891114,310.743876187086
"US_DMG",2024,68,1.66855625,NA,0.09,0,0.006,7,0.146798157,0,550,815,11.2662864685059,453.816751625657
"US_DMG",2024,69,1.65908125,NA,0.09,0,0.006,7,0.1437507,0,550,816,12.4809814453125,430.697344670296
"US_DMG",2024,70,1.668791667,NA,0.09,0,0.006,7,0.14040912,0,550,817,12.6175590515137,368.675183814764
"US_DMG",2024,71,1.69074375,NA,0.09,0,0.006,7,0.137516896,0,550,818,12.9073272705078,285.432947845042
"US_DMG",2024,72,1.645945833,NA,0.09,0,0.006,7,0.136389418,0,550,819,12.5787406921387,173.063465147793
"US_DMG",2024,73,1.60214375,NA,0.09,0,0.006,7,0.134877946,0,550,820,11.8644958496094,412.102651189923
"US_DMG",2024,74,1.549514583,NA,0.09,0,0.006,7,0.13329294,0,550,821,14.4975067138672,523.865617744922
"US_DMG",2024,75,1.59436875,NA,0.09,0,0.006,7,0.130376207,0,550,822,15.8925758361817,531.639966420889
"US_DMG",2024,76,1.652189583,NA,0.09,0,0.006,7,0.127500323,0,550,823,14.4856773376465,525.269084741831
"US_DMG",2024,77,1.631889583,NA,0.09,0,0.006,7,0.126209444,0,550,824,13.7334419250489,525.888889415026
"US_DMG",2024,78,1.5961375,NA,0.09,0,0.006,7,0.127688236,0,550,825,14.0115905761719,510.867037879705
"US_DMG",2024,79,1.601466667,NA,0.09,0,0.006,7,0.125849957,0,550,826,14.9989944458008,519.876607175112
"US_DMG",2024,80,1.583491667,NA,0.09,0,0.006,7,0.127336921,0,550,827,14.447900390625,530.661529799461
"US_DMG",2024,81,1.54298125,NA,0.09,0,0.006,7,0.127222539,0,550,828,14.7223106384278,536.386037051677
"US_DMG",2024,82,1.54816875,NA,0.09,0,0.006,7,0.12736143,0,550,829,15.2393585205078,504.44300434494
"US_DMG",2024,83,1.6163375,NA,0.09,0,0.006,7,0.126086892,0,550,830,13.2753463745117,378.579081915379
"US_DMG",2024,84,1.619916667,NA,0.09,0,0.006,7,0.12602153,0,550,831,11.6957374572754,395.827877584457
"US_DMG",2024,85,1.533647917,NA,0.09,0,0.006,7,0.12603787,0,550,832,12.8411155700684,444.081098012447
"US_DMG",2024,86,1.50255,NA,0.09,0,0.006,7,0.128096742,0,550,833,12.8157859802246,394.539525774002
"US_DMG",2024,87,1.471702083,NA,0.09,0,0.006,7,0.129101668,0,550,834,12.6659294128418,442.438576063156
"US_DMG",2024,88,1.521316667,NA,0.09,0,0.006,7,0.128554269,0,550,835,13.2307182312012,367.519663383961
"US_DMG",2024,89,1.542041667,NA,0.09,0,0.006,7,0.129681746,0,550,836,11.5093437194824,316.986370655298
"US_DMG",2024,90,1.639997917,NA,0.09,0,0.006,7,0.127663725,0,550,837,11.2581916809082,316.384267306805
"US_DMG",2024,91,1.694566667,NA,0.09,0,0.006,7,0.131658916,0,550,838,12.2808776855469,523.312192094326
"US_DMG",2024,92,1.65801102975,NA,0.09,0,0.006,7,0.133587066,0,550,839,13.1097045898438,499.404741774559
"US_DMG",2024,93,1.6214553925,NA,0.09,0,0.006,7,0.133243923,0,550,840,15.2742286682129,592.457900922775
"US_DMG",2024,94,1.58489975525,NA,0.09,0,0.006,7,0.130850074,0,550,841,15.6596885681153,567.22666237402
"US_DMG",2024,95,1.548344118,NA,0.09,0,0.006,7,0.123693046,0,550,842,11.3387275695801,414.130362366676
"US_DMG",2024,96,1.51178848075,NA,0.09,0,0.006,7,0.127647385,0,550,843,7.98482666015627,435.244195322513
"US_DMG",2024,97,1.4752328435,NA,0.09,0,0.006,7,0.128848394,0,550,844,9.21260223388674,489.974572916031
"US_DMG",2024,98,1.43867720625,NA,0.09,0,0.006,7,0.127892489,0,550,845,11.6426063537598,550.965165203094
"US_DMG",2024,99,1.402121569,NA,0.09,0,0.006,7,0.12603787,0,550,846,12.8087326049805,585.228104428291
"US_DMG",2024,100,1.36556593175,NA,0.09,0,0.006,7,0.124028019,0,550,847,14.7586303710938,623.134706647873
"US_DMG",2024,101,1.3290102945,NA,0.09,0,0.006,7,0.122630927,0,550,848,16.3575378417969,615.453324136734
"US_DMG",2024,102,1.29245465725,NA,0.09,0,0.006,7,0.121813915,0,550,849,18.4502426147461,615.745527920723
"US_DMG",2024,103,1.25589902,NA,0.09,0,0.006,7,0.119068754,0,550,850,17.4273391723633,624.657695450783
"US_DMG",2024,104,1.21934338275,NA,0.09,0,0.006,7,0.117361198,0,550,851,12.5818572998047,281.820277793407
"US_DMG",2024,105,1.1827877455,NA,0.09,0,0.006,7,0.120956053,0,550,852,9.62150726318362,327.266590940475
"US_DMG",2024,106,1.14623210825,NA,0.09,0,0.006,7,0.122508377,0,550,853,13.3596130371094,499.891742033005
"US_DMG",2024,107,1.109676471,NA,0.09,0,0.006,7,0.125592047,0,550,854,15.107137298584,546.998289290428
"US_DMG",2024,108,1.356025,NA,0.09,0,0.006,7,0.12732355,0,550,855,17.1008430480957,614.178261235237
"US_DMG",2024,109,1.374697917,NA,0.09,0,0.006,7,0.1294056,0,550,856,18.7717681884766,615.949178963661
"US_DMG",2024,110,1.44109375,NA,0.09,0,0.006,7,0.125203228,0,550,857,17.5047737121582,622.55916272068
"US_DMG",2024,111,1.42600625,NA,0.09,0,0.006,7,0.129619112,0,550,858,16.9862609863281,635.296513915062
"US_DMG",2024,112,1.35675,NA,0.09,0,0.006,7,0.131417176,0,550,859,17.7577987670899,663.994338705063
"US_DMG",2024,113,1.440116667,NA,0.09,0,0.006,7,0.132316854,0,550,860,20.2453018188477,662.387208316803
"US_DMG",2024,114,1.530825,NA,0.09,0,0.006,7,0.12887439,0,550,861,16.9794097900391,599.88689799118
"US_DMG",2024,115,1.452558333,NA,0.09,0,0.006,7,0.128296327,0,550,862,15.5226913452149,528.855184724808
"US_DMG",2024,116,1.456260417,NA,0.09,0,0.006,7,0.128934996,0,550,863,15.2289825439453,561.555291604996
"US_DMG",2024,117,1.521066667,NA,0.09,0,0.006,7,0.125803272,0,550,864,15.9905563354492,488.823461876869
"US_DMG",2024,118,1.462225,NA,0.09,0,0.006,7,0.117924937,0,550,865,14.7287422180176,637.550000585556
"US_DMG",2024,119,1.424425,NA,0.09,0,0.006,7,0.127116328,0,550,866,16.1974998474121,675.447767389297
"US_DMG",2024,120,1.428535417,NA,0.09,0,0.006,7,0.124468037,0,550,867,16.6792617797852,693.16584762764
"US_DMG",2024,121,1.373172917,NA,0.09,0,0.006,7,0.123422264,0,550,868,16.3587776184082,704.871681915283
"US_DMG",2024,122,1.311804167,NA,0.09,0,0.006,7,0.127810788,0,550,869,17.3773170471192,713.420779880524
"US_DMG",2024,123,1.29648125,NA,0.09,0,0.006,7,0.125999354,0,550,870,18.8604103088379,705.110720991134
"US_DMG",2024,124,1.30184375,NA,0.09,0,0.006,7,0.121370551,0,550,871,18.6434913635254,690.79283335495
"US_DMG",2024,125,1.372922917,NA,0.09,0,0.006,7,0.117941277,0,550,872,15.6304183959961,309.362547123432
"US_DMG",2024,126,1.378179167,NA,0.09,0,0.006,7,0.118750119,0,550,873,11.4412742614746,459.767053272247
"US_DMG",2024,127,1.362833333,NA,0.09,0,0.006,7,0.120220742,0,550,874,13.1088729858399,636.615853691101
"US_DMG",2024,128,1.38925625,NA,0.09,0,0.006,7,0.118112849,0,550,875,15.4979835510254,708.825240694046
"US_DMG",2024,129,1.4197625,NA,0.09,0,0.006,7,0.117320348,0,550,876,18.7111564636231,728.048607654571
"US_DMG",2024,130,1.444654167,NA,0.09,0,0.006,7,0.115269646,0,550,877,21.2926918029785,728.469213769912
"US_DMG",2024,131,1.4963375,NA,0.09,0,0.006,7,0.113382347,0,550,878,21.2293830871582,720.234420728683
"US_DMG",2024,132,1.53191875,NA,0.09,0,0.006,7,0.112361081,0,550,879,21.8925682067871,709.396378505707
"US_DMG",2024,133,1.560420833,NA,0.09,0,0.006,7,0.111274454,0,550,880,20.6824394226074,706.585028843664
"US_DMG",2024,134,1.51259375,NA,0.09,0,0.006,7,0.11227938,0,550,881,18.9764305114746,717.108737917684
"US_DMG",2024,135,1.489879167,NA,0.09,0,0.006,7,0.110057105,0,550,882,18.7165542602539,708.072598410881
"US_DMG",2024,136,1.490408333,NA,0.09,0,0.006,7,0.108431252,0,550,883,19.3280540466309,685.96704927358
"US_DMG",2024,137,1.479733333,NA,0.09,0,0.006,7,0.109011329,0,550,884,18.9365821838379,682.677558983399
"US_DMG",2024,138,1.39458125,NA,0.09,0,0.006,7,0.110016256,0,550,885,17.5904937744141,681.911634801244
"US_DMG",2024,139,1.443252083,NA,0.09,0,0.006,7,0.108145296,0,550,886,18.2030235290528,706.447787300594
"US_DMG",2024,140,1.416027083,NA,0.09,0,0.006,7,0.10769594,0,550,887,17.9223953247071,735.521924238134
"US_DMG",2024,141,1.39541875,NA,0.09,0,0.006,7,0.109485196,0,550,888,18.0021034240723,737.948086157203
"US_DMG",2024,142,1.4171875,NA,0.09,0,0.006,7,0.109493367,0,550,889,19.4278923034668,750.94663915202
"US_DMG",2024,143,1.4471875,NA,0.09,0,0.006,7,0.108529292,0,550,890,20.1552215576172,742.826971700467
"US_DMG",2024,144,1.47261875,NA,0.09,0,0.006,7,0.106878927,0,550,891,19.6171928405762,737.49206398876
"US_DMG",2024,145,1.49251875,NA,0.09,0,0.006,7,0.104329849,0,550,892,17.4055496215821,709.653147509217
"US_DMG",2024,146,1.506014583,NA,0.09,0,0.006,7,0.101936002,0,550,893,15.6314598083496,644.753245234743
"US_DMG",2024,147,1.460854167,NA,0.09,0,0.006,7,0.101797111,0,550,894,16.3293090820313,703.592163362846
"US_DMG",2024,148,1.466808333,NA,0.09,0,0.006,7,0.0998036,0,550,895,19.4538436889649,737.341532670453
"US_DMG",2024,149,1.445745833,NA,0.09,0,0.006,7,0.098439189,0,550,896,18.7802825927735,741.773264450595
"US_DMG",2024,150,1.37468125,NA,0.09,0,0.006,7,0.096968566,0,550,897,20.2685485839844,746.00576445502
"US_DMG",2024,151,1.305739583,NA,0.09,0,0.006,7,0.096796993,0,550,898,22.7232528686524,750.725285902351
"US_DMG",2024,152,1.314483333,NA,0.09,0,0.006,7,0.094599229,0,550,899,23.9466682434082,743.105879416883
"US_DMG",2024,153,1.356010417,NA,0.09,0,0.006,7,0.093504432,0,550,900,21.1606727600098,749.383814934283
"US_DMG",2024,154,1.36404375,NA,0.09,0,0.006,7,0.093292009,0,550,901,19.477914428711,725.741994234711
"US_DMG",2024,155,1.4107625,NA,0.09,0,0.006,7,0.092344275,0,550,902,21.0126815795899,630.293661144823
"US_DMG",2024,156,1.423710417,NA,0.09,0,0.006,7,0.091086076,0,550,903,21.9442573547364,695.096155337989
"US_DMG",2024,157,1.454247917,NA,0.09,0,0.006,7,0.089206948,0,550,904,27.6826988220215,736.394086802453
"US_DMG",2024,158,1.53968125,NA,0.09,0,0.006,7,0.086617018,0,550,905,27.1650177001953,739.475496952176
"US_DMG",2024,159,1.621441667,NA,0.09,0,0.006,7,0.084419255,0,550,906,23.3582092285156,743.641591772377
"US_DMG",2024,160,1.603908333,NA,0.09,0,0.006,7,0.084255852,0,550,907,19.7060333251953,708.555192798912
"US_DMG",2024,161,1.54695625,NA,0.09,0,0.006,7,0.085301627,0,550,908,19.5343757629395,720.823238066316
"US_DMG",2024,162,1.485622917,NA,0.09,0,0.006,7,0.085391498,0,550,909,19.9891563415528,739.953658235162
"US_DMG",2024,163,1.460229167,NA,0.09,0,0.006,7,0.083621069,0,550,910,24.1899391174317,742.109747896969
"US_DMG",2024,164,1.44576875,NA,0.09,0,0.006,7,0.083071184,0,550,911,26.3731513977051,745.151310440957
"US_DMG",2024,165,1.467466667,NA,0.09,0,0.006,7,0.081755794,0,550,912,20.8111320495606,749.401527630865
"US_DMG",2024,166,1.322539583,NA,0.09,0,0.006,7,0.084370233,0,550,913,19.1296134948731,756.440919779956
"US_DMG",2024,167,1.265733333,NA,0.09,0,0.006,7,0.085130055,0,550,914,21.0232711791992,764.923655040145
"US_DMG",2024,168,1.293272917,NA,0.09,0,0.006,7,0.085612092,0,550,915,21.6883178710938,766.03049834007
"US_DMG",2024,169,1.34190625,NA,0.09,0,0.006,7,0.085783664,0,550,916,21.7537017822266,760.00047880125
"US_DMG",2024,170,1.36945,NA,0.09,0,0.006,7,0.086383279,0,550,917,22.7728706359864,763.511345886171
"US_DMG",2024,171,1.454829167,NA,0.09,0,0.006,7,0.085358818,0,550,918,20.163102722168,720.384924074054
"US_DMG",2024,172,1.509247917,NA,0.09,0,0.006,7,0.085056523,0,550,919,18.7437492370606,750.39323400861
"US_DMG",2024,173,1.54485625,NA,0.09,0,0.006,7,0.085203586,0,550,920,19.7431961059571,745.536474971592
"US_DMG",2024,174,1.56536875,NA,0.09,0,0.006,7,0.086657868,0,550,921,23.1060157775879,755.675026571214
"US_DMG",2024,175,1.561447917,NA,0.09,0,0.006,7,0.088496144,0,550,922,26.4055267333985,755.219008356154
"US_DMG",2024,176,1.546610417,NA,0.09,0,0.006,7,0.090113829,0,550,923,25.4322410583496,756.10445720303
"US_DMG",2024,177,1.504279167,NA,0.09,0,0.006,7,0.090849141,0,550,924,25.9949546813965,707.833537088394
"US_DMG",2024,178,1.459729167,NA,0.09,0,0.006,7,0.090383444,0,550,925,23.3233352661133,690.983200403094
"US_DMG",2024,179,1.370820833,NA,0.09,0,0.006,7,0.089852388,0,550,926,21.6316543579102,752.403247640788
"US_DMG",2024,180,1.34266875,NA,0.09,0,0.006,7,0.089084393,0,550,927,22.4598518371582,761.06746520263
"US_DMG",2024,181,1.35326875,NA,0.09,0,0.006,7,0.089345838,0,550,928,24.0851150512696,751.522187835872
"US_DMG",2024,182,1.340916667,NA,0.09,0,0.006,7,0.090309913,0,550,929,25.8091827392578,743.818701097608
"US_DMG",2024,183,1.380754167,NA,0.09,0,0.006,7,0.09135569,0,550,930,25.3973670959473,749.087167264998
"US_DMG",2024,184,1.4198875,NA,0.09,0,0.006,7,0.093079587,0,550,931,28.2047325134278,758.136607004404
"US_DMG",2024,185,1.470314583,NA,0.09,0,0.006,7,0.096494699,0,550,932,29.9543319702149,760.469787815332
"US_DMG",2024,186,1.504558333,NA,0.09,0,0.006,7,0.102875566,0,550,933,29.5618186950684,752.540477260709
"US_DMG",2024,187,1.50875,NA,0.09,0,0.006,7,0.110065277,0,550,934,28.3049942016602,753.802269334853
"US_DMG",2024,188,1.53331875,NA,0.09,0,0.006,7,0.118357953,0,550,935,28.3992286682129,744.708566959381
"US_DMG",2024,189,1.534516667,NA,0.09,0,0.006,7,0.124240444,0,550,936,28.8625236511231,741.188873845935
"US_DMG",2024,190,1.515022917,NA,0.09,0,0.006,7,0.130417058,0,550,937,25.4621330261231,747.081613300144
"US_DMG",2024,191,1.489102083,NA,0.09,0,0.006,7,0.134420418,0,550,938,23.8163124084473,737.655864606619
"US_DMG",2024,192,1.429797917,NA,0.09,0,0.006,7,0.134984157,0,550,939,23.6994529724121,730.049753739834
"US_DMG",2024,193,1.352139583,NA,0.09,0,0.006,7,0.135540435,0,550,940,28.5561462402344,742.486061702251
"US_DMG",2024,194,1.3407,NA,0.09,0,0.006,7,0.138325737,0,550,941,29.5805030822754,738.408498517394
"US_DMG",2024,195,1.462596875,NA,0.09,0,0.006,7,0.14308075,0,550,942,26.4985214233399,690.230559121072
"US_DMG",2024,196,1.494083333,NA,0.09,0,0.006,7,0.152027038,0,550,943,23.6865821838379,679.892789810955
"US_DMG",2024,197,1.541164583,NA,0.09,0,0.006,7,0.158628499,0,550,944,22.088510131836,692.590315670848
"US_DMG",2024,198,1.577048125,NA,0.09,0,0.006,7,0.166814964,0,550,945,21.0220199584961,711.286819615185
"US_DMG",2024,199,1.567823542,NA,0.09,0,0.006,7,0.165178605,0,550,946,19.4517608642578,732.90096035555
"US_DMG",2024,200,1.587693958,NA,0.09,0,0.006,7,0.162149823,0,550,947,23.018628692627,735.552893346399
"US_DMG",2024,201,1.598004167,NA,0.09,0,0.006,7,0.157713445,0,550,948,25.7247062683106,725.790695085883
"US_DMG",2024,202,1.638689583,NA,0.09,0,0.006,7,0.157068005,0,550,949,26.7739654541016,725.640157246858
"US_DMG",2024,203,1.657297917,NA,0.09,0,0.006,7,0.155842486,0,550,950,22.8868194580078,716.79883612448
"US_DMG",2024,204,1.6462375,NA,0.09,0,0.006,7,0.157239577,0,550,951,23.9140830993653,713.721847210795
"US_DMG",2024,205,1.605254167,NA,0.09,0,0.006,7,0.156332694,0,550,952,28.2356582641602,700.444359085768
"US_DMG",2024,206,1.57491875,NA,0.09,0,0.006,7,0.153895509,0,550,953,29.4055191040039,700.608160317898
"US_DMG",2024,207,1.526641667,NA,0.09,0,0.006,7,0.152876731,0,550,954,27.3615966796875,706.292825414062
"US_DMG",2024,208,1.50824375,NA,0.09,0,0.006,7,0.152484566,0,550,955,25.9694229125977,723.422080849022
"US_DMG",2024,209,1.497064583,NA,0.09,0,0.006,7,0.154224802,0,550,956,19.8934761047364,699.811242791355
"US_DMG",2024,210,1.47005625,NA,0.09,0,0.006,7,0.155164369,0,550,957,17.9784370422364,699.660700872943
"US_DMG",2024,211,1.518008958,NA,0.09,0,0.006,7,0.158465096,0,550,958,20.3513694763184,697.305391594827
"US_DMG",2024,212,1.562228542,NA,0.09,0,0.006,7,0.16102252,0,550,959,21.0195289611817,694.463054809853
"US_DMG",2024,213,1.590929583,NA,0.09,0,0.006,7,0.160875283,0,550,960,21.9967666625977,689.150279298208
"US_DMG",2024,214,1.606228333,NA,0.09,0,0.006,7,0.164743923,0,550,961,23.4777732849121,693.900795515351
"US_DMG",2024,215,1.569324792,NA,0.09,0,0.006,7,0.166161353,0,550,962,24.581201171875,664.012035233728
"US_DMG",2024,216,1.557594583,NA,0.09,0,0.006,7,0.166014293,0,550,963,26.363599395752,537.258213748157
"US_DMG",2024,217,1.598364583,NA,0.09,0,0.006,7,0.169508325,0,550,964,25.0210472106934,684.09871940415
"US_DMG",2024,218,1.576561042,NA,0.09,0,0.006,7,0.170916367,0,550,965,22.668042755127,683.877365205511
"US_DMG",2024,219,1.52919125,NA,0.09,0,0.006,7,0.171036195,0,550,966,22.8293243408203,693.852092976903
"US_DMG",2024,220,1.509362083,NA,0.09,0,0.006,7,0.169470254,0,550,967,25.6910758972168,687.109294655889
"US_DMG",2024,221,1.54397625,NA,0.09,0,0.006,7,0.171962142,0,550,968,23.7262321472168,679.759976582802
"US_DMG",2024,222,1.527589583,NA,0.09,0,0.006,7,0.175891973,0,550,969,22.3313690185547,672.910932534955
"US_DMG",2024,223,1.471645,NA,0.09,0,0.006,7,0.177460636,0,550,970,22.2101455688477,656.552029542923
"US_DMG",2024,224,1.465266667,NA,0.09,0,0.006,7,0.179372446,0,550,971,22.8668991088867,623.621694809913
"US_DMG",2024,225,1.482238125,NA,0.09,0,0.006,7,0.184642177,0,550,972,20.9464736938477,591.014577027321
"US_DMG",2024,226,1.514731875,NA,0.09,0,0.006,7,0.185311038,0,550,973,21.077237701416,672.251263127327
"US_DMG",2024,227,1.547416875,NA,0.09,0,0.006,7,0.185026172,0,550,974,22.367276763916,671.073596446991
"US_DMG",2024,228,1.549690417,NA,0.09,0,0.006,7,0.184233671,0,550,975,22.9343544006348,668.24454064846
"US_DMG",2024,229,1.571280417,NA,0.09,0,0.006,7,0.172773193,0,550,976,22.9879127502442,664.596441297531
"US_DMG",2024,230,1.604817917,NA,0.09,0,0.006,7,0.158767096,0,550,977,22.5291725158692,639.511317745209
"US_DMG",2024,231,1.574375417,NA,0.09,0,0.006,7,0.161226304,0,550,978,20.9585052490235,603.003732305527
"US_DMG",2024,232,1.5455275,NA,0.09,0,0.006,7,0.160678905,0,550,979,21.1270500183106,654.037296813011
"US_DMG",2024,233,1.521655208,NA,0.09,0,0.006,7,0.158936229,0,550,980,22.422494506836,658.097158799171
"US_DMG",2024,234,1.519572917,NA,0.09,0,0.006,7,0.159572479,0,550,981,22.8008934020996,650.836377363205
"US_DMG",2024,235,1.495164167,NA,0.09,0,0.006,7,0.152704864,0,550,982,20.8565879821778,636.133274668693
"US_DMG",2024,236,1.467828958,NA,0.09,0,0.006,7,0.153865021,0,550,983,19.4324584960938,618.800389328003
"US_DMG",2024,237,1.430703875,NA,0.09,0,0.006,7,0.153971231,0,550,984,20.045613861084,421.147650729656
"US_DMG",2024,238,1.380885,NA,0.09,0,0.006,7,0.155368323,0,550,985,20.6757942199707,575.120560072899
"US_DMG",2024,239,1.464300625,NA,0.09,0,0.006,7,0.156242528,0,550,986,22.9551101684571,636.633570892334
"US_DMG",2024,240,1.537833125,NA,0.09,0,0.006,7,0.15851382,0,550,987,24.6607032775879,630.151973338127
"US_DMG",2024,241,1.575860417,NA,0.09,0,0.006,7,0.165986028,0,550,988,25.8853584289551,627.539870595932
"US_DMG",2024,242,1.90045,NA,0.09,0,0.006,7,0.175430691,0,550,989,23.0692726135254,611.822933922768
"US_DMG",2024,243,1.8963490967037,NA,0.09,0,0.006,7,0.176381887,0,550,990,22.0540557861328,616.692970780372
"US_DMG",2024,244,1.89224819340741,NA,0.09,0,0.006,7,0.178171144,0,550,991,22.6923347473145,611.234115199089
"US_DMG",2024,245,1.88814729011111,NA,0.09,0,0.006,7,0.18114507,0,550,992,22.0316368103028,604.956175744057
"US_DMG",2024,246,1.88404638681481,NA,0.09,0,0.006,7,0.18254216,0,550,993,21.9936538696289,608.520163750648
"US_DMG",2024,247,1.87994548351852,NA,0.09,0,0.006,7,0.179306791,0,550,994,22.6634803771973,607.572716858864
"US_DMG",2024,248,1.87584458022222,NA,0.09,0,0.006,7,0.175540364,0,550,995,26.0534873962403,600.697110159874
"US_DMG",2024,249,1.87174367692593,NA,0.09,0,0.006,7,0.179662816,0,550,996,25.6669975280762,592.612838734627
"US_DMG",2024,250,1.86764277362963,NA,0.09,0,0.006,7,0.175679255,0,550,997,26.2948928833008,587.716241195679
"US_DMG",2024,251,1.86354187033333,NA,0.09,0,0.006,7,0.176929284,0,550,998,25.6954399108887,585.551290129662
"US_DMG",2024,252,1.85944096703704,NA,0.09,0,0.006,7,0.180377076,0,550,999,25.1592918395996,586.15783613491
"US_DMG",2024,253,1.85534006374074,NA,0.09,0,0.006,7,0.182648373,0,550,1000,25.3755661010742,577.661826267242
"US_DMG",2024,254,1.85123916044444,NA,0.09,0,0.006,7,0.188342949,0,550,1001,21.6430679321289,560.966450704574
"US_DMG",2024,255,1.84713825714815,NA,0.09,0,0.006,7,0.184641883,0,550,1002,19.3243194580078,568.337920294761
"US_DMG",2024,256,1.84303735385185,NA,0.09,0,0.006,7,0.088473916,0,550,1003,20.8549247741699,565.190094486713
"US_DMG",2024,257,1.83893645055556,NA,0.09,0,0.006,7,0,0,550,1004,21.9747634887696,566.172963180542
"US_DMG",2024,258,1.83483554725926,NA,0.09,0,0.006,7,0,0,550,1005,22.0376564025879,559.106984267235
"US_DMG",2024,259,1.83073464396296,NA,0.09,0,0.006,7,0,0,550,1006,20.2118812561035,547.857175880909
"US_DMG",2024,260,1.82663374066667,NA,0.09,0,0.006,7,0,0,550,1007,17.5352836608887,442.270324141502
"US_DMG",2024,261,1.82253283737037,NA,0.09,0,0.006,7,0,0,550,1008,18.1432510375977,429.975690786838
"US_DMG",2024,262,1.81843193407407,NA,0.09,0,0.006,7,0,0,550,1009,18.5592208862305,409.030090600014
"US_DMG",2024,263,1.81433103077778,NA,0.09,0,0.006,7,0,0,550,1010,19.8660751342774,447.401577825546
"US_DMG",2024,264,1.81023012748148,NA,0.09,0,0.006,7,0,0,550,1011,20.1473251342774,497.279636266708
"US_DMG",2024,265,1.80612922418519,NA,0.09,0,0.006,7,0,0,550,1012,20.4808898925781,515.387329110622
"US_DMG",2024,266,1.80202832088889,NA,0.09,0,0.006,7,0,0,550,1013,21.4340492248535,510.247215313911
"US_DMG",2024,267,1.79792741759259,NA,0.09,0,0.006,7,0,0,550,1014,22.3959175109864,511.624098192692
"US_DMG",2024,268,1.7938265142963,NA,0.09,0,0.006,7,0,0,550,1015,25.9353881835938,512.691092847347
"US_DMG",2024,269,1.789725611,NA,0.09,0,0.006,7,0.107270833,0,550,1016,22.8888984680176,500.763930132866
"US_DMG",2024,270,1.615749189,NA,0.09,0,0.006,7,0.255166667,0,550,1017,19.2630821228028,484.378455898762
"US_DMG",2024,271,1.44497375,NA,0.09,0,0.006,7,0.252708333,0,550,1018,21.1820579528809,503.628395133018
"US_DMG",2024,272,1.503500417,NA,0.09,0,0.006,7,0.248291667,0,550,1019,22.7373710632324,492.861172321319
"US_DMG",2024,273,1.523745417,NA,0.09,0,0.006,7,0.245270833,0,550,1020,19.713712310791,483.873746503353
"US_DMG",2024,274,1.458204583,NA,0.09,0,0.006,7,0.242229167,0,550,1021,20.9919181823731,489.266196853161
"US_DMG",2024,275,1.412011458,NA,0.09,0,0.006,7,0.2358125,0,550,1022,24.4105850219727,484.675082430839
"US_DMG",2024,276,1.427663542,NA,0.09,0,0.006,7,0.2268125,0,550,1023,26.5124259948731,476.940579565048
"US_DMG",2024,277,1.438099792,NA,0.09,0,0.006,7,0.223583333,0,550,1024,26.5531135559082,472.947139442921
"US_DMG",2024,278,1.465736136,NA,0.09,0,0.006,7,0.223958333,0,550,1025,26.0732093811035,436.22262891984
"US_DMG",2024,279,1.413071667,NA,0.09,0,0.006,7,0.224625,0,550,1026,25.7792907714844,455.534539801121
"US_DMG",2024,280,1.43751125,NA,0.09,0,0.006,7,0.225625,0,550,1027,26.8505607604981,452.701064782619
"US_DMG",2024,281,1.447218837,NA,0.09,0,0.006,7,0.206554216,0,550,1028,27.025537109375,445.927281589031
"US_DMG",2024,282,1.483812683,NA,0.09,0,0.006,7,0.209185233,0,550,1029,25.0123306274414,449.628519943237
"US_DMG",2024,283,1.559611458,NA,0.09,0,0.006,7,0.218662576,0,550,1030,21.5297409057617,438.073234740496
"US_DMG",2024,284,1.528003542,NA,0.09,0,0.006,7,0.228869278,0,550,1031,20.3561416625977,389.182478073597
"US_DMG",2024,285,1.511364583,NA,0.09,0,0.006,7,0.249458333,0,550,1032,18.5590148925781,396.275034048796
"US_DMG",2024,286,1.452970833,NA,0.09,0,0.006,7,0.2598125,0,550,1033,18.9938674926758,399.989542915344
"US_DMG",2024,287,1.418132292,NA,0.09,0,0.006,7,0.262333333,0,550,1034,20.8669715881348,382.953267978191
"US_DMG",2024,288,1.432283333,NA,0.09,0,0.006,7,0.2688125,0,550,1035,20.1332107543946,395.863292078257
"US_DMG",2024,289,1.42995625,NA,0.09,0,0.006,7,0.2714375,0,550,1036,19.4011131286621,408.98140433383
"US_DMG",2024,290,1.464485417,NA,0.09,0,0.006,7,0.2713125,0,550,1037,19.6663948059082,266.063486741781
"US_DMG",2024,291,1.494254167,NA,0.09,0,0.006,7,0.270176871,0,550,1038,17.8833709716797,322.369976516962
"US_DMG",2024,292,1.450795833,NA,0.09,0,0.006,7,0.239406525,0,550,1039,18.0932289123535,388.000396205425
"US_DMG",2024,293,1.430866667,NA,0.09,0,0.006,7,0.236105794,0,550,1040,18.3311019897461,412.173499960184
"US_DMG",2024,294,1.464779167,NA,0.09,0,0.006,7,0.241375526,0,550,1041,16.8708511352539,406.794306640267
"US_DMG",2024,295,1.496764583,NA,0.09,0,0.006,7,0.254366025,0,550,1042,17.895825958252,393.69391019988
"US_DMG",2024,296,1.478658333,NA,0.09,0,0.006,7,0.261907049,0,550,1043,16.7986160278321,364.159333602548
"US_DMG",2024,297,1.425783333,NA,0.09,0,0.006,7,0.267646818,0,550,1044,16.3635536193848,381.071653149247
"US_DMG",2024,298,1.3643375,NA,0.09,0,0.006,7,0.275208333,0,550,1045,17.3436943054199,383.515527658582
"US_DMG",2024,299,1.348008542,NA,0.09,0,0.006,7,0.271770833,0,550,1046,16.219499206543,347.291302018762
"US_DMG",2024,300,1.324116042,NA,0.09,0,0.006,7,0.274666667,0,550,1047,15.9774833679199,352.320725267172
"US_DMG",2024,301,1.3343875,NA,0.09,0,0.006,7,0.280604167,0,550,1048,18.8956886291504,266.063485733747
"US_DMG",2024,302,1.36329375,NA,0.09,0,0.006,7,0.2888125,0,550,1049,16.7807632446289,327.780152321279
"US_DMG",2024,303,1.351733333,NA,0.09,0,0.006,7,0.3005625,0,550,1050,13.8949371337891,352.648338693797
"US_DMG",2024,304,1.32596875,NA,0.09,0,0.006,7,0.306645833,0,550,1051,12.6935287475586,345.462825563073
"US_DMG",2024,305,1.29019375,NA,0.09,0,0.006,7,0.315270833,0,550,1052,14.263990020752,235.360104758069
"US_DMG",2024,306,1.3121225,NA,0.09,0,0.006,7,0.329041667,0,550,1053,13.4181571960449,299.051348322988
"US_DMG",2024,307,1.379565625,NA,0.09,0,0.006,7,0.347020833,0,550,1054,15.0757919311524,275.219149392396
"US_DMG",2024,308,1.338569583,NA,0.09,0,0.006,7,0.35075,0,550,1055,14.47841796875,319.151335266769
"US_DMG",2024,309,1.309647917,NA,0.09,0,0.006,7,0.344,0,550,1056,15.8755584716797,338.383552984148
"US_DMG",2024,310,1.350947083,NA,0.09,0,0.006,7,0.334,0,550,1057,14.5618606567383,321.7855813604
"US_DMG",2024,311,1.342185208,NA,0.09,0,0.006,7,0.338645833,0,550,1058,17.4140640258789,335.151613815695
"US_DMG",2024,312,1.323734167,NA,0.09,0,0.006,7,0.3216875,0,550,1059,13.7921882629395,331.007652770609
"US_DMG",2024,313,1.301007083,NA,0.09,0,0.006,7,0.32125,0,550,1060,12.9592147827149,325.97824001205
"US_DMG",2024,314,1.273713542,NA,0.09,0,0.006,7,0.323104167,0,550,1061,12.6721473693848,321.581913275391
"US_DMG",2024,315,1.245365833,NA,0.09,0,0.006,7,0.325291667,0,550,1062,12.6733947753906,317.845276177913
"US_DMG",2024,316,1.2628525,NA,0.09,0,0.006,7,0.3373125,0,550,1063,13.4912162780762,156.983474928096
"US_DMG",2024,317,1.240860625,NA,0.09,0,0.006,7,0.3463125,0,550,1064,10.6228233337403,190.422927062109
"US_DMG",2024,318,1.252833958,NA,0.09,0,0.006,7,0.3579375,0,550,1065,10.7313743591309,265.324124012746
"US_DMG",2024,319,1.315113333,NA,0.09,0,0.006,7,0.39375,0,550,1066,13.4235473632813,220.701287585139
"US_DMG",2024,320,1.403837083,NA,0.09,0,0.006,7,0.4455,0,550,1067,11.5130859375,246.074191090513
"US_DMG",2024,321,1.387313542,NA,0.09,0,0.006,7,0.475291667,0,550,1068,10.385572052002,275.289988688715
"US_DMG",2024,322,1.396014167,NA,0.09,0,0.006,7,0.484583333,0,550,1069,8.95666656494143,211.740415429687
"US_DMG",2024,323,1.411979583,NA,0.09,0,0.006,7,0.508333333,0,550,1070,12.5658737182617,244.511344406618
"US_DMG",2024,324,1.356187708,NA,0.09,0,0.006,7,0.508104167,0,550,1071,8.91494903564455,242.833403672493
"US_DMG",2024,325,1.405793333,NA,0.09,0,0.006,7,0.5283125,0,550,1072,13.1829772949219,113.538303023003
"US_DMG",2024,326,1.417680417,NA,0.09,0,0.006,7,0.54025,0,550,1073,15.0085464477539,92.3713467907905
"US_DMG",2024,327,1.383663542,NA,0.09,0,0.006,7,0.548625,0,550,1074,16.399259185791,81.5377267488836
"US_DMG",2024,328,1.337917708,NA,0.09,0,0.006,7,0.556458333,0,550,1075,14.4726005554199,153.295532491833
"US_DMG",2024,329,1.262226667,NA,0.09,0,0.006,7,0.561229167,0,550,1076,11.1145454406739,236.604174606562
"US_DMG",2024,330,1.276692292,NA,0.09,0,0.006,7,0.578395833,0,550,1077,12.1781326293946,142.563736868858
"US_DMG",2024,331,1.331358333,NA,0.09,0,0.006,7,0.605166667,0,550,1078,13.2294746398926,83.7602324785291
"US_DMG",2024,332,1.3261025,NA,0.09,0,0.006,7,0.607104167,0,550,1079,10.4843727111817,244.498064997196
"US_DMG",2024,333,1.34341125,NA,0.09,0,0.006,7,0.595125,0,550,1080,8.07117614746096,271.460374456167
"US_DMG",2024,334,1.35931875,NA,0.09,0,0.006,7,0.573916667,0,550,1081,8.0962959289551,256.102034954071
"US_DMG",2024,335,1.356753333,NA,0.09,0,0.006,7,0.511458333,0,550,1082,8.52741775512698,253.330544183016
"US_DMG",2024,336,1.401349375,NA,0.09,0,0.006,7,0.475666667,0,550,1083,9.76867828369143,203.943928657055
"US_DMG",2024,337,1.442941458,NA,0.09,0,0.006,7,0.464854167,0,550,1084,11.1996551513672,241.323686572075
"US_DMG",2024,338,1.449345833,NA,0.09,0,0.006,7,0.4443125,0,550,1085,10.8424354553223,251.347107234716
"US_DMG",2024,339,1.441598333,NA,0.09,0,0.006,7,0.442416667,0,550,1086,11.0749031066895,252.113039504766
"US_DMG",2024,340,1.416757083,NA,0.09,0,0.006,7,0.4089375,0,550,1087,11.1967521667481,233.106603675842
"US_DMG",2024,341,1.359700625,NA,0.09,0,0.006,7,0.396125,0,550,1088,10.9866882324219,236.812260493994
"US_DMG",2024,342,1.290528542,NA,0.09,0,0.006,7,0.387541667,0,550,1089,10.2134948730469,216.473212108612
"US_DMG",2024,343,1.263243542,NA,0.09,0,0.006,7,0.3815,0,550,1090,11.056226348877,214.70228757596
"US_DMG",2024,344,1.225852917,NA,0.09,0,0.006,7,0.3835625,0,550,1091,10.0657058715821,255.858538604975
"US_DMG",2024,345,1.201649167,NA,0.09,0,0.006,7,0.371979167,0,550,1092,8.29265365600588,257.425814110756
"US_DMG",2024,346,1.256988958,NA,0.09,0,0.006,7,0.351770833,0,550,1093,7.49392852783205,241.726576620221
"US_DMG",2024,347,1.458885,NA,0.09,0,0.006,7,0.333875,0,550,1094,10.4221054077149,197.426932989597
"US_DMG",2024,348,1.480336667,NA,0.09,0,0.006,7,0.327041667,0,550,1095,11.3055168151856,112.311942209095
"US_DMG",2024,349,1.682669583,NA,0.09,0,0.006,7,0.319083333,0,550,1096,13.3141571044922,127.546311609745
"US_DMG",2024,350,1.545108333,NA,0.09,0,0.006,7,0.331354167,0,550,1097,8.89729843139651,181.174284338951
"US_DMG",2024,351,1.501230417,NA,0.09,0,0.006,7,0.341458333,0,550,1098,8.34475097656252,98.6714083025455
"US_DMG",2024,352,1.467145208,NA,0.09,0,0.006,7,0.327270833,0,550,1099,10.4169097900391,129.29509455502
"US_DMG",2024,353,1.394796875,NA,0.09,0,0.006,7,0.3290625,0,550,1100,9.52374420166018,214.343673268318
"US_DMG",2024,354,1.2135415,NA,0.09,0,0.006,7,0.3250625,0,550,1101,8.31174621582034,221.427363586664
