"site","Year","DOY_disc","WTD_cm","LAI","EVI","FPAR","LUE","Wetland_age_years","Salinity_daily_ave_ppt","NO3_mg_L","SOM_MEM_gC_m3","CO2_gC_m2_day","GPP_gC_m2_day","Reco_gC_m2_day","CH4_gC_m2_day","DOY","TA_C","PAR_umol_m2_day"
"US_SRR",2014,71,-16.58093757,NA,0.2867,0,0.009,500,2.082978723,1.9561,2000,0.472971877,-2.584513804,3.057485681,0.003487893,1,16.4899269104004,517.110458604932
"US_SRR",2014,72,-12.03440384,NA,0.2867,0,0.009,500,1.741666667,1.954471429,2000,0.698712975,-2.381787469,3.080500444,0.002305278,2,15.838338470459,519.693228824973
"US_SRR",2014,73,-8.783028422,NA,0.2867,0,0.009,500,1.836458333,1.952842857,2000,0.208471774,-2.964974973,3.173446746,0.002466466,3,13.7905746459961,466.453826898456
"US_SRR",2014,74,-8.593908349,NA,0.2867,0,0.009,500,1.788541667,1.951214286,2000,0.484500596,-3.095470278,3.579970874,0.003241227,4,14.8922897338867,512.881312344551
"US_SRR",2014,75,-4.920306661,NA,0.2867,0,0.009,500,1.729166667,1.949585714,2000,0.756421877,-2.916046055,3.672467932,0.002640239,5,15.3221832275391,521.295236259699
"US_SRR",2014,76,-6.809784438,NA,0.2867,0,0.009,500,1.789583333,1.947957143,2000,-0.001862462,-3.373322273,3.371459811,0.002487354,6,15.0784851074219,504.751406097293
"US_SRR",2014,77,-9.275237231,NA,0.2867,0,0.009,500,1.661458333,1.946328571,2000,-0.120725463,-3.474150413,3.353424951,0.003179449,7,14.2631088256836,534.927943949699
"US_SRR",2014,78,-11.67775135,NA,0.2867,0,0.009,500,1.595833333,1.9447,2000,0.006703514,-3.336482698,3.343186212,0.002892651,8,13.424333190918,539.800558853626
"US_SRR",2014,79,-14.63277784,NA,0.2867,0,0.009,500,1.551041667,1.940978723,2000,0.162323506,-3.490852051,3.653175557,0.00279898,9,15.3543144226074,522.005272302151
"US_SRR",2014,80,-21.12833278,NA,0.2867,0,0.009,500,1.623958333,1.937257447,2000,0.192918858,-3.318839569,3.511758427,0.00152316,10,13.6757675170899,509.86809507966
"US_SRR",2014,81,1.040168201,NA,0.2867,0,0.009,500,1.685416667,1.93353617,2000,-0.115872123,-3.653568341,3.537696218,0.001772698,11,13.3658386230469,517.682924627066
"US_SRR",2014,82,-3.682512738,NA,0.2867,0,0.009,500,1.63125,1.929814894,2000,-0.023551516,-3.636864039,3.613312523,0.001693083,12,13.6355186462403,547.615392937183
"US_SRR",2014,83,-10.70473567,NA,0.2867,0,0.009,500,1.7,1.926093617,2000,0.255474535,-3.689159493,3.944634027,0.002480304,13,13.8633514404297,555.368108956814
"US_SRR",2014,84,-8.285904113,NA,0.2867,0,0.009,500,1.836458333,1.92237234,2000,0.082469235,-3.294243352,3.376712587,0.000178419,14,14.1066566467285,413.982151668072
"US_SRR",2014,85,-10.68076627,NA,0.2867,0,0.009,500,1.884375,1.918651064,2000,0.642593981,-2.626700215,3.269294196,0.000402386,15,13.0878311157227,306.269664699078
"US_SRR",2014,86,-12.56836906,NA,0.2867,0,0.009,500,1.93125,1.914929787,2000,0.145880844,-3.116099117,3.261979961,-0.000267727,16,13.0366722106934,381.711002462864
"US_SRR",2014,87,-13.83433843,NA,0.2867,0,0.009,500,1.932291667,1.911208511,2000,-0.498257819,-4.070814081,3.572556262,0.002065486,17,14.4276863098145,387.71968299818
"US_SRR",2014,88,-14.606224,NA,0.2867,0,0.009,500,1.936458333,1.907487234,2000,2.006033875,-1.272919682,3.278953557,0.001068449,18,15.2805458068848,221.841924145579
"US_SRR",2014,89,-15.15002023,NA,0.2867,0,0.009,500,1.945833333,1.903765957,2000,-1.225953794,-4.311174797,3.085221003,0.000730091,19,11.782674407959,360.751616406441
"US_SRR",2014,90,-15.59570915,NA,0.2867,0,0.009,500,1.942708333,1.900044681,2000,1.130049597,-1.554239139,2.684288737,0.000150972,20,11.0838981628418,356.318345957279
"US_SRR",2014,91,-15.22740135,NA,0.2867,0,0.009,500,1.961458333,1.896323404,2000,0.496017948,-1.989070766,2.485088714,0.000983733,21,9.44659957885744,274.677494772434
"US_SRR",2014,92,-13.4554395,NA,0.2867,0,0.009,500,1.990625,1.892602128,2000,-1.394537323,-4.112470375,2.717933052,0.003253906,22,9.88462219238284,382.172522148132
"US_SRR",2014,93,-15.27351584,NA,0.2867,0,0.009,500,1.936458333,1.888880851,2000,-1.91822719,-4.995133112,3.076905922,0.002852617,23,11.2669158935547,489.072899324894
"US_SRR",2014,94,-17.40253557,NA,0.2867,0,0.009,500,1.858333333,1.885159574,2000,-0.506767705,-3.600593326,3.093825621,0.001648031,24,12.5060516357422,376.714122702122
"US_SRR",2014,95,-18.2533732,NA,0.2867,0,0.009,500,1.84375,1.881438298,2000,-1.452955577,-4.835294109,3.382338532,0.001979693,25,11.6284004211426,542.977972468376
"US_SRR",2014,96,-5.375218478,NA,0.2867,0,0.009,500,1.76875,1.877717021,2000,-0.836015182,-4.997340514,4.161325333,0.002786928,26,14.416390991211,609.743553833961
"US_SRR",2014,97,-1.604016237,NA,0.2867,0,0.009,500,1.711458333,1.873995745,2000,-1.182721166,-5.777623839,4.594902673,0.003070409,27,17.8161064147949,606.57503561306
"US_SRR",2014,98,-5.17758496,NA,0.2867,0,0.009,500,1.686458333,1.870274468,2000,-0.913096057,-5.939197525,5.026101467,0.002319804,28,18.9997116088867,589.330023598671
"US_SRR",2014,99,-8.359839319,NA,0.2867,0,0.009,500,1.705208333,1.866553191,2000,-0.773356805,-5.731210257,4.957853452,0.002168925,29,17.7270713806153,553.686195568562
"US_SRR",2014,100,-10.87895721,NA,0.2867,0,0.009,500,1.670833333,1.862831915,2000,-0.510249773,-5.510309724,5.000059951,0.003218663,30,15.2521949768067,600.841471681595
"US_SRR",2014,101,-12.64585153,NA,0.2867,0,0.009,500,1.671875,1.859110638,2000,-0.808224758,-5.607610446,4.799385688,0.002447331,31,16.2926231384278,524.321757554054
"US_SRR",2014,102,-14.00146544,NA,0.2867,0,0.009,500,1.784375,1.855389362,2000,-1.405529493,-5.84993342,4.444403927,0.005405688,32,14.100904083252,496.372967868328
"US_SRR",2014,103,-15.93442259,NA,0.2867,0,0.009,500,1.820833333,1.851668085,2000,-1.157324947,-5.841819359,4.684494411,0.004837077,33,14.2916580200196,568.880977814198
"US_SRR",2014,104,-17.72832683,NA,0.2867,0,0.009,500,1.860416667,1.847946809,2000,-0.708618686,-5.578305457,4.869686771,0.003244874,34,15.740380859375,629.966271344185
"US_SRR",2014,105,-18.61732293,NA,0.2867,0,0.009,500,1.975,1.844225532,2000,-0.707577817,-5.545912761,4.838334944,0.004434167,35,15.9989601135254,622.222444166183
"US_SRR",2014,106,-6.075550583,NA,0.2867,0,0.009,500,2.063541667,1.840504255,2000,-0.69414691,-5.833102141,5.138955231,0.001875399,36,16.7883544921875,639.871271477699
"US_SRR",2014,107,-8.491797698,NA,0.2867,0,0.009,500,2.09375,1.836782979,2000,-0.990674474,-6.2284975,5.237823026,0.003755711,37,17.6061111450196,640.559122461319
"US_SRR",2014,108,-10.71395856,NA,0.2867,0,0.009,500,2.136458333,1.833061702,2000,-1.707767072,-6.737797376,5.030030305,0.003249185,38,16.8539901733399,638.597647040367
"US_SRR",2014,109,-9.252737416,NA,0.2867,0,0.009,500,2.167708333,1.829340426,2000,-2.217203303,-6.888970214,4.671766911,0.004381319,39,15.248422241211,649.581019505501
"US_SRR",2014,110,-12.75672901,NA,0.2867,0,0.009,500,2.241666667,1.825619149,2000,-1.443167654,-6.566662651,5.123494998,0.003033841,40,15.9241996765137,664.753611904144
"US_SRR",2014,111,-15.28436034,NA,0.2867,0,0.009,500,2.294791667,1.821897872,2000,-1.156387305,-5.940003358,4.783616053,0.00345088,41,16.7772575378418,566.342591068268
"US_SRR",2014,112,-17.51199414,NA,0.2867,0,0.009,500,2.240625,1.818176596,2000,-1.880682073,-6.135886754,4.255204681,0.007815534,42,14.7604309082031,570.163471436501
"US_SRR",2014,113,-19.75787103,NA,0.2867,0,0.009,500,2.272916667,1.814455319,2000,-1.591838352,-5.828064611,4.23622626,0.004497968,43,13.3059516906739,678.186597110748
"US_SRR",2014,114,-21.54685976,NA,0.2867,0,0.009,500,2.24375,1.810734043,2000,-1.576285729,-5.985243676,4.408957947,0.00388491,44,15.0790840148926,570.775883190155
"US_SRR",2014,115,-22.72130961,NA,0.2867,0,0.009,500,2.302083333,1.807012766,2000,1.090727605,-2.885625646,3.976353251,0.001688948,45,14.3055397033692,363.081428368568
"US_SRR",2014,116,-22.49114257,NA,0.2867,0,0.009,500,2.267708333,1.803291489,2000,-1.387197862,-5.205842661,3.818644799,0.003880401,46,11.3718162536621,540.479533596039
"US_SRR",2014,117,-17.59145295,NA,0.2867,0,0.009,500,2.275,1.799570213,2000,-1.394292108,-5.413725143,4.019433035,0.003282466,47,13.5413261413574,369.39188296032
"US_SRR",2014,118,-18.90976986,NA,0.2867,0,0.009,500,2.279166667,1.795848936,2000,-2.534756603,-6.946093635,4.411337032,0.004462805,48,14.1742683410645,581.475240129471
"US_SRR",2014,119,-10.11401415,NA,0.2867,0,0.009,500,2.320833333,1.79212766,2000,-0.492884502,-5.757582073,5.264697571,0.002749651,49,18.4284301757813,690.390337574005
"US_SRR",2014,120,-10.21865856,NA,0.2867,0,0.009,500,2.382291667,1.788406383,2000,0.351276936,-5.387018786,5.738295722,0.002127976,50,22.3686958312989,696.58986611557
"US_SRR",2014,121,-14.16453843,NA,0.2867,0,0.009,500,2.396875,1.784685106,2000,0.226920579,-5.979943197,6.206863776,0.002769549,51,22.193994140625,698.893021633148
"US_SRR",2014,122,-8.658012554,NA,0.2867,0,0.009,500,2.384375,1.78096383,2000,-1.014205302,-6.949493057,5.935287755,0.005042196,52,20.5168434143067,683.645003108978
"US_SRR",2014,123,-12.46108953,NA,0.2867,0,0.009,500,2.39375,1.777242553,2000,-1.685506236,-7.017336305,5.331830069,0.009342423,53,17.1538024902344,682.415760381698
"US_SRR",2014,124,-16.60739006,NA,0.2867,0,0.009,500,2.425,1.773521277,2000,-2.336158655,-7.404340217,5.068181562,0.009396166,54,16.0273109436035,655.935828590393
"US_SRR",2014,125,-20.25611019,NA,0.2867,0,0.009,500,2.458333333,1.7698,2000,-1.724629444,-6.691770324,4.96714088,0.006762826,55,16.0261245727539,642.396348649979
"US_SRR",2014,126,-23.34785853,NA,0.2867,0,0.009,500,2.525,1.749542857,2000,-1.21724491,-6.214703863,4.997458953,0.005455489,56,15.247819519043,638.158330810547
"US_SRR",2014,127,-26.34641507,NA,0.2867,0,0.009,500,2.554166667,1.729285714,2000,-1.523074288,-6.520044615,4.996970327,0.003946486,57,15.4907318115235,692.232017255783
"US_SRR",2014,128,-29.22122262,NA,0.2867,0,0.009,500,2.571875,1.709028571,2000,-0.717517519,-5.552142421,4.834624902,0.003895806,58,14.9202476501465,610.329337368011
"US_SRR",2014,129,-31.79927584,NA,0.2867,0,0.009,500,2.539583333,1.688771429,2000,-1.512358526,-6.497061377,4.98470285,0.007673151,59,16.6186195373535,510.054484300613
"US_SRR",2014,130,-33.89844785,NA,0.2867,0,0.009,500,2.625,1.668514286,2000,-1.022391869,-5.881426459,4.859034589,0.00463517,60,15.5188919067383,722.044667901993
"US_SRR",2014,131,-35.73471661,NA,0.2867,0,0.009,500,2.728125,1.648257143,2000,-0.920417703,-6.193113017,5.272695313,0.00465174,61,17.3919578552246,707.293644652202
"US_SRR",2014,132,-37.17764398,NA,0.2867,0,0.009,500,2.835416667,1.628,2000,-0.657038501,-6.416739769,5.759701268,0.003046023,62,19.131177520752,736.622586992723
"US_SRR",2014,133,-9.398074064,NA,0.2867,0,0.009,500,2.93125,1.607742857,2000,0.630023161,-5.702463205,6.332486366,0.002016886,63,22.2316680908203,727.285611862642
"US_SRR",2014,134,-4.297305003,NA,0.2867,0,0.009,500,2.996875,1.587485714,2000,0.962800101,-5.801244415,6.764044516,0.002959864,64,24.1548973083496,732.744000800097
"US_SRR",2014,135,-1.170945457,NA,0.2867,0,0.009,500,3.070833333,1.567228571,2000,0.192329045,-6.475122382,6.667451427,0.00124633,65,23.6885162353516,714.314142243216
"US_SRR",2014,136,-0.287726335,NA,0.2867,0,0.009,500,3.182291667,1.546971429,2000,-2.021184622,-7.915834932,5.89465031,0.003173858,66,20.7426887512207,681.758977588974
"US_SRR",2014,137,-0.361306814,NA,0.2867,0,0.009,500,3.425,1.526714286,2000,-2.794756304,-8.242022712,5.447266407,0.00327363,67,18.1559730529785,721.56981410769
"US_SRR",2014,138,-0.226561295,NA,0.2867,0,0.009,500,3.527083333,1.506457143,2000,-2.820361182,-8.155237986,5.334876803,0.004922015,68,17.7746597290039,694.734890200838
"US_SRR",2014,139,-1.276451351,NA,0.2867,0,0.009,500,3.519791667,1.4862,2000,-3.182804936,-8.188838801,5.006033864,0.005288656,69,16.6852432250977,703.317443514779
"US_SRR",2014,140,-5.123919859,NA,0.2867,0,0.009,500,3.6125,1.465942857,2000,-2.607131622,-7.704631571,5.097499949,0.00278377,70,15.6354843139649,655.106006306335
"US_SRR",2014,141,-9.196589227,NA,0.2867,0,0.009,500,3.711458333,1.445685714,2000,-1.162662349,-6.656972274,5.494309925,0.004108704,71,17.5043884277344,647.002690532543
"US_SRR",2014,142,-12.64362182,NA,0.2867,0,0.009,500,3.646875,1.425428571,2000,-1.146588911,-6.669546596,5.522957685,-0.00073145,72,17.3826347351074,695.373899948835
"US_SRR",2014,143,-15.39989994,NA,0.2867,0,0.009,500,3.609375,1.405171429,2000,-1.698299935,-7.293187833,5.594887898,-0.005112626,73,18.3253150939942,627.942671921358
"US_SRR",2014,144,-17.87133241,NA,0.2867,0,0.009,500,3.703125,1.384914286,2000,-1.393950764,-7.345107106,5.951156342,-0.002545942,74,19.3877616882324,674.663057505883
"US_SRR",2014,145,-19.16704816,NA,0.2867,0,0.009,500,3.872916667,1.364657143,2000,-0.818123745,-7.035121672,6.216997927,-0.004677819,75,20.1630874633789,734.28833527489
"US_SRR",2014,146,-20.72602188,NA,0.2867,0,0.009,500,4.042708333,1.3444,2000,-1.529076234,-7.779059115,6.249982881,-0.007069628,76,21.5888038635254,743.731809674934
"US_SRR",2014,147,-22.03526793,NA,0.2867,0,0.009,500,4.202083333,1.324142857,2000,-3.540182841,-9.323352613,5.783169772,-0.000430391,77,19.4121566772461,751.107321921483
"US_SRR",2014,148,-10.41872449,NA,0.2867,0,0.009,500,4.358333333,1.303885714,2000,-1.784971017,-7.464588376,5.679617359,0.003736892,78,18.7688995361328,773.220506450802
"US_SRR",2014,149,-4.169755371,NA,0.2867,0,0.009,500,4.609375,1.283628571,2000,-1.439460003,-7.360187783,5.92072778,0.005242988,79,20.2856307983399,783.981996165037
"US_SRR",2014,150,-1.475858502,NA,0.2867,0,0.009,500,4.607291667,1.263371429,2000,-3.129925324,-8.446643462,5.316718138,0.004276897,80,17.2319313049317,755.380843544453
"US_SRR",2014,151,-0.85878585,NA,0.2867,0,0.009,500,4.633333333,1.243114286,2000,-1.383142833,-6.88348516,5.500342327,0.003660793,81,15.5044189453125,723.100812553853
"US_SRR",2014,152,-5.56991283,NA,0.2867,0,0.009,500,4.689583333,1.222857143,2000,-1.079710077,-6.852701781,5.772991704,0.003427021,82,18.1571670532227,752.944533824414
"US_SRR",2014,153,-10.46443358,NA,0.2867,0,0.009,500,4.691666667,1.2026,2000,-1.910359142,-7.04467772,5.134318578,0.005642751,83,17.8672653198242,724.951356411934
"US_SRR",2014,154,-15.8928182,NA,0.2867,0,0.009,500,4.660416667,1.183665517,2000,-1.097109368,-6.48416792,5.387058551,0.006501562,84,15.6553169250489,712.10857603842
"US_SRR",2014,155,-21.44530654,NA,0.2867,0,0.009,500,4.625,1.164731034,2000,-0.128445956,-6.051715589,5.923269633,0.003856141,85,18.1827522277832,747.850038406163
"US_SRR",2014,156,-26.41102603,NA,0.2867,0,0.009,500,4.676041667,1.145796552,2000,-0.968633023,-6.643238716,5.674605693,0.005275087,86,19.3330322265625,731.81207892555
"US_SRR",2014,157,-30.50158376,NA,0.2867,0,0.009,500,4.828125,1.126862069,2000,-1.171719364,-6.681329879,5.509610515,0.003712125,87,18.0496879577637,649.860601982385
"US_SRR",2014,158,-33.8842081,NA,0.2867,0,0.009,500,4.994791667,1.107927586,2000,-0.779264138,-6.54241933,5.763155192,0.003608239,88,17.9170356750489,736.773465754867
"US_SRR",2014,159,-37.41713527,NA,0.2867,0,0.009,500,5.113541667,1.088993103,2000,1.402812149,-5.438708845,6.841520994,0.000981018,89,21.7908645629883,760.781544052005
"US_SRR",2014,160,-39.88912517,NA,0.2867,0,0.009,500,5.45,1.070058621,2000,1.644928433,-5.469312262,7.114240695,0.001710195,90,24.1719528198242,765.126095812559
"US_SRR",2014,161,-41.94836507,NA,0.2867,0,0.009,500,6.054166667,1.051124138,2000,-1.800848463,-7.985447027,6.184598565,0.006571829,91,21.7428833007813,731.412689967632
"US_SRR",2014,162,-36.37134991,NA,0.2867,0,0.009,500,6.723958333,1.032189655,2000,-3.436797438,-8.896506864,5.459709426,0.007518586,92,17.9941650390625,698.910792512178
"US_SRR",2014,163,-3.963861786,NA,0.2867,0,0.009,500,7.129166667,1.013255172,2000,-2.794812178,-8.069481884,5.274669705,0.007558835,93,16.4574104309082,745.427020839691
"US_SRR",2014,164,0.038064917,NA,0.2867,0,0.009,500,7.294791667,0.99432069,2000,-2.019678276,-7.655865805,5.636187529,0.003823707,94,17.2692085266114,771.867014144718
"US_SRR",2014,165,1.477343677,NA,0.2867,0,0.009,500,7.347916667,0.975386207,2000,-1.848817513,-7.795310523,5.94649301,0.002288974,95,20.3250900268555,758.070105001688
"US_SRR",2014,166,2.398417219,NA,0.2867,0,0.009,500,7.491666667,0.956451724,2000,-2.46384757,-7.969083536,5.505235966,0.004372869,96,18.1940475463867,712.210640715897
"US_SRR",2014,167,1.92749202,NA,0.29753,0,0.009,500,7.528125,0.937517241,2000,-2.659275501,-7.88086519,5.221589689,0.005397988,97,16.4984489440918,748.857403863728
"US_SRR",2014,168,0.977229527,NA,0.301605,0,0.009,500,7.21875,0.918582759,2000,-1.856146306,-7.503426147,5.647279841,0.004104272,98,16.7738815307617,764.123161198854
"US_SRR",2014,169,-4.643214334,NA,0.30568,0,0.009,500,7.147916667,0.899648276,2000,-0.415910705,-6.690439098,6.274528392,0.003488856,99,20.5079170227051,775.745583969593
"US_SRR",2014,170,-8.915594905,NA,0.309755,0,0.009,500,7.046875,0.880713793,2000,-0.618932233,-6.622277064,6.003344831,0.004187874,100,19.7674919128418,780.081232398033
"US_SRR",2014,171,-12.74304669,NA,0.31383,0,0.009,500,7.008333333,0.86177931,2000,0.064709777,-6.185017045,6.249726822,0.005022327,101,20.021501159668,758.487251167178
"US_SRR",2014,172,-16.98487007,NA,0.317905,0,0.009,500,7.214583333,0.842844828,2000,-1.036685225,-6.803099682,5.766414456,0.005789722,102,19.8311515808106,740.723042233288
"US_SRR",2014,173,-21.95368076,NA,0.32198,0,0.009,500,7.527083333,0.823910345,2000,-1.215137326,-6.827644518,5.612507192,0.005610341,103,17.6453758239746,758.584879236102
"US_SRR",2014,174,-25.5855767,NA,0.326055,0,0.009,500,7.705208333,0.804975862,2000,-0.900049937,-6.83266083,5.932610894,0.003761891,104,17.8151145935059,764.274041800856
"US_SRR",2014,175,-9.857343953,NA,0.33013,0,0.009,500,8.067708333,0.786041379,2000,-1.97050553,-8.085105646,6.114600116,0.005712195,105,20.7034355163574,753.264054661572
"US_SRR",2014,176,-1.173884622,NA,0.334205,0,0.009,500,8.342708333,0.767106897,2000,-3.442432823,-9.117007063,5.67457424,0.004803355,106,19.3625808715821,702.168075350225
"US_SRR",2014,177,-1.016436587,NA,0.33828,0,0.009,500,8.525,0.748172414,2000,-4.028788558,-9.637142066,5.608353508,0.005653884,107,18.2160583496094,575.936950543463
"US_SRR",2014,178,-0.986132781,NA,0.343100714,0,0.009,500,8.476041667,0.729237931,2000,-3.513289054,-9.275274847,5.761985793,0.00201246,108,18.6072822570801,691.544162492037
"US_SRR",2014,179,-0.282709484,NA,0.347921429,0,0.009,500,8.557291667,0.710303448,2000,-2.458592503,-8.548854434,6.090261931,0.006412552,109,19.6869903564453,721.671898280382
"US_SRR",2014,180,-2.481458379,NA,0.352742143,0,0.009,500,8.646875,0.691368966,2000,-1.136282763,-7.853933252,6.717650489,0.004458485,110,20.7948509216309,753.419372061133
"US_SRR",2014,181,-5.776313168,NA,0.357562857,0,0.009,500,8.748958333,0.672434483,2000,0.336078492,-6.827750734,7.163829226,0.001565312,111,23.6825691223145,752.234492521286
"US_SRR",2014,182,-7.365540025,NA,0.362383571,0,0.009,500,8.734375,0.6535,2000,-3.421206396,-9.501151816,6.07994542,0.005808183,112,20.7902809143067,698.169692586601
"US_SRR",2014,183,-11.18762023,NA,0.367204286,0,0.009,500,8.764583333,0.6650125,2000,-3.905521122,-9.881497044,5.975975922,0.005912421,113,18.665185546875,712.317143135965
"US_SRR",2014,184,-15.35626854,NA,0.372025,0,0.009,500,8.742708333,0.676525,2000,-3.407269813,-9.469080206,6.061810393,0.005836964,114,18.6764961242676,748.182853003442
"US_SRR",2014,185,-20.12754705,NA,0.376845714,0,0.009,500,8.720833333,0.6880375,2000,-3.245796498,-9.210405301,5.964608803,0.00574493,115,19.4016471862793,763.745948731482
"US_SRR",2014,186,-25.51574619,NA,0.381666429,0,0.009,500,8.761458333,0.69955,2000,-2.593921414,-8.683498232,6.089576818,0.005377768,116,18.7381607055664,769.967637698054
"US_SRR",2014,187,-30.60962342,NA,0.386487143,0,0.009,500,8.833333333,0.7110625,2000,-0.410889931,-6.751596983,6.340707052,0.00467644,117,20.089917755127,781.337102336884
"US_SRR",2014,188,-35.65312944,NA,0.391307857,0,0.009,500,8.995833333,0.722575,2000,-0.133442963,-6.192983969,6.059541006,0.002627295,118,20.1525817871094,718.055135800719
"US_SRR",2014,189,-38.91246087,NA,0.396128571,0,0.009,500,9.163541667,0.7340875,2000,-1.378151603,-7.199263306,5.821111703,0.007364656,119,20.8604789733887,635.464619671822
"US_SRR",2014,190,-35.05480663,NA,0.400949286,0,0.009,500,9.516666667,0.7456,2000,-3.890507554,-9.335853462,5.445345907,0.011215498,120,19.1182876586914,686.028066155136
"US_SRR",2014,191,-5.051859638,NA,0.40577,0,0.009,500,9.769791667,0.7571125,2000,-3.427931501,-8.718351187,5.290419687,0.010554993,121,18.8188682556153,648.373969460309
"US_SRR",2014,192,0.260174586,NA,0.407057857,0,0.009,500,9.648958333,0.768625,2000,-2.71733448,-8.029035274,5.311700793,0.008366303,122,18.7385612487793,674.734046416462
"US_SRR",2014,193,2.192168907,NA,0.408345714,0,0.009,500,9.834375,0.7801375,2000,-2.731953526,-8.059305432,5.327351906,0.010659337,123,18.1867004394531,689.982079557121
"US_SRR",2014,194,2.341812953,NA,0.409633571,0,0.009,500,9.86875,0.79165,2000,-1.969035871,-7.701881875,5.732846004,0.007356823,124,18.285661315918,729.193829382539
"US_SRR",2014,195,1.842610958,NA,0.410921429,0,0.009,500,9.84375,0.8031625,2000,-0.877083503,-7.336703722,6.45962022,0.004410966,125,22.8729454040528,724.108195967019
"US_SRR",2014,196,1.146079497,NA,0.412209286,0,0.009,500,9.63125,0.814675,2000,-2.734484567,-8.865710694,6.131226127,0.009198071,126,21.3256736755371,596.909649575651
"US_SRR",2014,197,-0.607335206,NA,0.413497143,0,0.009,500,9.411458333,0.8261875,2000,-2.392201232,-8.150383506,5.758182274,0.007761134,127,20.6494995117188,609.499468730152
"US_SRR",2014,198,-5.073447299,NA,0.414785,0,0.009,500,9.3875,0.8377,2000,-2.146657182,-7.710669175,5.564011993,0.009446559,128,18.8287788391114,622.022747639656
"US_SRR",2014,199,-9.546501903,NA,0.416072857,0,0.009,500,9.327083333,0.8492125,2000,-1.640929806,-7.350669903,5.709740097,0.006728478,129,18.2805000305176,621.064201823741
"US_SRR",2014,200,-13.81102781,NA,0.417360714,0,0.009,500,9.333333333,0.860725,2000,-0.967595686,-6.79421671,5.826621024,0.006854268,130,18.8630844116211,672.6838104105
"US_SRR",2014,201,-17.49760236,NA,0.418648571,0,0.009,500,9.411458333,0.8722375,2000,0.062811444,-5.41035732,5.473168763,0.000497373,131,19.729623413086,626.70897659874
"US_SRR",2014,202,-18.00334147,NA,0.419936429,0,0.009,500,9.436458333,0.88375,2000,-1.163551943,-6.730779045,5.567227102,0.00181328,132,19.2925811767578,524.938615303576
"US_SRR",2014,203,-10.17294948,NA,0.421224286,0,0.009,500,9.472916667,0.8952625,2000,-0.380925562,-6.069241683,5.688316121,0.005804126,133,19.5241943359375,637.674603921205
"US_SRR",2014,204,-11.2849674,NA,0.422512143,0,0.009,500,9.533333333,0.906775,2000,-1.207080363,-7.202216219,5.995135857,0.00598387,134,19.8731857299805,685.992548967898
"US_SRR",2014,205,-9.231859208,NA,0.4238,0,0.009,500,9.616666667,0.9182875,2000,-0.706711809,-7.300308443,6.593596634,0.004020941,135,21.5602546691895,713.311210549265
"US_SRR",2014,206,-7.914707827,NA,0.425234286,0,0.009,500,9.694791667,0.9298,2000,0.916677876,-6.115981879,7.032659756,0.002080628,136,23.8217750549317,737.696512370646
"US_SRR",2014,207,-6.775173235,NA,0.426668571,0,0.009,500,9.717708333,0.9413125,2000,0.152367086,-6.688910746,6.841277832,0.002199045,137,24.5826164245606,734.465837906539
"US_SRR",2014,208,-5.379931277,NA,0.428102857,0,0.009,500,9.648958333,0.952825,2000,0.524232804,-6.09997482,6.624207624,0.000935735,138,23.5808464050293,679.930616844535
"US_SRR",2014,209,-2.724750307,NA,0.429537143,0,0.009,500,9.563541667,0.9643375,2000,-0.950223429,-7.118058918,6.167835489,0.004608539,139,22.1977592468262,628.972222847268
"US_SRR",2014,210,-5.977037876,NA,0.430971429,0,0.009,500,9.596875,0.97585,2000,0.469832752,-5.885108068,6.35494082,0.004712119,140,22.0446754455567,513.054382872298
"US_SRR",2014,211,-10.7652926,NA,0.432405714,0,0.009,500,9.6125,0.9873625,2000,0.399351227,-6.075585452,6.474936679,0.004184924,141,22.0145393371582,672.466399911597
"US_SRR",2014,212,-15.71479601,NA,0.43384,0,0.009,500,9.625,0.998875,2000,1.014181048,-5.398606916,6.412787964,0.005546944,142,21.8523345947266,691.513082811132
"US_SRR",2014,213,-21.13421111,NA,0.435274286,0,0.009,500,9.647916667,1.0103875,2000,1.449785604,-5.112593998,6.562379602,0.005600596,143,21.9068618774414,716.071479857087
"US_SRR",2014,214,-26.56132885,NA,0.436708571,0,0.009,500,9.663541667,1.0219,2000,0.555049337,-5.393149206,5.948198543,0.005262493,144,21.4036003112793,696.842795361012
"US_SRR",2014,215,-31.6635675,NA,0.438142857,0,0.009,500,9.707291667,1.0334125,2000,-0.264288474,-5.880069097,5.615780623,0.003741257,145,18.4349723815918,643.452522022925
"US_SRR",2014,216,-36.74158336,NA,0.439577143,0,0.009,500,9.760416667,1.044925,2000,-0.599105454,-6.185592079,5.586486624,0.004174228,146,17.8517890930176,517.505435792878
"US_SRR",2014,217,-39.4586895,NA,0.441011429,0,0.009,500,9.764583333,1.0564375,2000,1.731689561,-3.842834287,5.574523849,0.00139383,147,19.9885917663574,501.085826216493
"US_SRR",2014,218,-37.18605608,NA,0.442445714,0,0.009,500,9.820833333,1.06795,2000,0.990784952,-5.063783132,6.054568085,0.00413996,148,22.3641258239746,470.327949664302
"US_SRR",2014,219,-11.7987132,NA,0.44388,0,0.009,500,9.833333333,1.0794625,2000,-1.03306179,-6.862382179,5.829320389,0.005181722,149,21.0391441345215,660.733024511658
"US_SRR",2014,220,0.066341713,NA,0.445548571,0,0.009,500,10.084375,1.090975,2000,-2.602611066,-8.281336231,5.678725164,0.005560975,150,19.7831588745117,665.241761834929
"US_SRR",2014,221,0.951993247,NA,0.447217143,0,0.009,500,10.23125,1.1024875,2000,-2.848627574,-8.192759942,5.344132368,0.004330666,151,19.5170570373535,684.807688828763
"US_SRR",2014,222,2.004974494,NA,0.448885714,0,0.009,500,10.15833333,1.114,2000,-2.829908469,-8.008665938,5.178757468,0.005220836,152,18.0798355102539,667.11004510544
"US_SRR",2014,223,2.086713689,NA,0.450554286,0,0.009,500,10.00729167,1.1255125,2000,-1.943002007,-7.384236473,5.441234467,0.0043722,153,19.3126083374024,649.669769174411
"US_SRR",2014,224,1.757071117,NA,0.452222857,0,0.009,500,9.833333333,1.137025,2000,-2.76323785,-8.085912691,5.322674841,0.00496243,154,19.6031089782715,630.037285305977
"US_SRR",2014,225,0.834274616,NA,0.453891429,0,0.009,500,9.635416667,1.1485375,2000,-1.368730601,-6.79620315,5.427472549,0.004410557,155,18.8607116699219,644.437698649406
"US_SRR",2014,226,-1.283748588,NA,0.45556,0,0.009,500,9.551041667,1.16005,2000,-0.377943527,-5.996023593,5.618080066,0.003457453,156,19.6913543701172,657.182845976829
"US_SRR",2014,227,-5.35626593,NA,0.457228571,0,0.009,500,9.494791667,1.1715625,2000,0.391157716,-5.353167832,5.744325548,0.001990774,157,20.1601119995117,666.546442270279
"US_SRR",2014,228,-9.290997238,NA,0.458897143,0,0.009,500,9.529166667,1.183075,2000,0.707109906,-4.992889232,5.699999137,0.002669252,158,20.7438865661621,674.410105508804
"US_SRR",2014,229,-13.70922121,NA,0.460565714,0,0.009,500,9.605208333,1.1945875,2000,0.451977618,-5.015439098,5.467416715,0.003651708,159,19.3465133666992,663.599798326492
"US_SRR",2014,230,-18.7916965,NA,0.462234286,0,0.009,500,9.790625,1.2061,2000,-0.081025885,-5.342072394,5.261046509,0.006010515,160,19.3415657043457,640.532516418457
"US_SRR",2014,231,-22.94098686,NA,0.463902857,0,0.009,500,9.93125,1.2176125,2000,-0.070644927,-5.258340347,5.18769542,0.004745399,161,18.5612846374512,618.570193732262
"US_SRR",2014,232,-24.15947351,NA,0.465571429,0,0.009,500,9.935416667,1.229125,2000,0.1773943,-4.895819539,5.07321384,0.003581997,162,18.9445777893067,521.557063702583
"US_SRR",2014,233,-18.34347382,NA,0.46724,0,0.009,500,9.944791667,1.2406375,2000,0.005448293,-5.287328604,5.292776897,0.004017264,163,18.8511940002442,571.246278108597
"US_SRR",2014,234,-22.12146654,NA,0.466867143,0,0.009,500,9.941666667,1.25215,2000,-0.199083179,-5.50244995,5.303366771,0.003703515,164,20.3907257080078,640.141982974052
"US_SRR",2014,235,-19.47474834,NA,0.466494286,0,0.009,500,10.00416667,1.2636625,2000,0.179477652,-5.095022879,5.274500531,0.002461085,165,18.8210502624512,628.834642573357
"US_SRR",2014,236,-9.656872621,NA,0.466121429,0,0.009,500,10.06875,1.275175,2000,-0.149588721,-5.284861553,5.135272832,0.006020362,166,19.2614494323731,610.533470251083
"US_SRR",2014,237,-11.04400654,NA,0.465748571,0,0.009,500,10.04479167,1.2866875,2000,-0.544248153,-5.505211621,4.960963468,0.004183935,167,18.8614936828614,557.089938969612
"US_SRR",2014,238,-18.78936544,NA,0.465375714,0,0.009,500,10.03854167,1.2982,2000,0.165045255,-4.899522692,5.064567947,0.003669334,168,18.4300170898438,634.270883925438
"US_SRR",2014,239,-23.62414006,NA,0.465002857,0,0.009,500,10.06145833,1.27957931,2000,1.021823339,-4.335181639,5.357004979,0.002974812,169,20.7161270141602,618.29504487133
"US_SRR",2014,240,-27.56160783,NA,0.46463,0,0.009,500,10.00416667,1.260958621,2000,1.190609896,-4.20303964,5.393649536,0.005249279,170,20.8660331726074,611.065997345924
"US_SRR",2014,241,-32.50193901,NA,0.464257143,0,0.009,500,9.932291667,1.242337931,2000,1.065073244,-4.149025302,5.214098547,0.00360561,171,20.436727142334,559.291060302734
"US_SRR",2014,242,-36.89203821,NA,0.463884286,0,0.009,500,9.890625,1.223717241,2000,1.62874783,-3.698721596,5.327469425,0.002723434,172,21.4531723022461,540.217709933281
"US_SRR",2014,243,-40.94681921,NA,0.463511429,0,0.009,500,9.957291667,1.205096552,2000,1.332830819,-4.044516913,5.377347732,0.002967806,173,21.8945747375489,614.74044065094
"US_SRR",2014,244,-43.97299377,NA,0.463138571,0,0.009,500,10.04479167,1.186475862,2000,1.79600939,-3.781349079,5.577358469,0.002735673,174,21.9253059387207,611.545268001556
"US_SRR",2014,245,-44.8572264,NA,0.462765714,0,0.009,500,10.065625,1.167855172,2000,0.622442783,-4.525095654,5.147538437,0.006124962,175,22.5156265258789,613.511179779053
"US_SRR",2014,246,-36.34717781,NA,0.462392857,0,0.009,500,10.18333333,1.149234483,2000,0.535705185,-4.47321082,5.008916004,0.004476783,176,18.8087554931641,595.733665870666
"US_SRR",2014,247,-7.712209484,NA,0.46202,0,0.009,500,10.31458333,1.130613793,2000,-0.207822124,-5.075455575,4.86763345,0.004479041,177,20.136117553711,604.152018834114
"US_SRR",2014,248,-1.380335635,NA,0.461896429,0,0.009,500,10.58541667,1.111993103,2000,-1.960334268,-6.596293661,4.635959393,0.003709579,178,19.5803047180176,590.213108543396
"US_SRR",2014,249,-0.121663505,NA,0.461772857,0,0.009,500,10.66770833,1.093372414,2000,-1.564870956,-6.122784428,4.557913472,0.004164896,179,19.1654830932617,586.955822870255
"US_SRR",2014,250,-0.197372345,NA,0.461649286,0,0.009,500,10.51875,1.074751724,2000,-1.65973791,-6.149545906,4.489807996,0.003141109,180,18.4603515625,584.87010628128
"US_SRR",2014,251,0.112202824,NA,0.461525714,0,0.009,500,10.21458333,1.056131034,2000,-2.187725075,-6.513688075,4.325963,0.00492274,181,17.6757141113281,558.296991345882
"US_SRR",2014,252,-0.356695365,NA,0.461402143,0,0.009,500,9.727083333,1.037510345,2000,-1.216778344,-5.615181834,4.39840349,0.002515262,182,16.8194938659668,565.978706004143
"US_SRR",2014,253,-3.346687784,NA,0.461278571,0,0.009,500,9.284375,1.018889655,2000,0.255511377,-4.48688981,4.742401187,0.001944181,183,19.3951049804688,590.293014370918
"US_SRR",2014,254,-7.316537047,NA,0.461155,0,0.009,500,9.005208333,1.000268966,2000,0.054621571,-4.85434656,4.908968131,0.001174907,184,21.3976531982422,582.668981924057
"US_SRR",2014,255,-10.86471746,NA,0.461031429,0,0.009,500,8.869791667,0.981648276,2000,0.643650372,-4.320969265,4.964619637,0.00144864,185,21.8174377441406,563.702162073612
"US_SRR",2014,256,-13.99700602,NA,0.460907857,0,0.009,500,8.828125,0.963027586,2000,0.342317595,-4.538479991,4.880797586,0.002441337,186,22.6262680053711,535.61133186388
"US_SRR",2014,257,-17.20915878,NA,0.460784286,0,0.009,500,8.870833333,0.944406897,2000,-0.304384859,-5.051564842,4.747179983,0.00246014,187,21.1650596618653,542.560824412823
"US_SRR",2014,258,-20.56497591,NA,0.460660714,0,0.009,500,8.891666667,0.925786207,2000,-0.367671111,-4.951270655,4.583599544,0.003629032,188,21.1654563903809,530.672154475212
"US_SRR",2014,259,-24.28008063,NA,0.460537143,0,0.009,500,8.577083333,0.907165517,2000,0.623992508,-3.942397385,4.566389893,0.003349763,189,19.0901313781739,547.899404934883
"US_SRR",2014,260,-27.99655359,NA,0.460413571,0,0.009,500,8.34375,0.888544828,2000,0.78975084,-3.776416843,4.566167684,0.004753154,190,20.7547927856446,522.094029674053
"US_SRR",2014,261,-31.36311387,NA,0.46029,0,0.009,500,8.570833333,0.869924138,2000,1.278651751,-3.376311717,4.654963468,0.003420859,191,22.2334571838379,433.446021243453
"US_SRR",2014,262,-34.88975731,NA,0.461375,0,0.009,500,8.363541667,0.851303448,2000,1.223505608,-3.439981451,4.663487059,0.004483109,192,20.2810646057129,445.734080327988
"US_SRR",2014,263,-35.32237201,NA,0.46246,0,0.009,500,8.44375,0.832682759,2000,1.312573647,-3.247672158,4.560245804,0.004202836,193,20.4700408935547,500.233789557934
"US_SRR",2014,264,-17.49760236,NA,0.463545,0,0.009,500,8.488541667,0.814062069,2000,1.070606122,-3.363733543,4.434339665,0.00619742,194,19.6733032226563,399.914563852787
"US_SRR",2014,265,-18.00334147,NA,0.46463,0,0.009,500,8.50625,0.795441379,2000,1.301953383,-3.108606936,4.410560319,0.002873755,195,19.5475860595703,492.450028618813
"US_SRR",2014,266,-10.17294948,NA,0.465715,0,0.009,500,8.526041667,0.77682069,2000,1.832059927,-2.576140403,4.40820033,0.00353611,196,20.0018783569336,493.204430998802
"US_SRR",2014,267,-11.2849674,NA,0.4668,0,0.009,500,8.428125,0.7582,2000,1.953333983,-2.538045337,4.49137932,0.003644156,197,20.9366279602051,431.648739526272
"US_SRR",2014,268,-9.231859208,NA,0.467885,0,0.009,500,8.345833333,0.749694118,2000,2.407920823,-1.989713423,4.397634246,0.002108256,198,19.6360260009766,345.405977877617
"US_SRR",2014,269,-7.914707827,NA,0.46897,0,0.009,500,8.167708333,0.741188235,2000,1.272421874,-2.941978966,4.21440084,0.002621336,199,18.2029739379883,428.138495343208
"US_SRR",2014,270,-6.775173235,NA,0.470055,0,0.009,500,8.002083333,0.732682353,2000,1.579297852,-2.67948796,4.258785812,0.003189411,200,18.5464111328125,480.086509261608
"US_SRR",2014,271,-5.379931277,NA,0.47114,0,0.009,500,7.967708333,0.724176471,2000,1.368672712,-2.84807332,4.216746032,0.001866888,201,18.758187866211,451.547489100933
"US_SRR",2014,272,-2.724750307,NA,0.472225,0,0.009,500,7.923958333,0.715670588,2000,0.7156787,-3.467351969,4.183030668,0.003017432,202,18.9063125610352,418.553002595901
"US_SRR",2014,273,-5.977037876,NA,0.47331,0,0.009,500,7.911458333,0.707164706,2000,0.629604813,-3.58193179,4.211536603,0.002736213,203,18.6499229431153,480.086523374081
"US_SRR",2014,274,-10.7652926,NA,0.474395,0,0.009,500,7.870833333,0.698658824,2000,0.831742186,-3.440910053,4.27265224,0.003439987,204,21.1563316345215,493.963276287556
"US_SRR",2014,275,-15.71479601,NA,0.47548,0,0.009,500,7.986458333,0.690152941,2000,0.766494052,-3.442543497,4.209037549,0.003394304,205,21.0282379150391,497.997173844337
"US_SRR",2014,276,-21.13421111,NA,0.475537857,0,0.009,500,7.967708333,0.681647059,2000,1.120596542,-3.197301669,4.317898211,0.002821397,206,23.892163848877,491.003319746017
"US_SRR",2014,277,-26.56132885,NA,0.475595714,0,0.009,500,8.011458333,0.673141176,2000,1.090546943,-3.268028067,4.35857501,0.00268999,207,22.1196342468262,488.340672175407
"US_SRR",2014,278,-31.6635675,NA,0.475653571,0,0.009,500,8.054166667,0.664635294,2000,1.267127017,-3.132100119,4.399227136,0.002605314,208,21.4809318542481,485.926560366631
"US_SRR",2014,279,-36.74158336,NA,0.475711429,0,0.009,500,8.1875,0.656129412,2000,1.278818861,-3.087158457,4.365977317,0.002703757,209,20.6528678894043,478.409048610449
"US_SRR",2014,280,-39.4586895,NA,0.475769286,0,0.009,500,8.320833333,0.647623529,2000,1.296126566,-2.916684483,4.212811049,0.000413973,210,20.2584663391114,462.921393750429
"US_SRR",2014,281,-37.18605608,NA,0.475827143,0,0.009,500,8.460416667,0.639117647,2000,0.796815146,-3.443043979,4.239859124,0.001113636,211,20.0920997619629,451.423232308388
"US_SRR",2014,282,-11.7987132,NA,0.475885,0,0.009,500,8.822916667,0.630611765,2000,-0.372435254,-4.370320704,3.99788545,0.001436973,212,19.9463592529297,451.361127096891
"US_SRR",2014,283,0.066341713,NA,0.475942857,0,0.009,500,8.978125,0.622105882,2000,-0.129195935,-4.019389731,3.890193796,0.003420565,213,18.0306564331055,440.723884693384
"US_SRR",2014,284,0.951993247,NA,0.476000714,0,0.009,500,9.054166667,0.6136,2000,0.528099084,-3.448081584,3.976180668,0.001911584,214,17.8474403381348,429.957964513302
"US_SRR",2014,285,2.004974494,NA,0.476058571,0,0.009,500,9.158333333,0.605094118,2000,1.14094596,-2.956057078,4.097003038,0.002981281,215,21.2977195739746,443.359891443968
"US_SRR",2014,286,2.086713689,NA,0.476116429,0,0.009,500,9.258333333,0.596588235,2000,0.715564051,-3.203748617,3.919312668,0.002441166,216,22.0492378234864,435.842399596453
"US_SRR",2014,287,1.757071117,NA,0.476174286,0,0.009,500,9.502083333,0.588082353,2000,0.010506405,-3.745729395,3.756235801,0.002706905,217,19.1266151428223,355.461851682901
"US_SRR",2014,288,0.834274616,NA,0.476232143,0,0.009,500,9.428125,0.579576471,2000,2.217984906,-1.52386327,3.741848176,0.00333766,218,18.9969268798828,273.803259734034
"US_SRR",2014,289,-1.283748588,NA,0.47629,0,0.009,500,9.5,0.571070588,2000,1.041009474,-2.710015454,3.751024927,0.002159942,219,16.8900772094727,334.892995542765
"US_SRR",2014,290,-5.35626593,NA,0.477083571,0,0.009,500,9.598958333,0.562564706,2000,1.041628546,-2.737008879,3.778637426,0.003084383,220,17.0857902526856,331.520318733931
"US_SRR",2014,291,-9.290997238,NA,0.477877143,0,0.009,500,9.65,0.554058824,2000,0.706840019,-3.084704702,3.791544721,0.003354497,221,19.5420318603516,354.85832322669
"US_SRR",2014,292,-13.70922121,NA,0.478670714,0,0.009,500,9.745833333,0.545552941,2000,1.366748258,-2.411969853,3.778718111,0.003302079,222,18.7940803527832,373.514512940168
"US_SRR",2014,293,-18.7916965,NA,0.479464286,0,0.009,500,9.808333333,0.537047059,2000,1.567133025,-2.129500053,3.696633077,0.001739366,223,18.6033226013184,230.76618782866
"US_SRR",2014,294,-22.94098686,NA,0.480257857,0,0.009,500,9.84375,0.528541176,2000,0.580082562,-3.111910259,3.691992821,0.002588635,224,15.5065971374512,316.716060482383
"US_SRR",2014,295,-24.15947351,NA,0.481051429,0,0.009,500,9.869791667,0.520035294,2000,1.210896957,-2.502015949,3.712912906,0.00376263,225,15.4417587280274,378.30726284194
"US_SRR",2014,296,-18.34347382,NA,0.481845,0,0.009,500,9.882291667,0.511529412,2000,1.298388422,-2.420949258,3.719337681,0.002737431,226,17.7403579711914,243.236196879506
"US_SRR",2014,297,-22.12146654,NA,0.482638571,0,0.009,500,9.894791667,0.503023529,2000,0.872583157,-2.792397276,3.664980433,0.004437616,227,17.5714164733887,311.146721125722
"US_SRR",2014,298,-19.47474834,NA,0.483432143,0,0.009,500,10.06145833,0.494517647,2000,1.47431736,-2.093751457,3.568068816,0.00349807,228,19.2053352355957,272.698264128476
"US_SRR",2014,299,-9.656872621,NA,0.484225714,0,0.009,500,9.811458333,0.486011765,2000,0.642036483,-2.932275027,3.57431151,0.003273759,229,16.1361709594727,306.842125429034
"US_SRR",2014,300,-11.04400654,NA,0.485019286,0,0.009,500,9.45,0.477505882,2000,0.821332635,-2.767591981,3.588924616,0.00300079,230,14.9436470031739,358.443998323441
"US_SRR",2014,301,-18.78936544,NA,0.485812857,0,0.009,500,9.238541667,0.469,2000,0.752709366,-2.858375574,3.61108494,0.003898334,231,14.5970359802246,358.004668989181
"US_SRR",2014,302,-23.62414006,NA,0.486606429,0,0.009,500,9.1625,0.469953333,2000,1.092006785,-2.544901181,3.636907967,0.003673766,232,16.7847915649414,334.768731630981
"US_SRR",2014,303,-27.56160783,NA,0.4874,0,0.009,500,9.258333333,0.470906667,2000,1.528156621,-2.047624382,3.575781003,0.002397386,233,18.7567993164063,307.174957761407
"US_SRR",2014,304,-32.50193901,NA,0.487161429,0,0.009,500,9.180208333,0.47186,2000,2.648740951,-0.845044047,3.493784998,0.001964143,234,16.9323173522949,191.79407786721
"US_SRR",2014,305,-36.89203821,NA,0.486922857,0,0.009,500,9.059375,0.472813333,2000,1.84972217,-1.576576804,3.426298974,0.002595611,235,14.2395072937012,224.149543992639
"US_SRR",2014,306,-40.94681921,NA,0.486684286,0,0.009,500,9.054166667,0.473766667,2000,0.941866673,-2.453183238,3.395049911,0.003183878,236,12.9280067443848,330.615026585132
"US_SRR",2014,307,-43.97299377,NA,0.486445714,0,0.009,500,9.111458333,0.47472,2000,1.113446705,-2.261571319,3.375018023,0.003227321,237,13.0215965270996,309.39826412186
"US_SRR",2014,308,-44.8572264,NA,0.486207143,0,0.009,500,9.116666667,0.475673333,2000,1.02797891,-2.312041059,3.340019969,0.003188492,238,14.50185546875,327.646182588011
"US_SRR",2014,309,-36.34717781,NA,0.485968571,0,0.009,500,9.076041667,0.476626667,2000,1.14907099,-2.231022636,3.380093626,0.00332526,239,15.7633834838867,328.542604228795
"US_SRR",2014,310,-7.712209484,NA,0.48573,0,0.009,500,9.071875,0.47758,2000,1.317154577,-2.102421745,3.419576323,0.003281937,240,15.5625205993653,316.010475003451
"US_SRR",2014,311,-1.380335635,NA,0.485491429,0,0.009,500,9.108333333,0.478533333,2000,1.346318515,-2.072395273,3.418713789,0.003393703,241,15.3798881530762,302.70616393505
"US_SRR",2014,312,-0.121663505,NA,0.485014286,0,0.009,500,9.135416667,0.479486667,2000,1.492439632,-1.96982947,3.462269101,0.003319361,242,16.1084114074707,300.03909238781
"US_SRR",2014,313,-0.197372345,NA,0.484775714,0,0.009,500,9.178125,0.48044,2000,1.630329341,-1.783066915,3.413396256,0.003117124,243,16.201806640625,317.124334281296
"US_SRR",2014,314,0.112202824,NA,0.484537143,0,0.009,500,9.251041667,0.481393333,2000,1.327153453,-2.058729993,3.385883446,0.004929644,244,15.0241561889649,317.61249239251
"US_SRR",2014,315,-0.356695365,NA,0.484298571,0,0.009,500,9.295833333,0.482346667,2000,1.648374413,-1.624774587,3.273149,0.002885095,245,15.2646842956543,250.460815230608
"US_SRR",2014,316,-3.346687784,NA,0.48406,0,0.009,500,9.347916667,0.4833,2000,1.513909879,-1.736544512,3.250454391,0.003117643,246,15.2010284423828,215.802177490562
"US_SRR",2014,317,-7.316537047,NA,0.483881429,0,0.009,500,9.433333333,0.486877778,2000,2.324413804,-0.934799086,3.25921289,0.002180725,247,15.6709800720215,151.890049959
"US_SRR",2014,318,-10.86471746,NA,0.483702857,0,0.009,500,9.426041667,0.490455556,2000,2.199518299,-1.040135451,3.239653751,0.00256205,248,14.9232231140137,226.683483994551
"US_SRR",2014,319,-13.99700602,NA,0.483524286,0,0.009,500,9.419791667,0.494033333,2000,1.519205595,-1.606580485,3.12578608,0.002657472,249,13.4907546997071,258.288966534696
"US_SRR",2014,320,-17.20915878,NA,0.483345714,0,0.009,500,9.389583333,0.497611111,2000,1.563434123,-1.45790322,3.021337343,0.00287815,250,12.757283782959,248.858802387545
"US_SRR",2014,321,-20.56497591,NA,0.483167143,0,0.009,500,9.38125,0.501188889,2000,1.101331584,-1.699241519,2.800573102,0.002529002,251,12.2784019470215,271.70864881831
"US_SRR",2014,322,-24.28008063,NA,0.482988571,0,0.009,500,9.367708333,0.504766667,2000,1.368578521,-1.373553739,2.74213226,0.002443159,252,11.2976432800293,246.737565275175
"US_SRR",2014,323,-27.99655359,NA,0.48281,0,0.009,500,9.4,0.508344444,2000,1.800247596,-0.800342298,2.600589893,0.001364944,253,12.9494262695313,111.733064099028
"US_SRR",2014,324,-31.36311387,NA,0.482631429,0,0.009,500,9.376041667,0.511922222,2000,2.071517793,-0.601343718,2.672861511,0.001288181,254,13.2508293151856,83.1452342047691
"US_SRR",2014,325,-34.88975731,NA,0.482452857,0,0.009,500,9.3375,0.5155,2000,1.683636795,-0.938055055,2.62169185,0.0016942,255,12.9058013916016,143.897701828599
"US_SRR",2014,326,-35.32237201,NA,0.482274286,0,0.009,500,9.211458333,0.519077778,2000,2.045840305,-0.910845075,2.95668538,0.003108099,256,15.1762405395508,94.758763723731
"US_SRR",2014,327,1.757071117,NA,0.482095714,0,0.009,500,8.958333333,0.522655556,2000,1.277061238,-1.3854207,2.662481938,0.002792429,257,12.4925590515137,241.958138983726
"US_SRR",2014,328,0.834274616,NA,0.481917143,0,0.009,500,8.948958333,0.526233333,2000,1.085810294,-1.418823404,2.504633699,0.002325302,258,11.6149269104004,272.77370181489
"US_SRR",2014,329,-1.283748588,NA,0.481738571,0,0.009,500,8.922916667,0.529811111,2000,1.176010626,-1.35867219,2.534682817,0.002374614,259,11.879239654541,270.306328526735
"US_SRR",2014,330,-5.35626593,NA,0.48156,0,0.009,500,8.910416667,0.533388889,2000,1.236728581,-1.353964811,2.590693392,0.002493358,260,12.1154075622559,269.591856127739
"US_SRR",2014,331,-9.290997238,NA,0.481487857,0,0.009,500,8.904166667,0.536966667,2000,1.289795049,-1.286727232,2.576522282,0.00230655,261,12.5740562438965,241.962575340271
"US_SRR",2014,332,-13.70922121,NA,0.481415714,0,0.009,500,8.877083333,0.540544444,2000,1.462757118,-1.180396738,2.643153856,0.001998499,262,9.87331924438479,262.42048955369
"US_SRR",2014,333,-18.7916965,NA,0.481343571,0,0.009,500,8.86875,0.544122222,2000,2.001662174,-0.798253871,2.799916045,0.002143788,263,14.1003051757813,134.241213768125
"US_SRR",2014,334,-22.94098686,NA,0.481271429,0,0.009,500,8.740625,0.5477,2000,2.047553436,-0.560539224,2.60809266,0.001595691,264,13.6018043518067,77.9575303785801
"US_SRR",2014,335,-24.15947351,NA,0.481199286,0,0.009,500,8.652083333,0.551277778,2000,1.735673206,-1.025560726,2.761233932,0.002424134,265,13.5809837341309,136.082864846945
"US_SRR",2014,336,-18.34347382,NA,0.481127143,0,0.009,500,8.221875,0.554855556,2000,2.242133909,-0.409941387,2.652075296,0.00155091,266,12.8086372375489,115.469633800983
"US_SRR",2014,337,-22.12146654,NA,0.481055,0,0.009,500,7.534375,0.558433333,2000,2.101460134,-0.743668392,2.845128526,0.002377707,267,15.6444107055664,49.6404032696486
"US_SRR",2014,338,-19.47474834,NA,0.480982857,0,0.009,500,6.482291667,0.562011111,2000,2.142601577,-0.721712933,2.86431451,0.002218325,268,15.4025016784668,158.524447730422
"US_SRR",2014,339,-9.656872621,NA,0.480910714,0,0.009,500,6.2875,0.565588889,2000,2.183000153,-0.585635204,2.768635357,0.001972833,269,14.99599609375,161.195960579872
"US_SRR",2014,340,-11.04400654,NA,0.480838571,0,0.009,500,6.352083333,0.569166667,2000,1.924070375,-0.965343081,2.889413456,0.002803328,270,16.3334709167481,135.390586516082
"US_SRR",2014,341,-18.78936544,NA,0.480766429,0,0.009,500,6.283333333,0.572744444,2000,2.029912157,-0.697807975,2.727720133,0.002060412,271,14.6483894348145,157.432768471241
"US_SRR",2014,342,-23.62414006,NA,0.480694286,0,0.009,500,6.3375,0.576322222,2000,2.13463521,-0.524495659,2.659130869,0.001668109,272,13.4278999328614,127.67337993443
"US_SRR",2014,343,-27.56160783,NA,0.480622143,0,0.009,500,6.422916667,0.5799,2000,2.291067705,-0.407356736,2.698424441,0.001595424,273,14.7475334167481,92.9925484727621
"US_SRR",2014,344,-32.50193901,NA,0.48055,0,0.009,500,6.64375,0.603403333,2000,2.276781128,-0.34260984,2.619390969,0.001256965,274,13.8669219970703,130.420327351689
"US_SRR",2014,345,-36.89203821,NA,0.477471429,0,0.009,500,6.372916667,0.626906667,2000,2.463765265,-0.108340786,2.572106051,0.001247592,275,15.8193031311035,55.4982015019059
"US_SRR",2014,346,-40.94681921,NA,0.474392857,0,0.009,500,2.765625,0.65041,2000,1.864442373,-0.354202335,2.218644708,0.000838751,276,11.2161499023438,125.361318344146
"US_SRR",2014,347,-43.97299377,NA,0.471314286,0,0.009,500,1.935416667,0.673913333,2000,1.409202316,-0.612797541,2.021999856,0.001154256,277,10.3242317199707,126.018103082061
"US_SRR",2014,348,-44.8572264,NA,0.468235714,0,0.009,500,2.234375,0.697416667,2000,1.744078339,-0.315719746,2.059798085,0.000669382,278,10.0745864868164,137.46299813056
"US_SRR",2014,349,-36.34717781,NA,0.465157143,0,0.009,500,2.052083333,0.72092,2000,1.856914812,-0.200930693,2.057845506,0.000568054,279,10.8491188049317,81.9248585203886
"US_SRR",2014,350,-7.712209484,NA,0.462078571,0,0.009,500,1.805208333,0.744423333,2000,1.641196489,-0.445709088,2.086905577,0.001135387,280,11.350789642334,147.918284393549
"US_SRR",2014,351,-1.380335635,NA,0.459,0,0.009,500,1.657291667,0.767926667,2000,1.51730816,-0.664152931,2.181461091,0.000839485,281,11.5705009460449,125.663086131871
"US_SRR",2014,352,-0.121663505,NA,0.455921429,0,0.009,500,1.801041667,0.79143,2000,1.749176051,-0.408268278,2.157444329,0.001156022,282,12.1362281799317,114.84834933424
"US_SRR",2014,353,-0.197372345,NA,0.452842857,0,0.009,500,2.172916667,0.814933333,2000,2.013241056,-0.116207077,2.129448133,0.000847327,283,12.9500213623047,93.134556235671
"US_SRR",2014,354,0.112202824,NA,0.449764286,0,0.009,500,1.855208333,0.838436667,2000,1.937962302,-0.378403214,2.316365516,0.001366363,284,13.0787063598633,80.3317164905071
"US_SRR",2014,355,-0.356695365,NA,0.446685714,0,0.009,500,2.096875,0.86194,2000,2.013534083,-0.661437171,2.674971254,0.002217176,285,15.4243103027344,90.3299143846035
"US_SRR",2014,356,-3.346687784,NA,0.443607143,0,0.009,500,2.246875,0.885443333,2000,2.132146451,-0.414337181,2.546483632,0.001638933,286,14.3636413574219,137.369810954332
"US_SRR",2014,357,-7.316537047,NA,0.440528571,0,0.009,500,2.388541667,0.908946667,2000,1.708478534,-0.368076421,2.076554955,0.000783693,287,13.0808921813965,225.720499703646
"US_SRR",2014,358,-10.86471746,NA,0.43745,0,0.009,500,2.466666667,0.93245,2000,1.557133081,-0.561698451,2.118831532,0.003838655,288,11.776326751709,157.028935533524
"US_SRR",2014,359,-13.99700602,NA,0.435583571,0,0.009,500,2.26875,0.955953333,2000,1.146294827,-0.865938952,2.012233778,0.001748753,289,10.3557678222656,194.212641720057
"US_SRR",2014,360,-17.20915878,NA,0.433717143,0,0.009,500,2.335416667,0.979456667,2000,1.017548968,-0.793355878,1.810904846,0.001229619,290,9.55584869384768,253.957746059895
"US_SRR",2014,361,-20.56497591,NA,0.431850714,0,0.009,500,2.307291667,1.00296,2000,1.051236091,-0.539689945,1.590926036,0.000327682,291,7.74406204223635,249.826218922138
"US_SRR",2014,362,-24.28008063,NA,0.429984286,0,0.009,500,2.221875,1.026463333,2000,0.983911196,-0.711594878,1.695506074,0.000762181,292,8.4791313171387,237.440528618574
"US_SRR",2014,363,-27.99655359,NA,0.428117857,0,0.009,500,2.198958333,1.049966667,2000,1.120435451,-0.512024789,1.63246024,-0.000455244,293,7.51165924072268,224.708690864801
"US_SRR",2014,364,-31.36311387,NA,0.426251429,0,0.009,500,2.241666667,1.07347,2000,0.854777063,-0.733374856,1.588151919,0.0000432,294,7.96138916015627,227.446767585039
"US_SRR",2014,365,-34.88975731,NA,0.424385,0,0.009,500,2.290625,1.096973333,2000,0.788900691,-0.767496395,1.556397086,-0.001441836,295,7.84478912353518,262.345044527531
"US_SRR",2015,1,0.480358594,NA,0.422518571,0,0.009,500,2.394791667,1.120476667,2000,0.718169271,-0.701567584,1.419736855,-0.001920182,296,6.9934135437012,256.836834101677
"US_SRR",2015,2,0.338771915,NA,0.420652143,0,0.009,500,2.486458333,1.14398,2000,0.705572847,-0.724911684,1.430484531,-0.001989552,297,5.42910919189455,260.829224860668
"US_SRR",2015,3,0.412859147,NA,0.418785714,0,0.009,500,2.528125,1.167483333,2000,0.709451021,-0.749919336,1.459370357,-0.002055056,298,5.87713394165041,257.837139259338
"US_SRR",2015,4,-0.031562891,NA,0.416919286,0,0.009,500,2.458333333,1.190986667,2000,0.808811855,-0.702613429,1.511425284,-0.00173876,299,7.66566619873049,234.192586662292
"US_SRR",2015,5,-2.090397391,NA,0.415052857,0,0.009,500,2.329166667,1.21449,2000,0.785758628,-0.769300023,1.555058651,-0.00142201,300,7.42921218872073,238.335478372574
"US_SRR",2015,6,-4.884327225,NA,0.413186429,0,0.009,500,2.221875,1.237993333,2000,0.791363753,-0.898829497,1.69019325,-0.000709222,301,7.7719779968262,237.029756628513
"US_SRR",2015,7,-8.066632259,NA,0.41132,0,0.009,500,2.167708333,1.261496667,2000,0.889821623,-0.922086689,1.811908311,-0.000427178,302,8.42229614257815,251.388222159386
"US_SRR",2015,8,-2.563197575,NA,0.410267857,0,0.009,500,2.1125,1.285,2000,1.060775199,-0.764077656,1.824852855,0.0000124,303,10.5493789672852,226.424677053928
"US_SRR",2015,9,-0.130481001,NA,0.409215714,0,0.009,500,2.155208333,1.274803704,2000,1.232324678,-0.675530912,1.90785559,0.0000135,304,10.3213516235352,148.935883126259
"US_SRR",2015,10,-3.865045028,NA,0.408163571,0,0.009,500,2.032291667,1.264607407,2000,1.107033044,-0.850111535,1.957144578,0.000474047,305,10.9505783081055,212.026370501041
"US_SRR",2015,11,-7.284256906,NA,0.407111429,0,0.009,500,2.021875,1.254411111,2000,1.016769904,-0.908243579,1.925013483,0.000287505,306,9.91762313842776,230.771174193621
"US_SRR",2015,12,-9.720064672,NA,0.406059286,0,0.009,500,2.032291667,1.244214815,2000,1.093188334,-0.871853723,1.965042057,0.000765581,307,9.70268402099612,252.034441853046
"US_SRR",2015,13,-11.32449411,NA,0.405007143,0,0.009,500,2.1625,1.234018519,2000,1.035219987,-0.890911028,1.926131015,0.000680367,308,10.8748527526856,254.787517107487
"US_SRR",2015,14,-12.35852281,NA,0.403955,0,0.009,500,2.130208333,1.223822222,2000,1.162622184,-0.565795668,1.728417852,-0.000340133,309,9.1763854980469,268.331572009087
"US_SRR",2015,15,-11.92205678,NA,0.402902857,0,0.009,500,2.128125,1.213625926,2000,1.155943731,-0.49231643,1.648260161,-0.000424995,310,8.83636627197268,234.166035053253
"US_SRR",2015,16,-10.23786449,NA,0.401850714,0,0.009,500,2.102083333,1.20342963,2000,1.367840093,-0.387928651,1.755768744,-0.000451341,311,9.65079269409182,162.564032235622
"US_SRR",2015,17,-10.99089886,NA,0.400798571,0,0.009,500,2.133333333,1.193233333,2000,1.43771116,-0.405084398,1.842795558,-0.000303435,312,11.1838775634766,144.204313313007
"US_SRR",2015,18,-9.780114856,NA,0.399746429,0,0.009,500,2.216666667,1.183037037,2000,1.577183953,-0.349254931,1.926438884,-0.000170111,313,11.5629249572754,182.140939817905
"US_SRR",2015,19,-10.09612578,NA,0.398694286,0,0.009,500,2.369791667,1.172840741,2000,1.377138059,-0.678868994,2.056007052,0.000387763,314,12.1360412597656,183.004037973404
"US_SRR",2015,20,-12.81090086,NA,0.397642143,0,0.009,500,2.602083333,1.162644444,2000,1.086215116,-0.844390048,1.930605165,0.000481292,315,10.5185829162598,223.795532493114
"US_SRR",2015,21,-14.54951839,NA,0.39659,0,0.009,500,2.709375,1.152448148,2000,1.061033134,-0.727576912,1.788610046,-0.0000705,316,9.74465713500979,284.265744996071
"US_SRR",2015,22,-9.267078514,NA,0.394058571,0,0.009,500,2.819791667,1.142251852,2000,1.12387618,-0.567095463,1.690971643,-0.000816604,317,9.77671966552737,223.99029519844
"US_SRR",2015,23,-10.18227373,NA,0.391527143,0,0.009,500,2.866666667,1.132055556,2000,0.931943649,-0.751957394,1.683901043,-0.000606985,318,8.6956726074219,275.085889062881
"US_SRR",2015,24,-10.41147793,NA,0.388995714,0,0.009,500,2.889583333,1.121859259,2000,1.038346622,-0.671714727,1.710061349,-0.000314741,319,12.5395637512207,297.53536724472
"US_SRR",2015,25,-8.711221578,NA,0.386464286,0,0.009,500,2.927083333,1.111662963,2000,1.121286744,-0.588934275,1.71022102,-0.000567099,320,9.76279602050784,299.478465202332
"US_SRR",2015,26,-10.75926225,NA,0.383932857,0,0.009,500,2.917708333,1.101466667,2000,1.073666945,-0.722651342,1.796318287,-0.000012,321,9.4006172180176,273.262315683365
"US_SRR",2015,27,-12.09860939,NA,0.381401429,0,0.009,500,2.934375,1.09127037,2000,1.287248683,-0.784017738,2.071266421,0.000450306,322,12.5446258544922,210.623282272816
"US_SRR",2015,28,-12.35391136,NA,0.37887,0,0.009,500,2.9625,1.081074074,2000,1.085166177,-1.022899224,2.108065401,0.000969149,323,12.9302154541016,253.583600220203
"US_SRR",2015,29,-7.048667618,NA,0.376338571,0,0.009,500,3.008333333,1.070877778,2000,1.075359253,-1.017211497,2.092570749,0.001032377,324,10.9969917297364,298.159472189903
"US_SRR",2015,30,-0.681878514,NA,0.373807143,0,0.009,500,3.084375,1.060681481,2000,1.085595925,-1.13939595,2.224991875,0.000809193,325,11.4931045532227,295.81802953434
"US_SRR",2015,31,0.297218201,NA,0.371275714,0,0.009,500,3.160416667,1.050485185,2000,1.157122497,-1.358820223,2.51594272,0.000170782,326,13.4339347839356,327.836874947548
"US_SRR",2015,32,-0.361205463,NA,0.368744286,0,0.009,500,3.251041667,1.040288889,2000,1.070441735,-0.823465032,1.893906767,0.000103339,327,10.9948745727539,292.861343558311
"US_SRR",2015,33,-2.332625138,NA,0.366212857,0,0.009,500,3.31875,1.030092593,2000,1.15682195,-0.956957535,2.113779485,0.000754633,328,12.3088088989258,299.102247853279
"US_SRR",2015,34,-5.846853131,NA,0.363681429,0,0.009,500,3.390625,1.019896296,2000,1.178227735,-1.004237026,2.182464761,0.001042083,329,13.6155448913574,295.853429663658
"US_SRR",2015,35,-8.691356875,NA,0.36115,0,0.009,500,3.41875,1.0097,2000,1.220911088,-1.002969688,2.223880776,0.000962316,330,12.125074005127,293.250853848457
"US_SRR",2015,36,-10.73483677,NA,0.359076429,0,0.009,500,3.358333333,1.02235,2000,1.413459402,-0.788480338,2.20193974,0.000879452,331,12.3921180725098,196.29580269146
"US_SRR",2015,37,-12.36115792,NA,0.357002857,0,0.009,500,3.404166667,1.035,2000,2.154955873,-0.357070311,2.512026184,0.000687324,332,15.0562492370606,123.268577744484
"US_SRR",2015,38,-13.86793613,NA,0.354929286,0,0.009,500,3.228125,1.04765,2000,1.571452572,-1.113452975,2.684905547,0.001712536,333,16.6536689758301,120.524358759582
"US_SRR",2015,39,-15.04583189,NA,0.352855714,0,0.009,500,3.111458333,1.0603,2000,2.11304688,-0.461438579,2.574485459,0.000582792,334,15.8352333068848,167.773619718552
"US_SRR",2015,40,-15.93928742,NA,0.350782143,0,0.009,500,2.917708333,1.07295,2000,1.105334778,-1.489042956,2.594377734,0.000693963,335,15.9421821594239,193.378964289665
"US_SRR",2015,41,-16.53538051,NA,0.348708571,0,0.009,500,2.809375,1.0856,2000,0.829414313,-1.430920094,2.260334407,0.001130157,336,11.2819572448731,306.569165135384
"US_SRR",2015,42,-17.1705949,NA,0.346635,0,0.009,500,2.901041667,1.09825,2000,0.849741895,-1.37725069,2.226992585,0.000999675,337,11.9548469543457,311.637132444382
"US_SRR",2015,43,-17.49086255,NA,0.344561429,0,0.009,500,2.996875,1.1109,2000,0.772845396,-1.671696038,2.444541434,0.001349306,338,13.3575798034668,342.270578605652
"US_SRR",2015,44,-18.49154693,NA,0.342487857,0,0.009,500,3.173958333,1.12355,2000,0.71935418,-1.806253611,2.525607791,0.001212908,339,14.3812461853028,353.074843633652
"US_SRR",2015,45,-18.63744101,NA,0.340414286,0,0.009,500,3.254166667,1.1362,2000,0.843841825,-1.852436185,2.69627801,0.001502519,340,15.1119247436524,378.379194366455
"US_SRR",2015,46,-19.34821222,NA,0.338340714,0,0.009,500,3.105208333,1.14885,2000,0.814411744,-1.832953869,2.647365613,0.001180497,341,15.1758514404297,358.262300239563
"US_SRR",2015,47,-20.36328837,NA,0.336267143,0,0.009,500,2.9875,1.1615,2000,0.636608343,-2.159488318,2.796096661,0.002191905,342,13.8994651794434,384.859109512329
"US_SRR",2015,48,-21.08931283,NA,0.334193571,0,0.009,500,2.941666667,1.17415,2000,0.42785156,-2.089189546,2.517041106,-0.008321352,343,13.0839935302735,317.72752117157
"US_SRR",2015,49,-21.48503594,NA,0.33212,0,0.009,500,2.76875,1.1868,2000,0.485608173,-2.087745396,2.57335357,-0.000638289,344,11.8590866088867,371.549634649277
"US_SRR",2015,50,-22.38604208,NA,0.328875714,0,0.009,500,2.5625,1.19945,2000,1.317227,-1.089280093,2.406507093,-0.000191859,345,12.1174789428711,364.211065149034
"US_SRR",2015,51,-23.5257287,NA,0.325631429,0,0.009,500,2.310416667,1.2121,2000,0.679673521,-1.981304552,2.660978074,0.00161311,346,12.9576393127442,371.784220893532
"US_SRR",2015,52,-24.35462394,NA,0.322387143,0,0.009,500,2.180208333,1.22475,2000,0.570207846,-1.924365935,2.494573781,0.00106498,347,12.5927177429199,396.035154839814
"US_SRR",2015,53,-24.82575184,NA,0.319142857,0,0.009,500,2.286458333,1.2374,2000,0.568858765,-1.921865203,2.490723969,0.002673085,348,12.1727462768555,386.217944133479
"US_SRR",2015,54,-25.76395362,NA,0.315898571,0,0.009,500,2.40625,1.25005,2000,0.685963114,-1.533241063,2.219204177,0.002750763,349,13.313493347168,417.714488028921
"US_SRR",2015,55,-26.38928634,NA,0.312654286,0,0.009,500,2.220833333,1.2627,2000,0.476458388,-1.667362019,2.143820406,0.002150875,350,11.1610961914063,435.684714231104
"US_SRR",2015,56,-26.68153057,NA,0.30941,0,0.009,500,2.169791667,1.27535,2000,0.462452996,-1.691243456,2.153696451,0.001818474,351,11.1473823547364,431.27182021559
"US_SRR",2015,57,-16.2666496,NA,0.306165714,0,0.009,500,2.204166667,1.288,2000,0.733120236,-1.795389903,2.528510139,0.003141018,352,12.4043556213379,417.683520279139
"US_SRR",2015,58,-8.346765101,NA,0.302921429,0,0.009,500,2.260416667,1.30065,2000,0.341087479,-2.124875984,2.465963463,0.006609333,353,14.5358673095703,405.024702049062
"US_SRR",2015,59,-6.557725691,NA,0.299677143,0,0.009,500,2.175,1.3133,2000,0.583957476,-1.572013476,2.155970952,0.002488414,354,11.879541015625,371.655861088604
"US_SRR",2015,60,-0.136460681,NA,0.296432857,0,0.009,500,2.011458333,1.32595,2000,0.251501593,-2.020210345,2.271711938,0.001101386,355,11.445645904541,403.249809659302
"US_SRR",2015,61,-0.531068938,NA,0.293188571,0,0.009,500,2.021875,1.3386,2000,0.284330011,-2.074574603,2.358904613,0.002198857,356,11.5603996276856,367.530674388647
"US_SRR",2015,62,-2.199501228,NA,0.289944286,0,0.009,500,2.010416667,1.35125,2000,0.293202265,-2.028692289,2.321894555,0.001592952,357,11.0868431091309,406.392385281056
"US_SRR",2015,63,-5.265506538,NA,0.2867,0,0.009,500,2.017708333,1.3639,2000,0.19747141,-2.270033572,2.467504982,0.002123329,358,11.3509346008301,458.523702829093
"US_SRR",2015,64,-8.07078763,NA,0.2867,0,0.009,500,2.038541667,1.37655,2000,0.08256396,-2.355698934,2.438262894,0.002106414,359,13.2955642700196,474.798700438559
"US_SRR",2015,65,-10.21125998,NA,0.2867,0,0.009,500,2.042708333,1.3892,2000,0.22984924,-2.482430008,2.712279248,0.002291256,360,14.0245567321778,487.904551916599
"US_SRR",2015,66,-11.83940543,NA,0.2867,0,0.009,500,2.016666667,1.40185,2000,0.253451709,-2.688035859,2.941487568,0.002120912,361,13.0601516723633,487.785046554148
"US_SRR",2015,67,-12.86831593,NA,0.2867,0,0.009,500,2.036458333,1.4145,2000,0.107675765,-2.961330805,3.06900657,0.001718209,362,13.8819709777832,477.724388683677
"US_SRR",2015,68,-14.10504567,NA,0.2867,0,0.009,500,2.036458333,1.42715,2000,-0.112455012,-3.312495978,3.200040966,0.003214978,363,13.6900077819824,491.193184289336
"US_SRR",2015,69,-15.15772287,NA,0.2867,0,0.009,500,2.004166667,1.4398,2000,0.690772332,-2.482297809,3.17307014,0.002208886,364,13.6587921142578,388.829363850117
"US_SRR",2015,70,-16.12328929,NA,0.2867,0,0.009,500,2.095833333,1.435372414,2000,0.23576351,-3.084869273,3.320632783,0.001655404,365,15.0376831054688,276.391595607683
"US_SRR",2015,71,-16.58093757,NA,0.2867,0,0.009,500,2.102083333,1.430944828,2000,-0.180154441,-3.665359304,3.485204863,0.002127825,366,14.6677032470703,431.24084446454
"US_SRR",2015,72,-12.03440384,NA,0.2867,0,0.009,500,2.092708333,1.426517241,2000,0.164363439,-3.762778499,3.927141938,0.002263345,367,16.1124092102051,467.672582420588
"US_SRR",2015,73,-8.783028422,NA,0.2867,0,0.009,500,2.148958333,1.422089655,2000,0.229551293,-4.018503113,4.248054406,0.00162903,368,18.8480392456055,437.083368402362
"US_SRR",2015,74,-8.593908349,NA,0.2867,0,0.009,500,2.2125,1.417662069,2000,-0.11295569,-4.290175486,4.177219795,-0.001003946,369,19.1266876220703,410.353787097931
"US_SRR",2015,75,-4.920306661,NA,0.2867,0,0.009,500,2.319791667,1.413234483,2000,1.040343083,-2.867043362,3.907386445,0.000708934,370,15.1918769836426,331.222888042927
"US_SRR",2015,76,-6.809784438,NA,0.2867,0,0.009,500,2.391666667,1.408806897,2000,-0.599000883,-4.533252601,3.934251718,0.002111076,371,15.5323310852051,412.071131108522
"US_SRR",2015,77,-9.275237231,NA,0.2867,0,0.009,500,2.470833333,1.40437931,2000,-0.359685236,-4.385204781,4.025519545,0.00195874,372,14.365007019043,524.92496419549
"US_SRR",2015,78,-11.67775135,NA,0.2867,0,0.009,500,2.5875,1.399951724,2000,0.189322383,-4.06702605,4.256348433,0.003064295,373,15.3332038879395,519.918970045566
"US_SRR",2015,79,-14.63277784,NA,0.2867,0,0.009,500,2.634375,1.395524138,2000,-0.312329956,-4.271358295,3.95902834,0.000467543,374,14.8957305908203,424.229800618648
"US_SRR",2015,80,-21.12833278,NA,0.2867,0,0.009,500,2.659375,1.391096552,2000,-0.469291527,-4.567078508,4.097786981,0.002639774,375,14.8229499816895,464.481313885927
"US_SRR",2015,81,1.040168201,NA,0.2867,0,0.009,500,2.736458333,1.386668966,2000,-0.474623212,-4.559380303,4.084757091,0.001929365,376,16.0832954406739,385.310562720537
"US_SRR",2015,82,-3.682512738,NA,0.2867,0,0.009,500,2.763541667,1.382241379,2000,-0.749527499,-4.67830113,3.928773631,0.001955254,377,14.6628509521485,434.582597065925
"US_SRR",2015,83,-10.70473567,NA,0.2867,0,0.009,500,2.789583333,1.377813793,2000,-1.124871905,-5.045128927,3.920257022,0.002076487,378,14.4192176818848,390.692783039808
"US_SRR",2015,84,-8.285904113,NA,0.2867,0,0.009,500,2.842708333,1.373386207,2000,-0.502577425,-4.748806152,4.246228727,0.002649316,379,15.7662635803223,489.767971862316
"US_SRR",2015,85,-10.68076627,NA,0.2867,0,0.009,500,2.885416667,1.368958621,2000,-0.356013752,-5.095341606,4.739327854,0.002284719,380,17.3539787292481,547.498367778778
"US_SRR",2015,86,-12.56836906,NA,0.2867,0,0.009,500,2.873958333,1.364531034,2000,-0.572894447,-5.439583781,4.866689334,0.004515124,381,17.6353622436524,567.053151036262
"US_SRR",2015,87,-13.83433843,NA,0.2867,0,0.009,500,2.827083333,1.360103448,2000,-0.101636998,-4.890121552,4.788484553,0.002244794,382,15.5260025024414,557.346592427254
"US_SRR",2015,88,-14.606224,NA,0.2867,0,0.009,500,2.848958333,1.355675862,2000,-0.064835091,-5.113026942,5.048191851,0.001874803,383,16.758504486084,583.332580623627
"US_SRR",2015,89,-15.15002023,NA,0.2867,0,0.009,500,2.858333333,1.351248276,2000,-1.431077363,-6.437479488,5.006402125,0.002945607,384,17.4349800109864,565.866951350212
"US_SRR",2015,90,-15.59570915,NA,0.2867,0,0.009,500,2.853125,1.34682069,2000,-1.292854705,-5.968477757,4.675623051,0.003932004,385,16.0269752502442,562.848311115742
"US_SRR",2015,91,-15.22740135,NA,0.2867,0,0.009,500,2.873958333,1.342393103,2000,-2.299868842,-6.48147964,4.181610798,0.001445276,386,14.2447715759278,588.546607487202
"US_SRR",2015,92,-13.4554395,NA,0.2867,0,0.009,500,2.898958333,1.337965517,2000,-0.505199101,-4.775498885,4.270299784,0.003570524,387,13.9066444396973,598.580687854767
"US_SRR",2015,93,-15.27351584,NA,0.2867,0,0.009,500,2.990625,1.333537931,2000,-0.968683318,-5.198109912,4.229426594,0.004956563,388,14.1542793273926,615.227494839191
"US_SRR",2015,94,-17.40253557,NA,0.2867,0,0.009,500,2.960416667,1.329110345,2000,-2.255825318,-6.110672271,3.854846953,-0.000417229,389,13.6037384033203,609.154802648544
"US_SRR",2015,95,-18.2533732,NA,0.2867,0,0.009,500,2.991666667,1.324682759,2000,-0.999330871,-4.431151532,3.431820661,0.000756866,390,11.7188125610352,462.830359482288
"US_SRR",2015,96,-5.375218478,NA,0.2867,0,0.009,500,3.036458333,1.320255172,2000,-1.814110588,-5.12700725,3.312896662,0.002115363,391,10.6810012817383,481.90267913723
"US_SRR",2015,97,-1.604016237,NA,0.2867,0,0.009,500,3.08125,1.315827586,2000,-1.011039723,-4.341562804,3.330523081,0.001832784,392,12.6505180358887,416.807127449989
"US_SRR",2015,98,-5.17758496,NA,0.2867,0,0.009,500,3.151041667,1.3114,2000,-1.707146,-4.953332263,3.246186263,0.002542664,393,11.5536399841309,507.348675244808
"US_SRR",2015,99,-8.359839319,NA,0.2867,0,0.009,500,3.270833333,1.323507692,2000,-1.620577015,-5.246131739,3.625554725,0.002808117,394,12.3712326049805,525.45167165947
"US_SRR",2015,100,-10.87895721,NA,0.2867,0,0.009,500,3.336458333,1.335615385,2000,-2.063072961,-6.10593939,4.042866429,0.002512269,395,13.8091903686524,616.935975461006
"US_SRR",2015,101,-12.64585153,NA,0.2867,0,0.009,500,3.326041667,1.347723077,2000,-2.089712748,-6.276869468,4.18715672,0.003458066,396,14.5641227722168,612.288527576447
"US_SRR",2015,102,-14.00146544,NA,0.2867,0,0.009,500,3.369791667,1.359830769,2000,-1.276300538,-5.826661361,4.550360823,0.003415222,397,16.2246223449707,624.155042444229
"US_SRR",2015,103,-15.93442259,NA,0.2867,0,0.009,500,3.308333333,1.371938462,2000,-2.758616108,-7.126148494,4.367532386,0.004350888,398,15.6696487426758,624.849965792656
"US_SRR",2015,104,-17.72832683,NA,0.2867,0,0.009,500,3.242708333,1.384046154,2000,-1.454131501,-5.356758309,3.902626809,0.003438615,399,13.3615814208985,652.579855404854
"US_SRR",2015,105,-18.61732293,NA,0.2867,0,0.009,500,3.322916667,1.396153846,2000,-0.845927765,-5.197916645,4.351988881,0.004468703,400,14.7122055053711,661.206441932678
"US_SRR",2015,106,-6.075550583,NA,0.2867,0,0.009,500,3.375,1.408261538,2000,0.148785076,-4.641484223,4.790269299,0.004061585,401,18.292855834961,663.689508290291
"US_SRR",2015,107,-8.491797698,NA,0.2867,0,0.009,500,3.407291667,1.420369231,2000,-0.875659265,-5.697942105,4.822282839,0.002978401,402,17.7901931762696,668.341417732239
"US_SRR",2015,108,-10.71395856,NA,0.2867,0,0.009,500,3.398958333,1.432476923,2000,-1.637590113,-6.405474173,4.76788406,0.003807561,403,16.3832489013672,648.516647754669
"US_SRR",2015,109,-9.252737416,NA,0.2867,0,0.009,500,3.516666667,1.444584615,2000,-3.612806908,-8.294455062,4.681648154,0.004259532,404,16.7540756225586,608.141205557823
"US_SRR",2015,110,-12.75672901,NA,0.2867,0,0.009,500,3.716666667,1.456692308,2000,-5.457382469,-9.919611438,4.462228969,0.0000872,405,14.8579650878906,605.308464387894
"US_SRR",2015,111,-15.28436034,NA,0.2867,0,0.009,500,3.883333333,1.4688,2000,-4.518939306,-8.573183098,4.054243792,0.000751517,406,14.0429092407227,566.929222358703
"US_SRR",2015,112,-17.51199414,NA,0.2867,0,0.009,500,4.025,1.480907692,2000,-3.421094651,-7.855276023,4.434181372,0.003698757,407,14.2867485046387,587.413486322403
"US_SRR",2015,113,-19.75787103,NA,0.2867,0,0.009,500,4.061458333,1.493015385,2000,-4.448706002,-9.014815416,4.566109415,0.00553605,408,15.3787704467774,642.17837143135
"US_SRR",2015,114,-21.54685976,NA,0.2867,0,0.009,500,3.920833333,1.505123077,2000,-3.270191141,-7.716528304,4.446337163,0.001760148,409,14.8436218261719,676.445721812248
"US_SRR",2015,115,-22.72130961,NA,0.2867,0,0.009,500,3.948958333,1.517230769,2000,-2.204314147,-6.608058056,4.403743908,0.005831356,410,14.4050842285156,626.346005821228
"US_SRR",2015,116,-22.49114257,NA,0.2867,0,0.009,500,3.882291667,1.529338462,2000,-2.035745953,-6.619196184,4.583450231,0.003150286,411,15.1233230590821,620.468068271637
"US_SRR",2015,117,-17.59145295,NA,0.2867,0,0.009,500,3.966666667,1.541446154,2000,-0.035565502,-5.400520827,5.364955325,0.002134991,412,18.7771583557129,675.055894268036
"US_SRR",2015,118,-18.90976986,NA,0.2867,0,0.009,500,3.934375,1.553553846,2000,-2.507611717,-7.596001893,5.088390176,0.002235072,413,17.668904876709,678.707486455917
"US_SRR",2015,119,-10.11401415,NA,0.2867,0,0.009,500,3.94375,1.565661538,2000,-2.005814748,-7.296248843,5.290434095,0.000637709,414,16.4102416992188,687.772278360367
"US_SRR",2015,120,-10.21865856,NA,0.2867,0,0.009,500,4.145833333,1.577769231,2000,0.665983444,-5.354753835,6.020737278,0.002092386,415,19.6173301696778,699.864532306671
"US_SRR",2015,121,-14.16453843,NA,0.2867,0,0.009,500,4.191666667,1.589876923,2000,-0.974123124,-7.086278487,6.112155364,0.002872336,416,21.9253898620606,696.336891981125
"US_SRR",2015,122,-8.658012554,NA,0.2867,0,0.009,500,4.288541667,1.601984615,2000,-2.549176424,-7.971470321,5.422293897,0.001718208,417,17.5769325256348,681.456136442184
"US_SRR",2015,123,-12.46108953,NA,0.2867,0,0.009,500,4.414583333,1.614092308,2000,-3.525348742,-8.378370701,4.853021959,0.006623664,418,15.3945899963379,665.468840076446
"US_SRR",2015,124,-16.60739006,NA,0.2867,0,0.009,500,4.545833333,1.6262,2000,-3.408860256,-8.034214657,4.625354401,0.0051959,419,14.0891052246094,659.1527052145
"US_SRR",2015,125,-20.25611019,NA,0.2867,0,0.009,500,4.784375,1.619165789,2000,-3.845655488,-8.631726215,4.786070727,0.002459779,420,14.1057640075684,707.176553106308
"US_SRR",2015,126,-23.34785853,NA,0.2867,0,0.009,500,5.003125,1.612131579,2000,-3.311463432,-8.232121543,4.92065811,0.002718731,421,14.7006050109864,709.664065900802
"US_SRR",2015,127,-26.34641507,NA,0.2867,0,0.009,500,5.275,1.605097368,2000,-1.193836518,-5.825686856,4.631850338,0.003209879,422,15.467359161377,601.205416219711
"US_SRR",2015,128,-29.22122262,NA,0.2867,0,0.009,500,5.326041667,1.598063158,2000,-3.151297709,-7.76983676,4.618539051,0.004488852,423,15.3812995910645,656.280112438202
"US_SRR",2015,129,-31.79927584,NA,0.2867,0,0.009,500,5.128125,1.591028947,2000,-3.587885555,-8.442990621,4.855105066,0.004532029,424,14.722127532959,689.923378034591
"US_SRR",2015,130,-33.89844785,NA,0.2867,0,0.009,500,5.045833333,1.583994737,2000,-3.263417717,-8.112810005,4.849392288,0.004032868,425,14.550626373291,683.540840965271
"US_SRR",2015,131,-35.73471661,NA,0.2867,0,0.009,500,5.033333333,1.576960526,2000,-3.088654154,-7.912152714,4.823498561,0.005721838,426,14.5008483886719,705.357407903398
"US_SRR",2015,132,-37.17764398,NA,0.2867,0,0.009,500,4.966666667,1.569926316,2000,-2.7436576,-7.344620701,4.600963101,0.005426212,427,14.004727935791,739.739814248765
"US_SRR",2015,133,-9.398074064,NA,0.2867,0,0.009,500,4.978125,1.562892105,2000,-3.561490324,-8.122963875,4.561473551,0.005405693,428,13.9053741455078,666.52226020208
"US_SRR",2015,134,-4.297305003,NA,0.2867,0,0.009,500,5.113541667,1.555857895,2000,-3.258398168,-7.90460878,4.646210613,0.002918197,429,14.7731681823731,626.620417346815
"US_SRR",2015,135,-1.170945457,NA,0.2867,0,0.009,500,5.141666667,1.548823684,2000,-3.621605959,-8.223313166,4.601707207,0.004845739,430,13.8165718078614,556.014302986959
"US_SRR",2015,136,-0.287726335,NA,0.2867,0,0.009,500,5.29375,1.541789474,2000,-4.424989872,-9.126003257,4.701013385,0.004931207,431,14.4116264343262,628.417457807261
"US_SRR",2015,137,-0.361306814,NA,0.2867,0,0.009,500,5.364583333,1.534755263,2000,-5.011839533,-9.451451135,4.439611602,0.002489907,432,14.4938903808594,557.173970415462
"US_SRR",2015,138,-0.226561295,NA,0.2867,0,0.009,500,5.509375,1.527721053,2000,-5.79409694,-10.23477995,4.440683007,0.004107218,433,14.0937438964844,596.093206825148
"US_SRR",2015,139,-1.276451351,NA,0.2867,0,0.009,500,5.604166667,1.520686842,2000,-4.321182284,-8.830664308,4.509482025,0.002906379,434,14.6156021118164,680.207961888127
"US_SRR",2015,140,-5.123919859,NA,0.2867,0,0.009,500,5.623958333,1.513652632,2000,-5.249623568,-9.766196006,4.516572438,0.002926618,435,14.9718719482422,666.672756672345
"US_SRR",2015,141,-9.196589227,NA,0.2867,0,0.009,500,5.527083333,1.506618421,2000,-4.448840764,-9.129407303,4.680566539,0.003326937,436,14.9490905761719,616.918272624254
"US_SRR",2015,142,-12.64362182,NA,0.2867,0,0.009,500,5.480208333,1.499584211,2000,-4.031813839,-8.831597367,4.799783528,0.003657752,437,15.3747573852539,552.526505020253
"US_SRR",2015,143,-15.39989994,NA,0.2867,0,0.009,500,5.414583333,1.49255,2000,-2.466771249,-7.431926143,4.965154894,0.00370182,438,15.5194641113281,511.305658605613
"US_SRR",2015,144,-17.87133241,NA,0.2867,0,0.009,500,5.345833333,1.485515789,2000,-3.012079338,-8.012770869,5.000691531,0.003149362,439,16.1180969238281,641.797741131037
"US_SRR",2015,145,-19.16704816,NA,0.2867,0,0.009,500,5.252083333,1.478481579,2000,-3.111874654,-7.958092016,4.846217362,0.005519602,440,14.9927536010742,696.721960291788
"US_SRR",2015,146,-20.72602188,NA,0.2867,0,0.009,500,5.205208333,1.471447368,2000,-2.670561157,-7.500730391,4.830169234,0.00502112,441,15.0942169189453,659.75465880698
"US_SRR",2015,147,-22.03526793,NA,0.2867,0,0.009,500,5.346875,1.464413158,2000,-2.384412099,-7.200910183,4.816498085,0.005692947,442,15.1034942626953,684.488050465107
"US_SRR",2015,148,-10.41872449,NA,0.2867,0,0.009,500,5.482291667,1.457378947,2000,-2.991787617,-7.938316828,4.946529211,0.004710459,443,15.4042945861817,671.869062798694
"US_SRR",2015,149,-4.169755371,NA,0.2867,0,0.009,500,5.511458333,1.450344737,2000,-2.504478178,-7.578861492,5.074383314,0.005183946,444,16.2419219970703,663.534607003912
"US_SRR",2015,150,-1.475858502,NA,0.2867,0,0.009,500,5.542708333,1.443310526,2000,-2.452949445,-7.592837155,5.13988771,0.004938988,445,16.1879173278809,663.291158111155
"US_SRR",2015,151,-0.85878585,NA,0.2867,0,0.009,500,5.585416667,1.436276316,2000,-3.214757233,-8.062498331,4.847741098,0.00569134,446,15.5616470336914,659.196976135343
"US_SRR",2015,152,-5.56991283,NA,0.2867,0,0.009,500,5.692708333,1.429242105,2000,-4.065674285,-9.196598505,5.130924219,0.004121363,447,16.0411087036133,595.584198594987
"US_SRR",2015,153,-10.46443358,NA,0.2867,0,0.009,500,5.794791667,1.422207895,2000,-4.347958888,-9.708229656,5.360270768,0.00633361,448,17.6092163085938,643.085744004309
"US_SRR",2015,154,-15.8928182,NA,0.2867,0,0.009,500,5.958333333,1.415173684,2000,-4.153396479,-9.392677033,5.239280553,0.00596569,449,17.7477928161621,743.670243714243
"US_SRR",2015,155,-21.44530654,NA,0.2867,0,0.009,500,6.084375,1.408139474,2000,-4.216436101,-9.639650908,5.423214807,0.005976635,450,16.2805191040039,680.349586133569
"US_SRR",2015,156,-26.41102603,NA,0.2867,0,0.009,500,6.169791667,1.401105263,2000,-4.791806936,-10.37354688,5.581739947,0.00629999,451,18.6107383728028,726.881811610222
"US_SRR",2015,157,-30.50158376,NA,0.2867,0,0.009,500,6.158333333,1.394071053,2000,-4.970344233,-10.49998893,5.529644695,0.006691398,452,18.2987571716309,676.65375931406
"US_SRR",2015,158,-33.8842081,NA,0.2867,0,0.009,500,6.073958333,1.387036842,2000,-2.313437781,-8.443332494,6.129894712,0.004657063,453,18.0734764099121,684.364128875285
"US_SRR",2015,159,-37.41713527,NA,0.2867,0,0.009,500,6.132291667,1.380002632,2000,0.282837637,-6.861224938,7.144062574,0.00104004,454,22.1886459350586,724.991840118468
"US_SRR",2015,160,-39.88912517,NA,0.2867,0,0.009,500,6.1875,1.372968421,2000,-1.150839581,-7.665625197,6.514785616,0.003288893,455,23.5390563964844,655.09391212213
"US_SRR",2015,161,-41.94836507,NA,0.2867,0,0.009,500,6.135416667,1.365934211,2000,2.071142931,-3.723669577,5.794812508,0.0005671,456,19.2521949768067,327.367707861468
"US_SRR",2015,162,-36.37134991,NA,0.2867,0,0.009,500,6.270833333,1.3589,2000,-1.03182263,-7.405686091,6.373863461,0.004277135,457,19.7778411865235,577.552009778708
"US_SRR",2015,163,-3.963861786,NA,0.2867,0,0.009,500,6.55625,1.339838462,2000,-1.494082037,-8.179997825,6.685915788,0.003880687,458,21.2360549926758,750.858340466976
"US_SRR",2015,164,0.038064917,NA,0.2867,0,0.009,500,7.044791667,1.320776923,2000,-5.002633113,-10.89860477,5.895971655,0.00480665,459,21.1073776245117,733.419258644461
"US_SRR",2015,165,1.477343677,NA,0.2867,0,0.009,500,7.463541667,1.301715385,2000,-6.359064165,-11.63830257,5.279238405,0.005566259,460,17.7197471618653,739.38129827708
"US_SRR",2015,166,2.398417219,NA,0.2867,0,0.009,500,7.6375,1.282653846,2000,-6.147063792,-11.29570509,5.148641298,0.010260393,461,16.2957092285156,765.597442062855
"US_SRR",2015,167,1.92749202,NA,0.29753,0,0.009,500,7.73125,1.263592308,2000,-4.683785643,-10.21166724,5.527881594,0.002998287,462,17.197038269043,766.544651499688
"US_SRR",2015,168,0.977229527,NA,0.301605,0,0.009,500,7.734375,1.244530769,2000,-4.188903081,-9.920458199,5.731555118,0.002898286,463,18.9115348815918,727.324449248254
"US_SRR",2015,169,-4.643214334,NA,0.30568,0,0.009,500,7.635416667,1.225469231,2000,-4.361431479,-9.899582075,5.538150597,0.00479326,464,18.7942443847656,777.455134556234
"US_SRR",2015,170,-8.915594905,NA,0.309755,0,0.009,500,7.49375,1.206407692,2000,-2.477262867,-8.235676083,5.758413217,0.003727322,465,18.3213287353516,772.825362102508
"US_SRR",2015,171,-12.74304669,NA,0.31383,0,0.009,500,7.458333333,1.187346154,2000,-2.099969349,-8.15899055,6.059021201,0.00468804,466,19.7772117614746,756.200717559159
"US_SRR",2015,172,-16.98487007,NA,0.317905,0,0.009,500,7.4875,1.168284615,2000,-1.766269105,-7.221977214,5.455708109,0.002423765,467,18.1411911010742,721.89355583024
"US_SRR",2015,173,-21.95368076,NA,0.32198,0,0.009,500,7.61875,1.149223077,2000,-1.755370658,-7.261606825,5.506236167,-0.002292205,468,17.1170974731446,747.127074866354
"US_SRR",2015,174,-25.5855767,NA,0.326055,0,0.009,500,7.751041667,1.130161538,2000,-0.20480134,-6.168732405,5.963931065,0.004209304,469,18.4394584655762,760.224094960689
"US_SRR",2015,175,-9.857343953,NA,0.33013,0,0.009,500,7.942708333,1.1111,2000,0.103973609,-5.947234306,6.051207915,0.001828163,470,19.2637954711914,759.799173137843
"US_SRR",2015,176,-1.173884622,NA,0.334205,0,0.009,500,8.075,1.092038462,2000,0.728992574,-5.882078451,6.611071025,-0.007182445,471,21.661092376709,752.681910948396
"US_SRR",2015,177,-1.016436587,NA,0.33828,0,0.009,500,8.158333333,1.072976923,2000,1.035356547,-5.564353371,6.599709918,0.002682353,472,23.1638008117676,743.263041581213
"US_SRR",2015,178,-0.986132781,NA,0.343100714,0,0.009,500,8.179166667,1.053915385,2000,-1.156980324,-6.987519497,5.830539172,0.005602295,473,19.9634719848633,679.588303009689
"US_SRR",2015,179,-0.282709484,NA,0.347921429,0,0.009,500,8.185416667,1.034853846,2000,-1.667636554,-7.70229542,6.034658866,0.010674699,474,19.5053153991699,635.941929386795
"US_SRR",2015,180,-2.481458379,NA,0.352742143,0,0.009,500,8.295833333,1.015792308,2000,-1.739090321,-7.967342345,6.228252024,0.009456314,475,18.8244110107422,730.648496051788
"US_SRR",2015,181,-5.776313168,NA,0.357562857,0,0.009,500,8.579166667,0.996730769,2000,-1.517910648,-8.617224347,7.0993137,0.00380677,476,22.1302085876465,630.214468406677
"US_SRR",2015,182,-7.365540025,NA,0.362383571,0,0.009,500,8.926041667,0.977669231,2000,-2.990212113,-9.981848212,6.991636099,0.002235188,477,24.1303039550781,665.123615859151
"US_SRR",2015,183,-11.18762023,NA,0.367204286,0,0.009,500,9.178125,0.958607692,2000,-4.122144009,-10.41250759,6.290363585,0.005172307,478,22.487321472168,545.856271597743
"US_SRR",2015,184,-15.35626854,NA,0.372025,0,0.009,500,9.297916667,0.939546154,2000,-4.374396049,-10.57948424,6.205088191,0.003673764,479,20.4644409179688,645.400632404745
"US_SRR",2015,185,-20.12754705,NA,0.376845714,0,0.009,500,9.395833333,0.920484615,2000,-4.512567061,-10.62536922,6.112802155,0.004348528,480,20.7110343933106,721.55714270997
"US_SRR",2015,186,-25.51574619,NA,0.381666429,0,0.009,500,9.346875,0.901423077,2000,-5.119763478,-10.91574228,5.795978797,0.004364466,481,19.3667274475098,661.879226339817
"US_SRR",2015,187,-30.60962342,NA,0.386487143,0,0.009,500,9.140625,0.882361538,2000,-3.907981448,-9.75678538,5.848803932,0.007339276,482,19.347745513916,678.557005980313
"US_SRR",2015,188,-35.65312944,NA,0.391307857,0,0.009,500,9.060416667,0.8633,2000,-2.642233376,-8.425279153,5.783045777,0.00461424,483,19.6844039916992,714.63907202214
"US_SRR",2015,189,-38.91246087,NA,0.396128571,0,0.009,500,9.103125,0.851548276,2000,-2.177700016,-7.52997425,5.352274234,0.006743791,484,18.503793334961,690.782067806482
"US_SRR",2015,190,-35.05480663,NA,0.400949286,0,0.009,500,9.167708333,0.839796552,2000,-0.504291348,-5.502879578,4.99858823,0.004183949,485,17.7193199157715,577.3882390396
"US_SRR",2015,191,-5.051859638,NA,0.40577,0,0.009,500,9.315625,0.828044828,2000,-2.742782993,-7.876311823,5.133528831,0.005704318,486,17.6290412902832,431.059376716375
"US_SRR",2015,192,0.260174586,NA,0.407057857,0,0.009,500,9.541666667,0.816293103,2000,-3.801146994,-9.256287145,5.455140151,0.008231027,487,19.1275268554688,625.407662482262
"US_SRR",2015,193,2.192168907,NA,0.408345714,0,0.009,500,9.940625,0.804541379,2000,-3.690859297,-9.289391957,5.59853266,0.00839682,488,19.5593162536621,692.521535637855
"US_SRR",2015,194,2.341812953,NA,0.409633571,0,0.009,500,10.18020833,0.792789655,2000,-3.328955165,-9.21644333,5.887488165,0.006908258,489,19.6865135192871,726.983629067421
"US_SRR",2015,195,1.842610958,NA,0.410921429,0,0.009,500,10.409375,0.781037931,2000,-3.354261696,-9.123771527,5.76950983,0.008762928,490,19.7261672973633,703.015963536441
"US_SRR",2015,196,1.146079497,NA,0.412209286,0,0.009,500,10.56875,0.769286207,2000,-2.725085062,-8.710437685,5.985352623,0.004508337,491,19.5135398864746,729.187841851056
"US_SRR",2015,197,-0.607335206,NA,0.413497143,0,0.009,500,10.640625,0.757534483,2000,-3.11068992,-9.048683332,5.937993412,0.005650788,492,21.0451560974121,714.647912163138
"US_SRR",2015,198,-5.073447299,NA,0.414785,0,0.009,500,10.68229167,0.745782759,2000,-3.049453563,-9.072258642,6.022805079,0.005835365,493,20.6293998718262,733.171389444947
"US_SRR",2015,199,-9.546501903,NA,0.416072857,0,0.009,500,10.68229167,0.734031034,2000,-3.191131916,-9.066667534,5.875535618,0.00799453,494,20.2864128112793,717.175235612631
"US_SRR",2015,200,-13.81102781,NA,0.417360714,0,0.009,500,10.55520833,0.72227931,2000,-0.688498991,-7.434996361,6.74649737,0.004389719,495,22.1439186096192,676.928178484559
"US_SRR",2015,201,-17.49760236,NA,0.418648571,0,0.009,500,10.49166667,0.710527586,2000,-0.434544862,-7.662650311,7.22810545,0.00714554,496,25.4752326965332,671.913330459177
"US_SRR",2015,202,-18.00334147,NA,0.419936429,0,0.009,500,10.43020833,0.698775862,2000,-0.678983109,-6.85693185,6.177948741,0.006675096,497,21.4644905090332,667.296839921176
"US_SRR",2015,203,-10.17294948,NA,0.421224286,0,0.009,500,10.52604167,0.687024138,2000,-1.133599245,-6.975329657,5.841730412,0.009645226,498,19.7029663085938,693.937903702736
"US_SRR",2015,204,-11.2849674,NA,0.422512143,0,0.009,500,10.61041667,0.675272414,2000,-0.695091117,-6.461971116,5.76688,0.006683967,499,18.1152473449707,698.567675022423
"US_SRR",2015,205,-9.231859208,NA,0.4238,0,0.009,500,10.634375,0.66352069,2000,0.102769438,-5.837754844,5.940524282,0.004529168,500,18.4848075866699,713.891038714409
"US_SRR",2015,206,-7.914707827,NA,0.425234286,0,0.009,500,10.68125,0.651768966,2000,0.075443927,-5.751441384,5.826885311,0.006358986,501,19.8698173522949,713.373180684239
"US_SRR",2015,207,-6.775173235,NA,0.426668571,0,0.009,500,10.81145833,0.640017241,2000,-0.063341217,-6.048011867,5.98467065,0.00634419,502,19.184903717041,707.875894383162
"US_SRR",2015,208,-5.379931277,NA,0.428102857,0,0.009,500,11.01979167,0.628265517,2000,-1.443280394,-7.995355061,6.552074667,0.003410959,503,21.4098640441895,724.85463834548
"US_SRR",2015,209,-2.724750307,NA,0.429537143,0,0.009,500,11.25520833,0.616513793,2000,-0.495112024,-7.41171722,6.916605195,0.002530473,504,23.446866607666,730.945034695923
"US_SRR",2015,210,-5.977037876,NA,0.430971429,0,0.009,500,11.50104167,0.604762069,2000,-0.792432043,-7.500472975,6.708040932,0.00169896,505,25.0535865783692,731.887799192175
"US_SRR",2015,211,-10.7652926,NA,0.432405714,0,0.009,500,11.56145833,0.593010345,2000,-2.653141186,-8.773979724,6.120838539,0.00513828,506,22.337777709961,667.894385051295
"US_SRR",2015,212,-15.71479601,NA,0.43384,0,0.009,500,11.59479167,0.581258621,2000,-3.346201891,-9.004272555,5.658070664,0.004046293,507,21.2750717163086,634.667168627664
"US_SRR",2015,213,-21.13421111,NA,0.435274286,0,0.009,500,11.59895833,0.569506897,2000,-2.894853299,-8.519822098,5.624968799,0.00736249,508,19.77236328125,620.525602916345
"US_SRR",2015,214,-26.56132885,NA,0.436708571,0,0.009,500,11.571875,0.557755172,2000,-2.957701525,-8.652083146,5.694381622,0.009730807,509,19.9849868774414,671.873497895196
"US_SRR",2015,215,-31.6635675,NA,0.438142857,0,0.009,500,11.44166667,0.546003448,2000,-2.622109398,-8.239186725,5.617077327,0.00640976,510,19.4357048034668,675.812774300486
"US_SRR",2015,216,-36.74158336,NA,0.439577143,0,0.009,500,11.409375,0.534251724,2000,-1.725480876,-7.052048085,5.32656721,0.00364887,511,18.5092750549317,590.520668965578
"US_SRR",2015,217,-39.4586895,NA,0.441011429,0,0.009,500,11.39375,0.5225,2000,-1.286126078,-7.082737887,5.796611809,0.004024913,512,18.7071395874024,642.09870623251
"US_SRR",2015,218,-37.18605608,NA,0.442445714,0,0.009,500,11.40833333,0.520581481,2000,0.157901686,-5.748442634,5.90634432,0.003505557,513,20.8192420959473,662.529861619014
"US_SRR",2015,219,-11.7987132,NA,0.44388,0,0.009,500,11.46458333,0.518662963,2000,-2.13777699,-7.731900474,5.594123484,0.006357344,514,20.7283226013184,621.959674703944
"US_SRR",2015,220,0.066341713,NA,0.445548571,0,0.009,500,11.56145833,0.516744444,2000,-4.100042608,-9.587990939,5.487948332,0.004765378,515,19.2313095092774,645.121783817777
"US_SRR",2015,221,0.951993247,NA,0.447217143,0,0.009,500,11.67083333,0.514825926,2000,-2.00965883,-7.75631123,5.7466524,0.005323454,516,19.6911521911621,694.734615590393
"US_SRR",2015,222,2.004974494,NA,0.448885714,0,0.009,500,11.75729167,0.512907407,2000,-2.777760402,-8.424463647,5.646703245,0.007677077,517,20.0556465148926,684.36412093702
"US_SRR",2015,223,2.086713689,NA,0.450554286,0,0.009,500,11.86875,0.510988889,2000,-2.192376801,-7.743210627,5.550833826,0.005860593,518,19.8447128295899,661.370219076837
"US_SRR",2015,224,1.757071117,NA,0.452222857,0,0.009,500,11.87708333,0.50907037,2000,-1.594530573,-7.20160514,5.607074568,0.004135468,519,19.4954048156739,669.38598565197
"US_SRR",2015,225,0.834274616,NA,0.453891429,0,0.009,500,11.834375,0.507151852,2000,-1.365057251,-7.087109997,5.722052746,0.005585161,520,20.4973579406739,641.271035210609
"US_SRR",2015,226,-1.283748588,NA,0.45556,0,0.009,500,11.80625,0.505233333,2000,-0.768934727,-6.504652905,5.735718179,0.00409294,521,20.4439826965332,676.0739246912
"US_SRR",2015,227,-5.35626593,NA,0.457228571,0,0.009,500,11.81666667,0.503314815,2000,0.792816055,-5.489663704,6.282479759,0.003312882,522,21.8791976928711,655.34620545578
"US_SRR",2015,228,-9.290997238,NA,0.458897143,0,0.009,500,11.81875,0.501396296,2000,1.810134832,-4.974368112,6.784502944,0.003851103,523,24.7177673339844,641.178072321892
"US_SRR",2015,229,-13.70922121,NA,0.460565714,0,0.009,500,11.82708333,0.499477778,2000,2.38539056,-4.438708584,6.824099145,0.003040742,524,25.678369140625,651.16791361618
"US_SRR",2015,230,-18.7916965,NA,0.462234286,0,0.009,500,11.79583333,0.497559259,2000,1.363853764,-4.68763684,6.051490604,0.005089526,525,21.6429458618164,634.760126050949
"US_SRR",2015,231,-22.94098686,NA,0.463902857,0,0.009,500,11.78020833,0.495640741,2000,0.854971106,-4.807049179,5.662020285,0.007133866,526,19.322225189209,663.03446275711
"US_SRR",2015,232,-24.15947351,NA,0.465571429,0,0.009,500,11.78854167,0.493722222,2000,0.54299652,-4.859627383,5.402623903,0.004540172,527,18.3052955627442,646.294718588829
"US_SRR",2015,233,-18.34347382,NA,0.46724,0,0.009,500,11.8125,0.491803704,2000,0.683598316,-4.680912519,5.364510836,0.003616255,528,18.3242813110352,620.521168465614
"US_SRR",2015,234,-22.12146654,NA,0.466867143,0,0.009,500,11.85208333,0.489885185,2000,0.990600622,-4.38427311,5.374873732,0.003789233,529,18.8440261840821,627.788945655823
"US_SRR",2015,235,-19.47474834,NA,0.466494286,0,0.009,500,11.865625,0.487966667,2000,0.869890258,-4.468874937,5.338765195,0.006495594,530,19.131120300293,607.561386559486
"US_SRR",2015,236,-9.656872621,NA,0.466121429,0,0.009,500,11.90104167,0.486048148,2000,1.17347613,-4.115219793,5.288695923,0.004176327,531,18.8425537109375,608.619233307838
"US_SRR",2015,237,-11.04400654,NA,0.465748571,0,0.009,500,11.94583333,0.48412963,2000,1.091238751,-4.164842133,5.256080883,0.005808202,532,19.564168548584,629.847107642174
"US_SRR",2015,238,-18.78936544,NA,0.465375714,0,0.009,500,11.9875,0.482211111,2000,1.244960268,-4.229240041,5.474200309,0.005215477,533,20.3180595397949,574.914031093597
"US_SRR",2015,239,-23.62414006,NA,0.465002857,0,0.009,500,12.04375,0.480292593,2000,1.491959157,-4.149877294,5.641836451,0.004030829,534,22.9368301391602,587.63922943306
"US_SRR",2015,240,-27.56160783,NA,0.46463,0,0.009,500,12.13645833,0.478374074,2000,-0.338879918,-6.069629468,5.73074955,0.002587828,535,24.8339935302735,583.912413734436
"US_SRR",2015,241,-32.50193901,NA,0.464257143,0,0.009,500,12.33020833,0.476455556,2000,-0.410726932,-5.793147049,5.382420117,0.002612992,536,22.9885078430176,437.729585701942
"US_SRR",2015,242,-36.89203821,NA,0.463884286,0,0.009,500,12.015625,0.474537037,2000,-1.594788898,-6.85582478,5.261035882,0.003216015,537,20.4779449462891,533.803842166901
"US_SRR",2015,243,-40.94681921,NA,0.463511429,0,0.009,500,11.09166667,0.472618519,2000,-0.211649151,-5.716489323,5.504840172,0.003717792,538,21.1307922363281,607.698590033531
"US_SRR",2015,244,-43.97299377,NA,0.463138571,0,0.009,500,10.503125,0.4707,2000,-0.604134452,-5.950506883,5.346372431,0.004128944,539,20.8401199340821,598.452339957237
"US_SRR",2015,245,-44.8572264,NA,0.462765714,0,0.009,500,10.171875,0.46855,2000,-1.7864054,-6.885252846,5.098847446,0.00585698,540,20.1512008666992,593.202923548698
"US_SRR",2015,246,-36.34717781,NA,0.462392857,0,0.009,500,9.780208333,0.4664,2000,-1.2345952,-6.226099101,4.991503901,0.003802438,541,18.9252372741699,606.977128180504
"US_SRR",2015,247,-7.712209484,NA,0.46202,0,0.009,500,9.685416667,0.46425,2000,-1.82922544,-6.67757492,4.84834948,0.004760647,542,17.8943954467774,617.865475319862
"US_SRR",2015,248,-1.380335635,NA,0.461896429,0,0.009,500,9.529166667,0.4621,2000,-0.124868544,-4.961712535,4.836843991,0.004290466,543,18.015470123291,605.361575670242
"US_SRR",2015,249,-0.121663505,NA,0.461772857,0,0.009,500,9.382291667,0.45995,2000,0.452344472,-4.505918641,4.958263113,0.003640206,544,20.1130271911621,606.233536962509
"US_SRR",2015,250,-0.197372345,NA,0.461649286,0,0.009,500,9.135416667,0.4578,2000,0.909565405,-4.227726673,5.137292078,0.003278145,545,21.8435455322266,611.159853352547
"US_SRR",2015,251,0.112202824,NA,0.461525714,0,0.009,500,8.973958333,0.45565,2000,1.431465761,-3.879609442,5.311075203,0.002595713,546,23.5131088256836,612.155740298271
"US_SRR",2015,252,-0.356695365,NA,0.461402143,0,0.009,500,8.85625,0.4535,2000,1.394772527,-4.117576358,5.512348884,0.002024464,547,24.9242797851563,598.766599519729
"US_SRR",2015,253,-3.346687784,NA,0.461278571,0,0.009,500,8.709375,0.45135,2000,1.193308895,-4.392088203,5.585397098,0.001774832,548,25.4486595153809,569.832784955978
"US_SRR",2015,254,-7.316537047,NA,0.461155,0,0.009,500,8.7875,0.4492,2000,0.266954815,-5.11507902,5.382033835,0.001734634,549,24.4311042785645,533.653353816032
"US_SRR",2015,255,-10.86471746,NA,0.461031429,0,0.009,500,9.086458333,0.44705,2000,-0.315524142,-5.020092437,4.704568294,0.002542072,550,21.9372001647949,441.522821248531
"US_SRR",2015,256,-13.99700602,NA,0.460907857,0,0.009,500,9.090625,0.4449,2000,-0.159654463,-5.023372118,4.863717655,0.002741831,551,21.2018829345703,351.534540338993
"US_SRR",2015,257,-17.20915878,NA,0.460784286,0,0.009,500,9.286458333,0.44275,2000,-1.273808878,-5.6715688,4.397759922,0.004258433,552,19.2947975158692,404.630769215584
"US_SRR",2015,258,-20.56497591,NA,0.460660714,0,0.009,500,9.344791667,0.4406,2000,-1.776449757,-6.077368492,4.300918736,0.005779586,553,18.0810791015625,463.950171073437
"US_SRR",2015,259,-24.28008063,NA,0.460537143,0,0.009,500,9.397916667,0.43845,2000,0.545517047,-3.587727474,4.133244521,0.00252258,554,17.024919128418,479.972851439953
"US_SRR",2015,260,-27.99655359,NA,0.460413571,0,0.009,500,9.416666667,0.4363,2000,-0.620596324,-4.964209691,4.343613367,0.00388095,555,18.6210723876953,371.554056389332
"US_SRR",2015,261,-31.36311387,NA,0.46029,0,0.009,500,9.422916667,0.43415,2000,0.393462412,-4.132760928,4.52622334,0.00357184,556,19.2534614562989,546.436095258236
"US_SRR",2015,262,-34.88975731,NA,0.461375,0,0.009,500,9.397916667,0.432,2000,0.88008678,-3.829067259,4.709154038,0.002550691,557,20.3085647583008,550.202770123482
"US_SRR",2015,263,-35.32237201,NA,0.46246,0,0.009,500,9.226041667,0.42985,2000,1.271888334,-3.606657939,4.878546273,0.002170159,558,23.2804466247559,547.268222584724
"US_SRR",2015,264,-17.49760236,NA,0.463545,0,0.009,500,9.0875,0.4277,2000,1.243589569,-3.697718568,4.941308137,0.001779149,559,24.9538017272949,537.079193820953
"US_SRR",2015,265,-18.00334147,NA,0.46463,0,0.009,500,9.015625,0.42555,2000,-1.785409762,-6.058370648,4.272960886,0.002213049,560,21.7764678955078,526.301485442161
"US_SRR",2015,266,-10.17294948,NA,0.465715,0,0.009,500,9.028125,0.4234,2000,-0.271380127,-4.566909592,4.295529465,0.002836182,561,17.5379081726074,529.895529487133
"US_SRR",2015,267,-11.2849674,NA,0.4668,0,0.009,500,9.001041667,0.42125,2000,1.03273574,-3.49600944,4.52874518,0.002552563,562,21.2337280273438,499.602891725302
"US_SRR",2015,268,-9.231859208,NA,0.467885,0,0.009,500,9.058333333,0.4191,2000,0.135488832,-4.360002695,4.495491527,0.003305934,563,22.0506874084473,505.113461706161
"US_SRR",2015,269,-7.914707827,NA,0.46897,0,0.009,500,9.422916667,0.41695,2000,-0.55736805,-4.953373607,4.396005556,0.00456019,564,21.4541603088379,499.664867908478
"US_SRR",2015,270,-6.775173235,NA,0.470055,0,0.009,500,9.622916667,0.4148,2000,-0.00603096,-4.320967724,4.314936763,0.002198704,565,20.8167091369629,466.561617585659
"US_SRR",2015,271,-5.379931277,NA,0.47114,0,0.009,500,9.65625,0.41265,2000,-0.645466026,-4.802812691,4.157346665,0.002677668,566,19.8025260925293,378.764272836208
"US_SRR",2015,272,-2.724750307,NA,0.472225,0,0.009,500,9.65,0.4105,2000,-0.957844719,-4.879667664,3.921822945,0.004507869,567,17.4906669616699,423.481780856371
"US_SRR",2015,273,-5.977037876,NA,0.47331,0,0.009,500,9.522916667,0.40835,2000,1.837891674,-1.970076046,3.80796772,0.001377526,568,16.7049308776856,275.771948266506
"US_SRR",2015,274,-10.7652926,NA,0.474395,0,0.009,500,9.472916667,0.4062,2000,-0.135442864,-4.132987691,3.997544827,0.001366874,569,17.867822265625,242.248197419882
"US_SRR",2015,275,-15.71479601,NA,0.47548,0,0.009,500,9.4375,0.40405,2000,0.321625981,-3.763411748,4.085037729,0.002406461,570,18.8948684692383,445.603724427223
"US_SRR",2015,276,-21.13421111,NA,0.475537857,0,0.009,500,9.380208333,0.4019,2000,0.175943445,-3.776950823,3.952894268,0.006569222,571,18.6955276489258,479.570078953743
"US_SRR",2015,277,-26.56132885,NA,0.475595714,0,0.009,500,9.24375,0.39975,2000,0.044833014,-3.920627694,3.965460709,0.003589194,572,16.8015342712403,471.948238224268
"US_SRR",2015,278,-31.6635675,NA,0.475653571,0,0.009,500,9.147916667,0.3976,2000,0.521391058,-3.428267387,3.949658445,0.003092057,573,18.570027923584,461.17054042983
"US_SRR",2015,279,-36.74158336,NA,0.475711429,0,0.009,500,9.076041667,0.39545,2000,0.357996667,-3.601380483,3.95937715,0.002850146,574,19.2758155822754,406.76858476901
"US_SRR",2015,280,-39.4586895,NA,0.475769286,0,0.009,500,8.934375,0.3933,2000,0.396858186,-3.61585169,4.012709876,0.004694431,575,18.8571144104004,401.921955211162
"US_SRR",2015,281,-37.18605608,NA,0.475827143,0,0.009,500,8.848958333,0.39115,2000,1.041641663,-3.103903255,4.145544918,0.003039451,576,20.3927207946778,400.881790004849
"US_SRR",2015,282,-11.7987132,NA,0.475885,0,0.009,500,8.763541667,0.389,2000,1.172068708,-2.9456927,4.117761408,0.004423574,577,20.4973503112793,423.16309678173
"US_SRR",2015,283,0.066341713,NA,0.475942857,0,0.009,500,8.655208333,0.38685,2000,1.490440434,-2.546894825,4.037335259,0.0072618,578,19.9052520751953,443.912934041738
"US_SRR",2015,284,0.951993247,NA,0.476000714,0,0.009,500,8.577083333,0.3847,2000,1.199914632,-2.858131936,4.058046567,0.004098493,579,19.8584228515625,431.06379694438
"US_SRR",2015,285,2.004974494,NA,0.476058571,0,0.009,500,8.4375,0.38255,2000,1.262779423,-2.921898772,4.184678195,0.00275467,580,19.7774253845215,434.383412116527
"US_SRR",2015,286,2.086713689,NA,0.476116429,0,0.009,500,8.355208333,0.3804,2000,1.491756189,-2.803055919,4.294812107,0.00345005,581,22.5824562072754,427.089100705862
"US_SRR",2015,287,1.757071117,NA,0.476174286,0,0.009,500,8.322916667,0.37825,2000,1.546514478,-2.656873482,4.20338796,0.004552073,582,22.985555267334,413.908003225326
"US_SRR",2015,288,0.834274616,NA,0.476232143,0,0.009,500,8.30625,0.3761,2000,0.723072465,-3.236994012,3.960066477,0.003364061,583,21.4870697021485,363.63123656404
"US_SRR",2015,289,-1.283748588,NA,0.47629,0,0.009,500,8.360416667,0.37395,2000,-0.108704267,-4.050443381,3.941739113,0.005945477,584,19.6658416748047,368.924918380737
"US_SRR",2015,290,-5.35626593,NA,0.477083571,0,0.009,500,8.588541667,0.3718,2000,-0.403838579,-4.145778444,3.741939865,0.007719239,585,18.7630325317383,327.248199238658
"US_SRR",2015,291,-9.290997238,NA,0.477877143,0,0.009,500,8.5,0.36965,2000,-0.283278968,-3.988242995,3.704964027,0.005472545,586,18.0177894592285,342.770746556997
"US_SRR",2015,292,-13.70922121,NA,0.478670714,0,0.009,500,8.697916667,0.3675,2000,0.454641462,-3.268248934,3.722890396,0.003528588,587,17.8870101928711,334.759393017292
"US_SRR",2015,293,-18.7916965,NA,0.479464286,0,0.009,500,8.830208333,0.377867857,2000,0.919295675,-2.908691847,3.827987522,0.003794337,588,18.2453933715821,380.543596810102
"US_SRR",2015,294,-22.94098686,NA,0.480257857,0,0.009,500,8.834375,0.388235714,2000,0.997548979,-2.797257949,3.794806928,0.003414198,589,20.0541740417481,400.288702762246
"US_SRR",2015,295,-24.15947351,NA,0.481051429,0,0.009,500,8.782291667,0.398603571,2000,1.142022454,-2.587172232,3.729194686,0.003352901,590,18.4365020751953,394.587804164529
"US_SRR",2015,296,-18.34347382,NA,0.481845,0,0.009,500,8.734375,0.408971429,2000,1.147759625,-2.54255413,3.690313756,0.0037441,591,17.8777290344239,378.910354189515
"US_SRR",2015,297,-22.12146654,NA,0.482638571,0,0.009,500,8.567708333,0.419339286,2000,1.240324097,-2.421205687,3.661529785,0.003037863,592,17.8745628356934,304.603957406461
"US_SRR",2015,298,-19.47474834,NA,0.483432143,0,0.009,500,8.422916667,0.429707143,2000,0.860915277,-2.789055733,3.64997101,0.002749219,593,18.400220489502,306.542617243469
"US_SRR",2015,299,-9.656872621,NA,0.484225714,0,0.009,500,8.444791667,0.440075,2000,0.869105143,-2.792711365,3.661816509,0.00393366,594,17.0462203979492,360.112440159619
"US_SRR",2015,300,-11.04400654,NA,0.485019286,0,0.009,500,8.590625,0.450442857,2000,2.151717402,-1.372017383,3.523734785,0.00298986,595,17.9176040649414,280.414987452447
"US_SRR",2015,301,-18.78936544,NA,0.485812857,0,0.009,500,8.733333333,0.460810714,2000,0.679433907,-2.885012541,3.564446448,0.004604281,596,17.7205825805664,153.021226851135
"US_SRR",2015,302,-23.62414006,NA,0.486606429,0,0.009,500,8.748958333,0.471178571,2000,1.064125272,-2.574868743,3.638994015,0.003759183,597,17.1337600708008,320.431909781813
"US_SRR",2015,303,-27.56160783,NA,0.4874,0,0.009,500,8.627083333,0.481546429,2000,0.841229009,-2.811950301,3.65317931,0.003461454,598,17.7838684082031,359.767198175728
"US_SRR",2015,304,-32.50193901,NA,0.487161429,0,0.009,500,8.488541667,0.491914286,2000,0.96739895,-2.620482072,3.587881022,0.000860989,599,18.0829711914063,349.923427146375
"US_SRR",2015,305,-36.89203821,NA,0.486922857,0,0.009,500,8.548958333,0.502282143,2000,0.995167401,-2.526214358,3.521381759,0.000888253,600,18.342000579834,256.60224363628
"US_SRR",2015,306,-40.94681921,NA,0.486684286,0,0.009,500,8.402083333,0.51265,2000,2.391633574,-0.986738276,3.37837185,0.00174561,601,15.8786865234375,152.423697613299
"US_SRR",2015,307,-43.97299377,NA,0.486445714,0,0.009,500,8.390625,0.523017857,2000,0.78134556,-2.639133845,3.420479406,0.003930793,602,12.6017929077149,313.296931556672
"US_SRR",2015,308,-44.8572264,NA,0.486207143,0,0.009,500,8.345833333,0.533385714,2000,0.521394357,-2.862327222,3.383721578,0.003175817,603,13.3090644836426,349.905718198419
"US_SRR",2015,309,-36.34717781,NA,0.485968571,0,0.009,500,8.234375,0.543753571,2000,0.800258053,-2.326891298,3.127149351,0.002825403,604,12.4307189941406,291.94513906613
"US_SRR",2015,310,-7.712209484,NA,0.48573,0,0.009,500,8.16875,0.554121429,2000,0.710912492,-2.450171228,3.16108372,0.003228486,605,13.5170455932617,333.644001244634
"US_SRR",2015,311,-1.380335635,NA,0.485491429,0,0.009,500,8.038541667,0.564489286,2000,0.808367372,-2.338422969,3.146790341,0.003067693,606,13.3643241882324,329.363895743713
"US_SRR",2015,312,-0.121663505,NA,0.485014286,0,0.009,500,7.753125,0.574857143,2000,1.782801278,-1.367954435,3.150755713,0.001846655,607,12.2562728881836,222.94128840208
"US_SRR",2015,313,-0.197372345,NA,0.484775714,0,0.009,500,7.53125,0.585225,2000,1.563084645,-1.278877383,2.841962029,0.000683366,608,11.2960906982422,137.233112190187
"US_SRR",2015,314,0.112202824,NA,0.484537143,0,0.009,500,7.358333333,0.595592857,2000,0.962088823,-1.874540433,2.836629256,0.002519435,609,10.6010566711426,241.960504626311
"US_SRR",2015,315,-0.356695365,NA,0.484298571,0,0.009,500,7.248958333,0.605960714,2000,0.74100201,-1.928500693,2.669502703,0.002168751,610,10.0610633850098,290.263187758483
"US_SRR",2015,316,-3.346687784,NA,0.48406,0,0.009,500,7.33125,0.616328571,2000,0.791466793,-1.894782902,2.686249695,0.002394023,611,11.2627655029297,314.314955829255
"US_SRR",2015,317,-7.316537047,NA,0.483881429,0,0.009,500,7.36875,0.626696429,2000,0.840212347,-1.885141093,2.725353439,0.002535168,612,11.8848167419434,313.080052559316
"US_SRR",2015,318,-10.86471746,NA,0.483702857,0,0.009,500,7.283333333,0.637064286,2000,0.958119818,-1.782955364,2.741075183,0.002462924,613,12.6306854248047,311.884988956846
"US_SRR",2015,319,-13.99700602,NA,0.483524286,0,0.009,500,7.321875,0.647432143,2000,1.360784713,-1.484584711,2.845369424,0.005959454,614,13.2451454162598,214.420926653871
"US_SRR",2015,320,-17.20915878,NA,0.483345714,0,0.009,500,7.459375,0.6578,2000,0.556617782,-1.987350659,2.543968441,0.003410225,615,10.9022727966309,299.451905107696
"US_SRR",2015,321,-20.56497591,NA,0.483167143,0,0.009,500,7.494791667,0.655389286,2000,0.838878537,-1.734641502,2.573520039,0.002657951,616,11.2551704406739,270.274656925261
"US_SRR",2015,322,-24.28008063,NA,0.482988571,0,0.009,500,7.653125,0.652978571,2000,0.901186653,-1.795729839,2.696916492,0.002726894,617,11.5291801452637,261.046104236036
"US_SRR",2015,323,-27.99655359,NA,0.48281,0,0.009,500,7.88125,0.650567857,2000,1.043906915,-1.689653435,2.73356035,0.002696991,618,12.4024559020996,273.572143309797
"US_SRR",2015,324,-31.36311387,NA,0.482631429,0,0.009,500,7.909375,0.648157143,2000,1.129241273,-1.741004409,2.870245682,0.002943131,619,13.759408569336,281.242681005478
"US_SRR",2015,325,-34.88975731,NA,0.482452857,0,0.009,500,7.90625,0.645746429,2000,1.149212247,-1.628541863,2.77775411,0.0027193,620,13.8669868469239,263.971799064875
"US_SRR",2015,326,-35.32237201,NA,0.482274286,0,0.009,500,7.94375,0.643335714,2000,1.107998603,-1.560720667,2.66871927,0.002425356,621,13.4415336608887,257.195344833851
"US_SRR",2015,327,1.757071117,NA,0.482095714,0,0.009,500,8.114583333,0.640925,2000,0.608291052,-1.941139859,2.549430911,0.00176103,622,12.1115737915039,267.034701809406
"US_SRR",2015,328,0.834274616,NA,0.481917143,0,0.009,500,8.5,0.638514286,2000,1.386360739,-1.044209335,2.430570073,0.001177317,623,12.0693870544434,149.568824243307
"US_SRR",2015,329,-1.283748588,NA,0.481738571,0,0.009,500,8.654166667,0.636103571,2000,0.884682055,-1.114349165,1.99903122,0.001372022,624,7.77640686035159,212.486701462507
"US_SRR",2015,330,-5.35626593,NA,0.48156,0,0.009,500,8.717708333,0.633692857,2000,0.745421356,-1.20510499,1.950526346,0.001555006,625,7.43911895751955,261.404624135017
"US_SRR",2015,331,-9.290997238,NA,0.481487857,0,0.009,500,8.772916667,0.631282143,2000,0.714548431,-1.331862988,2.046411419,0.001980481,626,7.38891754150393,278.330270895958
"US_SRR",2015,332,-13.70922121,NA,0.481415714,0,0.009,500,8.805208333,0.628871429,2000,0.666587405,-1.167465631,1.834053035,0.001142662,627,7.0050102233887,279.728935368061
"US_SRR",2015,333,-18.7916965,NA,0.481343571,0,0.009,500,8.816666667,0.626460714,2000,0.429617079,-1.336905799,1.766522878,0.000474997,628,6.34203872680666,278.210757910252
"US_SRR",2015,334,-22.94098686,NA,0.481271429,0,0.009,500,8.823958333,0.62405,2000,0.760387575,-0.962793017,1.723180592,-0.0000148,629,6.24015960693362,223.357354585409
"US_SRR",2015,335,-24.15947351,NA,0.481199286,0,0.009,500,8.860416667,0.621639286,2000,0.551226409,-1.313636675,1.864863084,0.000870496,630,8.25691757202151,233.289656809091
"US_SRR",2015,336,-18.34347382,NA,0.481127143,0,0.009,500,8.867708333,0.619228571,2000,0.840991958,-1.146608954,1.987600912,0.00129272,631,9.9355522155762,188.284457342029
"US_SRR",2015,337,-22.12146654,NA,0.481055,0,0.009,500,8.989583333,0.616817857,2000,1.184170959,-0.74677072,1.930941679,0.000703832,632,9.57400665283205,143.350071112037
"US_SRR",2015,338,-19.47474834,NA,0.480982857,0,0.009,500,8.817708333,0.614407143,2000,0.782714009,-1.19718185,1.979895859,0.001548181,633,10.3620658874512,148.617202579737
"US_SRR",2015,339,-9.656872621,NA,0.480910714,0,0.009,500,8.957291667,0.611996429,2000,1.00002314,-0.838502781,1.838525921,0.000746421,634,9.27426681518557,209.79558676672
"US_SRR",2015,340,-11.04400654,NA,0.480838571,0,0.009,500,9.011458333,0.609585714,2000,1.23829624,-0.952672377,2.190968617,0.001423187,635,11.1438003540039,123.290706101417
"US_SRR",2015,341,-18.78936544,NA,0.480766429,0,0.009,500,8.867708333,0.607175,2000,0.989302599,-1.3663148,2.355617398,0.0015129,636,13.082723236084,107.298988814652
"US_SRR",2015,342,-23.62414006,NA,0.480694286,0,0.009,500,8.609375,0.604764286,2000,1.572915976,-0.583240649,2.156156625,0.00114014,637,11.5979400634766,132.081061194777
"US_SRR",2015,343,-27.56160783,NA,0.480622143,0,0.009,500,8.332291667,0.602353571,2000,1.686791569,-0.717377361,2.40416893,0.001591263,638,13.604581451416,104.687552823782
"US_SRR",2015,344,-32.50193901,NA,0.48055,0,0.009,500,8.222916667,0.599942857,2000,1.813853385,-0.721141077,2.534994462,0.002012249,639,14.9809432983399,124.41495493114
"US_SRR",2015,345,-36.89203821,NA,0.477471429,0,0.009,500,8.120833333,0.597532143,2000,1.362699229,-0.699221008,2.061920238,0.001780026,640,11.096337890625,208.640367990017
"US_SRR",2015,346,-40.94681921,NA,0.474392857,0,0.009,500,7.978125,0.595121429,2000,1.172699915,-0.90694024,2.079640156,0.001550601,641,8.71824035644534,222.600476726532
"US_SRR",2015,347,-43.97299377,NA,0.471314286,0,0.009,500,7.930208333,0.592710714,2000,1.604704121,-0.462553831,2.067257953,0.001181378,642,12.1229644775391,103.611995804429
"US_SRR",2015,348,-44.8572264,NA,0.468235714,0,0.009,500,7.94375,0.5903,2000,0.926155124,-0.941721466,1.86787659,0.001305249,643,8.18815383911135,235.219459305525
"US_SRR",2015,349,-36.34717781,NA,0.465157143,0,0.009,500,7.9875,0.606193182,2000,0.883202222,-1.013268088,1.89647031,0.001439698,644,8.07867584228518,254.606044319153
"US_SRR",2015,350,-7.712209484,NA,0.462078571,0,0.009,500,7.86875,0.622086364,2000,0.798338783,-0.856143512,1.654482295,0.000548717,645,6.96471939086916,253.636716038704
"US_SRR",2015,351,-1.380335635,NA,0.459,0,0.009,500,7.814583333,0.637979545,2000,0.959743514,-0.829123462,1.788866975,0.000707771,646,8.1909004211426,208.843968379259
"US_SRR",2015,352,-0.121663505,NA,0.455921429,0,0.009,500,7.463541667,0.653872727,2000,1.203382366,-0.666215507,1.869597874,0.000860228,647,9.43963775634768,175.935461987138
"US_SRR",2015,353,-0.197372345,NA,0.452842857,0,0.009,500,7.176041667,0.669765909,2000,1.400648855,-0.490003631,1.890652485,0.00099367,648,11.6386543273926,176.006283666491
"US_SRR",2015,354,0.112202824,NA,0.449764286,0,0.009,500,6.770833333,0.685659091,2000,1.267438086,-0.414544915,1.681983001,0.000000483,649,7.50640640258791,152.941559770107
"US_SRR",2015,355,-0.356695365,NA,0.446685714,0,0.009,500,6.4125,0.701552273,2000,1.70030144,-0.394500936,2.094802376,0.000651988,650,11.1796585083008,40.7383839461355
"US_SRR",2015,356,-3.346687784,NA,0.443607143,0,0.009,500,6.544791667,0.717445455,2000,1.969232823,-0.507627249,2.476860071,0.001654199,651,14.2639671325684,108.892402887642
"US_SRR",2015,357,-7.316537047,NA,0.440528571,0,0.009,500,6.277083333,0.733338636,2000,1.177169502,-0.76479335,1.941962853,0.002345177,652,11.3102241516114,224.207171140194
"US_SRR",2015,358,-10.86471746,NA,0.43745,0,0.009,500,6.123958333,0.749231818,2000,1.177223301,-0.579698089,1.75692139,0.0009739,653,9.04307708740237,181.662920636177
"US_SRR",2015,359,-13.99700602,NA,0.435583571,0,0.009,500,6.098958333,0.765125,2000,0.700611422,-0.88394481,1.584556232,0.0000829,654,6.23551330566409,224.3488114748
"US_SRR",2015,360,-17.20915878,NA,0.433717143,0,0.009,500,6.020833333,0.781018182,2000,0.8191256,-0.845777023,1.664902623,-0.000241375,655,5.65290985107424,255.659469075441
"US_SRR",2015,361,-20.56497591,NA,0.431850714,0,0.009,500,5.752083333,0.796911364,2000,0.871464001,-0.574754286,1.446218287,-0.00175194,656,5.27617797851565,230.372813619137
"US_SRR",2015,362,-24.28008063,NA,0.429984286,0,0.009,500,5.41875,0.812804545,2000,0.725153964,-0.815065637,1.540219601,-0.000305262,657,6.30955657958987,204.099119989395
"US_SRR",2015,363,-27.99655359,NA,0.428117857,0,0.009,500,5.208333333,0.828697727,2000,0.73788797,-0.837899399,1.57578737,-0.000741489,658,5.33228073120119,245.789129930496
"US_SRR",2015,364,-31.36311387,NA,0.426251429,0,0.009,500,5.1125,0.844590909,2000,0.898104785,-0.596083756,1.494188541,-0.001702199,659,5.90962371826174,218.546109028339
"US_SRR",2015,365,-34.88975731,NA,0.424385,0,0.009,500,4.927083333,0.860484091,2000,0.621834659,-0.888334306,1.510168964,-0.002047713,660,6.96324691772463,222.401297069311
"US_SRR",2016,1,0.480358594,NA,0.422518571,0,0.009,500,4.888541667,0.876377273,2000,0.616934972,-0.856412639,1.473347611,-0.002408549,661,4.72474060058596,264.739516814709
"US_SRR",2016,2,0.338771915,NA,0.420652143,0,0.009,500,4.744791667,0.892270455,2000,0.867930724,-0.665811106,1.53374183,-0.00244502,662,5.7062927246094,248.131546598673
"US_SRR",2016,3,0.412859147,NA,0.418785714,0,0.009,500,4.469791667,0.908163636,2000,0.921395545,-0.724698376,1.646093921,-0.001956307,663,7.21148452758791,208.066828033924
"US_SRR",2016,4,-0.031562891,NA,0.416919286,0,0.009,500,4.30625,0.924056818,2000,1.126684416,-0.508562846,1.635247263,-0.00088333,664,8.52153930664065,157.88247576499
"US_SRR",2016,5,-2.090397391,NA,0.415052857,0,0.009,500,4.48125,0.93995,2000,1.274727214,-0.457614773,1.732341987,-0.000313667,665,11.4402290344239,108.984211010694
"US_SRR",2016,6,-4.884327225,NA,0.413186429,0,0.009,500,4.564583333,0.955843182,2000,1.24279864,-0.431209386,1.674008026,-0.000497927,666,9.93586883544924,119.014851967096
"US_SRR",2016,7,-8.066632259,NA,0.41132,0,0.009,500,4.523958333,0.971736364,2000,1.147014136,-0.479606778,1.626620914,-0.00014164,667,8.92563781738284,206.878641009331
"US_SRR",2016,8,-2.563197575,NA,0.410267857,0,0.009,500,4.445833333,0.987629545,2000,1.009539929,-0.544844306,1.554384234,-0.000899666,668,8.16100082397463,242.493200779438
"US_SRR",2016,9,-0.130481001,NA,0.409215714,0,0.009,500,4.573958333,1.003522727,2000,1.255438728,-0.435677761,1.691116489,-0.000456681,669,9.65844879150393,150.757778885603
"US_SRR",2016,10,-3.865045028,NA,0.408163571,0,0.009,500,4.627083333,1.019415909,2000,1.124147083,-0.679909635,1.804056718,0.000215649,670,9.56444320678713,205.085234929919
"US_SRR",2016,11,-7.284256906,NA,0.407111429,0,0.009,500,4.534375,1.035309091,2000,1.187831087,-0.683060701,1.870891788,0.000309846,671,9.85630950927737,178.842689669132
"US_SRR",2016,12,-9.720064672,NA,0.406059286,0,0.009,500,4.29375,1.051202273,2000,1.168411081,-0.633903423,1.802314505,0.000207553,672,9.9356628417969,196.629944459677
"US_SRR",2016,13,-11.32449411,NA,0.405007143,0,0.009,500,4.238541667,1.067095455,2000,1.342731305,-0.758852984,2.101584289,0.000342995,673,13.4003959655762,210.171756990194
"US_SRR",2016,14,-12.35852281,NA,0.403955,0,0.009,500,4.064583333,1.082988636,2000,1.344806293,-0.390161965,1.734968258,-0.000302914,674,8.63858947753909,191.748134019852
"US_SRR",2016,15,-11.92205678,NA,0.402902857,0,0.009,500,3.921875,1.098881818,2000,1.087681626,-0.703263087,1.790944714,0.000931757,675,11.2015396118164,193.61273878324
"US_SRR",2016,16,-10.23786449,NA,0.401850714,0,0.009,500,3.785416667,1.114775,2000,1.580973235,-0.368560299,1.949533534,-0.000126915,676,11.9441925048828,134.541431294441
"US_SRR",2016,17,-10.99089886,NA,0.400798571,0,0.009,500,3.6,1.130668182,2000,1.756293132,-0.345914149,2.102207281,0.000105722,677,13.9242530822754,150.499671591282
"US_SRR",2016,18,-9.780114856,NA,0.399746429,0,0.009,500,3.423958333,1.146561364,2000,1.59623305,-0.660905562,2.257138612,0.000886292,678,13.4345184326172,163.645423880339
"US_SRR",2016,19,-10.09612578,NA,0.398694286,0,0.009,500,2.55,1.162454545,2000,1.567016292,-0.711544032,2.278560325,0.000797892,679,13.667138671875,109.518231255531
"US_SRR",2016,20,-12.81090086,NA,0.397642143,0,0.009,500,1.645833333,1.178347727,2000,1.241409711,-0.822960069,2.064369779,0.000737908,680,11.2247825622559,197.30191815567
"US_SRR",2016,21,-14.54951839,NA,0.39659,0,0.009,500,1.638541667,1.194240909,2000,1.604446403,-0.523558321,2.128004724,0.00018889,681,11.7090621948242,278.833150710106
"US_SRR",2016,22,-9.267078514,NA,0.394058571,0,0.009,500,1.705208333,1.210134091,2000,1.732427772,-0.451614183,2.184041955,0.000261307,682,13.4232154846192,143.450637725353
"US_SRR",2016,23,-10.18227373,NA,0.391527143,0,0.009,500,1.648958333,1.226027273,2000,1.388351398,-0.765978702,2.1543301,0.002626571,683,13.5034080505371,166.128604649782
"US_SRR",2016,24,-10.41147793,NA,0.388995714,0,0.009,500,1.615625,1.241920455,2000,0.758286959,-1.21950504,1.977791999,-0.000142535,684,10.0162712097168,193.94650342083
"US_SRR",2016,25,-8.711221578,NA,0.386464286,0,0.009,500,1.520833333,1.257813636,2000,1.218438096,-0.861344871,2.079782967,0.00021663,685,11.1215568542481,249.257435373306
"US_SRR",2016,26,-10.75926225,NA,0.383932857,0,0.009,500,1.466666667,1.273706818,2000,0.992747861,-0.900783306,1.893531168,0.000556472,686,10.651929473877,292.330453510284
"US_SRR",2016,27,-12.09860939,NA,0.381401429,0,0.009,500,1.430208333,1.2896,2000,1.003061522,-1.055280843,2.058342365,0.001014342,687,11.1462684631348,291.240164203644
"US_SRR",2016,28,-12.35391136,NA,0.37887,0,0.009,500,1.401041667,1.30135,2000,1.217360057,-0.778594536,1.995954593,0.0000305,688,10.3033195495606,293.331739484787
"US_SRR",2016,29,-7.048667618,NA,0.376338571,0,0.009,500,1.298958333,1.3131,2000,1.826674126,-0.436929011,2.263603137,0.000279572,689,13.3178993225098,146.966256240368
"US_SRR",2016,30,-0.681878514,NA,0.373807143,0,0.009,500,1.438541667,1.32485,2000,1.265581722,-0.842068602,2.107650324,0.001881413,690,12.6920829772949,203.888139911055
"US_SRR",2016,31,0.297218201,NA,0.371275714,0,0.009,500,1.40625,1.3366,2000,1.028871902,-0.857629066,1.886500969,0.000173716,691,10.5926795959473,303.162118911743
"US_SRR",2016,32,-0.361205463,NA,0.368744286,0,0.009,500,1.501041667,1.34835,2000,0.662149132,-1.131814371,1.793963503,0.000228396,692,9.82238922119143,342.626067756653
"US_SRR",2016,33,-2.332625138,NA,0.366212857,0,0.009,500,1.35,1.3601,2000,1.089353529,-0.512290219,1.601643748,-0.000997876,693,8.10761032104494,232.48926566124
"US_SRR",2016,34,-5.846853131,NA,0.363681429,0,0.009,500,1.375,1.37185,2000,0.995439987,-0.652078778,1.647518764,-0.000791893,694,7.78140792846682,268.780255392551
"US_SRR",2016,35,-8.691356875,NA,0.36115,0,0.009,500,1.429166667,1.3836,2000,0.858902948,-0.975523795,1.834426742,0.000224246,695,10.4216171264649,283.572552945614
"US_SRR",2016,36,-10.73483677,NA,0.359076429,0,0.009,500,1.440625,1.39535,2000,0.800502073,-0.981681791,1.782183865,-0.0000517,696,10.1410575866699,349.190034772873
"US_SRR",2016,37,-12.36115792,NA,0.357002857,0,0.009,500,1.535416667,1.4071,2000,0.804770603,-1.160417165,1.965187768,0.000479842,697,11.0811515808106,348.277756162643
"US_SRR",2016,38,-13.86793613,NA,0.354929286,0,0.009,500,1.614583333,1.41885,2000,0.887974581,-1.238065834,2.126040415,0.001254966,698,13.2259803771973,350.556239046097
"US_SRR",2016,39,-15.04583189,NA,0.352855714,0,0.009,500,1.726041667,1.4306,2000,1.040946489,-1.316171096,2.357117585,0.001772212,699,12.6981521606446,358.27723829174
"US_SRR",2016,40,-15.93928742,NA,0.350782143,0,0.009,500,1.844791667,1.44235,2000,1.080649771,-1.292840573,2.373490344,0.001930637,700,13.9703155517578,363.434974030495
"US_SRR",2016,41,-16.53538051,NA,0.348708571,0,0.009,500,1.91875,1.4541,2000,1.042035719,-1.209426264,2.251461983,0.001487337,701,12.5670791625977,360.885040761948
"US_SRR",2016,42,-17.1705949,NA,0.346635,0,0.009,500,1.946875,1.46585,2000,1.066071965,-1.263228112,2.329300077,0.00169114,702,13.34951171875,322.364522802353
"US_SRR",2016,43,-17.49086255,NA,0.344561429,0,0.009,500,1.998958333,1.4776,2000,0.909062332,-1.532314274,2.441376607,0.001944453,703,13.5727096557617,307.848136183739
"US_SRR",2016,44,-18.49154693,NA,0.342487857,0,0.009,500,2.065625,1.48935,2000,0.349919899,-2.253899284,2.603819183,0.00096205,704,13.4349418640137,362.660646855354
"US_SRR",2016,45,-18.63744101,NA,0.340414286,0,0.009,500,2.1375,1.5011,2000,1.473585872,-1.442470224,2.916056096,0.002606595,705,14.3164077758789,348.949737670898
"US_SRR",2016,46,-19.34821222,NA,0.338340714,0,0.009,500,2.155208333,1.51285,2000,0.887041962,-2.093008094,2.980050056,0.002687934,706,17.2836700439453,378.253976413727
"US_SRR",2016,47,-20.36328837,NA,0.336267143,0,0.009,500,2.140625,1.5246,2000,0.774252208,-2.048788919,2.823041127,0.001879644,707,15.2439399719239,388.774149305343
"US_SRR",2016,48,-21.08931283,NA,0.334193571,0,0.009,500,2.116666667,1.53635,2000,1.277937588,-1.547838172,2.82577576,0.001354211,708,16.6616188049317,285.646323830604
"US_SRR",2016,49,-21.48503594,NA,0.33212,0,0.009,500,2.21875,1.5481,2000,0.415835347,-1.947954934,2.363790281,-0.0000853,709,13.1265312194824,288.547821974754
"US_SRR",2016,50,-22.38604208,NA,0.328875714,0,0.009,500,2.326041667,1.55985,2000,1.033197224,-1.084493689,2.117690913,0.0000345,710,11.4446197509766,284.471482351405
"US_SRR",2016,51,-23.5257287,NA,0.325631429,0,0.009,500,2.404166667,1.5716,2000,0.365165256,-1.661836168,2.027001424,0.000875647,711,10.5374046325684,278.708536372714
"US_SRR",2016,52,-24.35462394,NA,0.322387143,0,0.009,500,2.41875,1.58335,2000,0.162610805,-2.005594032,2.168204837,0.001294253,712,9.87577590942385,401.746318040475
"US_SRR",2016,53,-24.82575184,NA,0.319142857,0,0.009,500,2.430208333,1.5951,2000,0.477024546,-1.948201858,2.425226404,0.002932799,713,11.6531616210938,415.457257840019
"US_SRR",2016,54,-25.76395362,NA,0.315898571,0,0.009,500,2.457291667,1.60685,2000,0.52297779,-1.888754842,2.411732632,0.001889756,714,14.5421119689942,420.873077865511
"US_SRR",2016,55,-26.38928634,NA,0.312654286,0,0.009,500,2.476041667,1.6186,2000,0.432244653,-2.074208545,2.506453197,0.002092659,715,13.2689109802246,433.111006218746
"US_SRR",2016,56,-26.68153057,NA,0.30941,0,0.009,500,2.495833333,1.592935714,2000,0.515023481,-2.209367879,2.724391359,0.002137875,716,14.5818954467774,429.141446715474
"US_SRR",2016,57,-16.2666496,NA,0.306165714,0,0.009,500,2.50625,1.567271429,2000,0.487200081,-2.368867643,2.856067724,0.001575696,717,14.2806030273438,404.91929019551
"US_SRR",2016,58,-8.346765101,NA,0.302921429,0,0.009,500,2.538541667,1.541607143,2000,0.312850389,-2.609475852,2.922326242,0.001820312,718,14.4799324035645,408.817623640388
"US_SRR",2016,59,-6.557725691,NA,0.299677143,0,0.009,500,2.544791667,1.515942857,2000,0.107347722,-2.672508867,2.779856589,0.00179697,719,12.4293151855469,399.801618033722
"US_SRR",2016,60,-0.136460681,NA,0.296432857,0,0.009,500,2.558333333,1.490278571,2000,0.380147938,-2.55704779,2.937195728,0.001764036,720,13.268701171875,403.379531349331
"US_SRR",2016,61,-0.531068938,NA,0.293188571,0,0.009,500,2.58125,1.464614286,2000,0.302750372,-2.813705957,3.116456329,0.001775211,721,15.379411315918,451.645888410181
"US_SRR",2016,62,-2.199501228,NA,0.289944286,0,0.009,500,2.585416667,1.43895,2000,0.491104113,-2.796939113,3.288043225,0.002666072,722,14.4721923828125,456.371950831026
"US_SRR",2016,63,-5.265506538,NA,0.2867,0,0.009,500,2.61875,1.413285714,2000,0.847250582,-2.53012766,3.377378241,0.000865342,723,15.0502677917481,290.617137728572
"US_SRR",2016,64,-8.07078763,NA,0.2867,0,0.009,500,2.601041667,1.387621429,2000,1.740566243,-1.644123082,3.384689325,-0.00064143,724,16.1507431030274,177.761299300209
"US_SRR",2016,65,-10.21125998,NA,0.2867,0,0.009,500,2.610416667,1.361957143,2000,1.899236742,-1.443465627,3.342702369,-0.000459525,725,16.4993492126465,177.574397352338
"US_SRR",2016,66,-11.83940543,NA,0.2867,0,0.009,500,2.578125,1.336292857,2000,-0.011876723,-2.85439857,2.842521847,-0.003212714,726,13.5846420288086,340.886059745192
"US_SRR",2016,67,-12.86831593,NA,0.2867,0,0.009,500,2.404166667,1.310628571,2000,0.527499358,-1.890266584,2.417765942,0.000515091,727,11.739633178711,327.175143977016
"US_SRR",2016,68,-14.10504567,NA,0.2867,0,0.009,500,2.205208333,1.284964286,2000,-0.34502127,-2.566077886,2.221056617,0.001577476,728,10.3506408691406,422.42617704612
"US_SRR",2016,69,-15.15772287,NA,0.2867,0,0.009,500,2.155208333,1.2593,2000,1.041659239,-1.397813642,2.439472881,0.000983651,729,12.4492012023926,204.177403481096
"US_SRR",2016,70,-16.12328929,NA,0.2867,0,0.009,500,2.165625,1.233635714,2000,1.403093117,-1.272859921,2.675953038,0.001594683,730,15.5358062744141,172.625829751253
"US_SRR",2016,71,-16.58093757,NA,0.2867,0,0.009,500,1.878125,1.207971429,2000,1.18509353,-1.251035629,2.436129159,0.001393142,731,13.664624786377,64.6429003994166
"US_SRR",2016,72,-12.03440384,NA,0.2867,0,0.009,500,1.732291667,1.182307143,2000,0.929374044,-1.325660373,2.255034417,0.002282864,732,12.2159629821778,276.02509527874
"US_SRR",2016,73,-8.783028422,NA,0.2867,0,0.009,500,1.364583333,1.156642857,2000,1.404755017,-1.012451586,2.417206602,0.001633879,733,13.7427268981934,111.093582371712
"US_SRR",2016,74,-8.593908349,NA,0.2867,0,0.009,500,0.973958333,1.130978571,2000,-0.398336042,-2.877068262,2.47873222,0.003479132,734,13.6200309753418,327.864909374237
"US_SRR",2016,75,-4.920306661,NA,0.2867,0,0.009,500,0.93125,1.105314286,2000,-0.44755663,-3.120857716,2.673301086,0.002587988,735,11.1161170959473,515.705805782318
"US_SRR",2016,76,-6.809784438,NA,0.2867,0,0.009,500,1.20625,1.07965,2000,-0.452123217,-3.595053007,3.14292979,0.003249381,736,13.4196601867676,532.527367010116
"US_SRR",2016,77,-9.275237231,NA,0.2867,0,0.009,500,1.2,1.053985714,2000,-0.72763328,-4.257965165,3.530331885,0.002559853,737,15.0427299499512,538.779841264486
"US_SRR",2016,78,-11.67775135,NA,0.2867,0,0.009,500,1.090625,1.028321429,2000,-1.208719463,-4.677157495,3.468438032,0.003996621,738,14.6947456359864,542.509072211981
"US_SRR",2016,79,-14.63277784,NA,0.2867,0,0.009,500,1.058333333,1.002657143,2000,-1.560679071,-5.164748781,3.604069709,0.003411191,739,14.0306144714356,480.184692253113
"US_SRR",2016,80,-21.12833278,NA,0.2867,0,0.009,500,1.055208333,0.976992857,2000,0.416130327,-3.163269801,3.579400128,0.001168101,740,15.2230049133301,453.857618952036
"US_SRR",2016,81,1.040168201,NA,0.2867,0,0.009,500,1.092708333,0.951328571,2000,-0.0187998,-3.297429161,3.278629361,0.001993274,741,14.3316932678223,329.671678579092
"US_SRR",2016,82,-3.682512738,NA,0.2867,0,0.009,500,1.134375,0.925664286,2000,-0.990412802,-3.988222512,2.99780971,-0.000303822,742,11.918229675293,444.681397736549
"US_SRR",2016,83,-10.70473567,NA,0.2867,0,0.009,500,1.165625,0.9,2000,-0.962425836,-4.250210187,3.287784351,0.00276599,743,12.1581779479981,524.797470606565
"US_SRR",2016,84,-8.285904113,NA,0.2867,0,0.009,500,1.161458333,0.896539286,2000,-1.372780308,-5.036495091,3.663714783,0.002447285,744,13.2431541442871,552.490765821457
"US_SRR",2016,85,-10.68076627,NA,0.2867,0,0.009,500,1.15,0.893078571,2000,-1.356748633,-5.268423125,3.911674493,0.003461297,745,13.6288238525391,548.156308132887
"US_SRR",2016,86,-12.56836906,NA,0.2867,0,0.009,500,1.159375,0.889617857,2000,-1.302767409,-5.442758398,4.139990989,0.004577747,746,14.8411041259766,576.316864289284
"US_SRR",2016,87,-13.83433843,NA,0.2867,0,0.009,500,1.195833333,0.886157143,2000,-1.005451283,-5.053255804,4.04780452,0.003188284,747,15.3172203063965,564.412724057674
"US_SRR",2016,88,-14.606224,NA,0.2867,0,0.009,500,1.246875,0.882696429,2000,-0.963719506,-4.310741634,3.347022127,0.00282976,748,12.7795997619629,574.171905052662
"US_SRR",2016,89,-15.15002023,NA,0.2867,0,0.009,500,1.125,0.879235714,2000,-0.988987532,-4.334520334,3.345532802,0.002203371,749,11.3204704284668,588.430184124946
"US_SRR",2016,90,-15.59570915,NA,0.2867,0,0.009,500,1.160416667,0.875775,2000,-1.298160435,-4.853013376,3.554852941,0.00096228,750,11.9113212585449,601.745039872169
"US_SRR",2016,91,-15.22740135,NA,0.2867,0,0.009,500,1.280208333,0.872314286,2000,-1.201677514,-4.892571493,3.69089398,0.000538986,751,13.8266845703125,599.123910187721
"US_SRR",2016,92,-13.4554395,NA,0.2867,0,0.009,500,1.357291667,0.868853571,2000,-1.497810501,-5.306383771,3.80857327,0.003336461,752,13.4747215270996,601.162067744255
"US_SRR",2016,93,-15.27351584,NA,0.2867,0,0.009,500,1.383333333,0.865392857,2000,-1.197031878,-5.166989309,3.969957431,0.002791943,753,13.8888641357422,575.284444184303
"US_SRR",2016,94,-17.40253557,NA,0.2867,0,0.009,500,1.380208333,0.861932143,2000,-1.325416202,-5.368851646,4.043435444,0.001989725,754,14.3522125244141,588.198780400753
"US_SRR",2016,95,-18.2533732,NA,0.2867,0,0.009,500,1.382291667,0.858471429,2000,-0.914719577,-5.318949838,4.404230261,0.002262643,755,14.8434043884278,603.689748667717
"US_SRR",2016,96,-5.375218478,NA,0.29753,0,0.009,500,1.386458333,0.855010714,2000,-0.002613555,-4.837933992,4.835320437,0.002654821,756,16.6218353271485,622.224638655662
"US_SRR",2016,97,-1.604016237,NA,0.301605,0,0.009,500,1.375,0.85155,2000,0.271616041,-4.953038043,5.224654084,0.002129425,757,19.4238983154297,627.039714488983
"US_SRR",2016,98,-5.17758496,NA,0.30568,0,0.009,500,1.434375,0.848089286,2000,-0.897648586,-5.902113464,5.004464879,0.002509035,758,20.5138984680176,581.051839240551
"US_SRR",2016,99,-8.359839319,NA,0.309755,0,0.009,500,1.547916667,0.844628571,2000,-2.637621887,-7.315175145,4.677553258,0.000768404,759,15.9342514038086,598.22051739502
"US_SRR",2016,100,-10.87895721,NA,0.31383,0,0.009,500,1.641666667,0.841167857,2000,1.714570844,-2.531928298,4.246499142,-0.000601549,760,15.1865707397461,536.950840883255
"US_SRR",2016,101,-12.64585153,NA,0.317905,0,0.009,500,1.679166667,0.837707143,2000,0.086498083,-3.911609044,3.998107127,0.002120122,761,14.1187606811524,557.688547213077
"US_SRR",2016,102,-14.00146544,NA,0.32198,0,0.009,500,1.705208333,0.834246429,2000,-2.176641587,-6.505873137,4.32923155,0.003278114,762,14.2977767944336,607.227629608154
"US_SRR",2016,103,-15.93442259,NA,0.326055,0,0.009,500,1.747916667,0.830785714,2000,-3.249157411,-7.686882215,4.437724804,0.002792157,763,14.4030891418457,637.537612858772
"US_SRR",2016,104,-17.72832683,NA,0.33013,0,0.009,500,1.71875,0.827325,2000,-2.502041804,-6.912804432,4.410762628,0.003829455,764,13.8296142578125,619.016078310013
"US_SRR",2016,105,-18.61732293,NA,0.334205,0,0.009,500,1.739583333,0.823864286,2000,-2.947232346,-7.176187198,4.228954852,0.004246087,765,14.1539321899414,638.659050408363
"US_SRR",2016,106,-6.075550583,NA,0.33828,0,0.009,500,1.782291667,0.820403571,2000,-1.330419746,-5.588651693,4.258231947,0.004039102,766,13.5647560119629,667.117779672623
"US_SRR",2016,107,-8.491797698,NA,0.343100714,0,0.009,500,1.758333333,0.816942857,2000,-0.36859026,-5.305566662,4.936976402,0.003575849,767,16.8134132385254,669.934704792976
"US_SRR",2016,108,-10.71395856,NA,0.347921429,0,0.009,500,1.746875,0.813482143,2000,-0.868617153,-6.153449256,5.284832103,0.003119621,768,18.2547470092774,667.509387681007
"US_SRR",2016,109,-9.252737416,NA,0.352742143,0,0.009,500,1.752083333,0.810021429,2000,-0.651240898,-6.409012416,5.757771519,0.002501847,769,19.5176902770996,667.255718003273
"US_SRR",2016,110,-12.75672901,NA,0.357562857,0,0.009,500,1.778125,0.806560714,2000,-0.046537254,-5.89919034,5.852653087,0.002044321,770,18.6330886840821,651.462118347168
"US_SRR",2016,111,-15.28436034,NA,0.362383571,0,0.009,500,1.798958333,0.8031,2000,-1.610777743,-7.105583952,5.494806209,0.000638129,771,17.7775856018067,665.106311825752
"US_SRR",2016,112,-17.51199414,NA,0.367204286,0,0.009,500,1.804166667,0.817258621,2000,-1.822679721,-7.245197168,5.422517448,0.004448633,772,17.1555381774903,560.145030208587
"US_SRR",2016,113,-19.75787103,NA,0.372025,0,0.009,500,1.795833333,0.831417241,2000,-0.726997893,-5.638271368,4.911273475,0.002818828,773,16.1080261230469,423.636632229328
"US_SRR",2016,114,-21.54685976,NA,0.376845714,0,0.009,500,1.8375,0.845575862,2000,-2.495420705,-7.094390887,4.598970182,0.002544529,774,13.4707466125489,572.556484090805
"US_SRR",2016,115,-22.72130961,NA,0.381666429,0,0.009,500,1.852083333,0.859734483,2000,-3.186800151,-7.958614846,4.771814696,0.001106435,775,15.4960227966309,681.554054824829
"US_SRR",2016,116,-22.49114257,NA,0.386487143,0,0.009,500,1.923958333,0.873893103,2000,-2.176910287,-6.601960322,4.425050035,0.003205047,776,14.0904899597168,688.224833097458
"US_SRR",2016,117,-17.59145295,NA,0.391307857,0,0.009,500,1.911458333,0.888051724,2000,-2.953759223,-7.398128862,4.444369639,0.002814875,777,13.8304496765137,679.80070712471
"US_SRR",2016,118,-18.90976986,NA,0.396128571,0,0.009,500,1.885416667,0.902210345,2000,-3.066141012,-7.437640501,4.37149949,0.002952433,778,13.7291160583496,542.615878680229
"US_SRR",2016,119,-10.11401415,NA,0.400949286,0,0.009,500,1.910416667,0.916368966,2000,-1.545862011,-6.324444811,4.7785828,0.002496946,779,14.65224609375,643.616519073486
"US_SRR",2016,120,-10.21865856,NA,0.40577,0,0.009,500,1.91875,0.930527586,2000,-2.532089758,-7.509174521,4.977084762,0.002531929,780,15.8130203247071,697.245309822082
"US_SRR",2016,121,-14.16453843,NA,0.407057857,0,0.009,500,1.938541667,0.944686207,2000,-0.766001272,-6.03552309,5.269521818,0.004729655,781,17.4333740234375,707.204727649688
"US_SRR",2016,122,-8.658012554,NA,0.408345714,0,0.009,500,1.935416667,0.958844828,2000,-0.592054165,-6.080923508,5.488869343,0.00314989,782,20.6204696655274,713.96005374527
"US_SRR",2016,123,-12.46108953,NA,0.409633571,0,0.009,500,1.916666667,0.973003448,2000,-2.021649411,-7.270408007,5.248758596,0.002826177,783,17.9756484985352,714.218174900055
"US_SRR",2016,124,-16.60739006,NA,0.410921429,0,0.009,500,1.890625,0.987162069,2000,-1.91078538,-7.234271767,5.323486387,0.003123859,784,16.2562652587891,619.28753776741
"US_SRR",2016,125,-20.25611019,NA,0.412209286,0,0.009,500,1.875,1.00132069,2000,-2.719683183,-7.8692919,5.149608717,0.00169307,785,16.7158447265625,466.344740635872
"US_SRR",2016,126,-23.34785853,NA,0.413497143,0,0.009,500,1.964583333,1.01547931,2000,-0.294751086,-4.981706613,4.686955527,0.002384098,786,15.7430892944336,640.172085886001
"US_SRR",2016,127,-26.34641507,NA,0.414785,0,0.009,500,2.084375,1.029637931,2000,-0.062496965,-4.455350567,4.392853602,0.001697913,787,14.7186180114746,639.028419176101
"US_SRR",2016,128,-29.22122262,NA,0.416072857,0,0.009,500,2.230208333,1.043796552,2000,-0.213476495,-4.437757346,4.224280851,0.002103871,788,14.2663703918457,596.088899989128
"US_SRR",2016,129,-31.79927584,NA,0.417360714,0,0.009,500,2.329166667,1.057955172,2000,-3.648632781,-8.173056718,4.524423937,0.001759388,789,15.8592926025391,617.249374162674
"US_SRR",2016,130,-33.89844785,NA,0.418648571,0,0.009,500,2.345833333,1.072113793,2000,-4.802450186,-9.429415567,4.626965381,0.004520372,790,15.495191192627,711.886290420532
"US_SRR",2016,131,-35.73471661,NA,0.419936429,0,0.009,500,2.31875,1.086272414,2000,-4.04418699,-9.090198172,5.046011182,0.000501241,791,16.1787963867188,724.974188058955
"US_SRR",2016,132,-37.17764398,NA,0.421224286,0,0.009,500,2.248958333,1.100431034,2000,-4.030354175,-9.221103444,5.190749269,0.003137732,792,17.5177589416504,725.032031051738
"US_SRR",2016,133,-9.398074064,NA,0.422512143,0,0.009,500,2.239583333,1.114589655,2000,-3.773289967,-8.907479382,5.134189414,0.00257408,793,16.4886680603028,720.377196668439
"US_SRR",2016,134,-4.297305003,NA,0.4238,0,0.009,500,2.255208333,1.128748276,2000,-3.818177094,-8.744957561,4.926780466,0.003313713,794,16.4522491455078,734.097006473949
"US_SRR",2016,135,-1.170945457,NA,0.425234286,0,0.009,500,2.254166667,1.142906897,2000,-3.093733768,-8.099185134,5.005451366,0.00533001,795,15.3544860839844,564.50173002015
"US_SRR",2016,136,-0.287726335,NA,0.426668571,0,0.009,500,2.269791667,1.157065517,2000,-1.923642279,-7.240268089,5.31662581,0.003963866,796,17.4882255554199,617.053560375435
"US_SRR",2016,137,-0.361306814,NA,0.428102857,0,0.009,500,2.308333333,1.171224138,2000,-2.048289656,-7.796204541,5.747914886,0.003541111,797,18.0336471557617,735.61894199381
"US_SRR",2016,138,-0.226561295,NA,0.429537143,0,0.009,500,2.329166667,1.185382759,2000,0.493475256,-5.95305761,6.446532866,0.002101565,798,20.9870887756348,742.854891262498
"US_SRR",2016,139,-1.276451351,NA,0.430971429,0,0.009,500,2.389583333,1.199541379,2000,-0.572003775,-7.273542077,6.701538302,0.003254127,799,22.3859153747559,745.80535571327
"US_SRR",2016,140,-5.123919859,NA,0.432405714,0,0.009,500,2.438541667,1.2137,2000,-2.948525921,-8.660136261,5.711610339,0.001915548,800,19.5886817932129,742.86379433079
"US_SRR",2016,141,-9.196589227,NA,0.43384,0,0.009,500,2.540625,1.212635897,2000,-3.430970116,-8.325002423,4.894032307,0.007247096,801,14.7935729980469,717.756035112798
"US_SRR",2016,142,-12.64362182,NA,0.435274286,0,0.009,500,2.597916667,1.211571795,2000,-3.70996636,-8.332404024,4.622437664,0.002380375,802,13.8335929870606,599.98721668332
"US_SRR",2016,143,-15.39989994,NA,0.436708571,0,0.009,500,2.552083333,1.210507692,2000,-3.872485008,-8.525314875,4.652829866,0.004461508,803,14.2234512329102,661.199075726032
"US_SRR",2016,144,-17.87133241,NA,0.438142857,0,0.009,500,2.59375,1.20944359,2000,-3.221114566,-8.094100049,4.872985483,0.004263015,804,14.7251068115235,643.95473857449
"US_SRR",2016,145,-19.16704816,NA,0.439577143,0,0.009,500,2.641666667,1.208379487,2000,-3.833225444,-8.806491733,4.973266289,0.004156015,805,15.8800254821778,630.461872178107
"US_SRR",2016,146,-20.72602188,NA,0.441011429,0,0.009,500,2.638541667,1.207315385,2000,-3.472130087,-8.602791985,5.130661898,0.003007947,806,15.7213111877442,642.121260995596
"US_SRR",2016,147,-22.03526793,NA,0.442445714,0,0.009,500,2.632291667,1.206251282,2000,-2.799024015,-8.219200985,5.42017697,0.003973003,807,16.8898368835449,673.432531339005
"US_SRR",2016,148,-10.41872449,NA,0.44388,0,0.009,500,2.641666667,1.205187179,2000,-1.550365434,-7.496627851,5.946262417,0.00289334,808,17.7528778076172,721.916928163826
"US_SRR",2016,149,-4.169755371,NA,0.445548571,0,0.009,500,2.660416667,1.204123077,2000,-0.8145321,-7.296659562,6.482127462,0.00247558,809,21.4238410949707,723.256433765337
"US_SRR",2016,150,-1.475858502,NA,0.447217143,0,0.009,500,2.6875,1.203058974,2000,-2.422087068,-8.414985531,5.992898463,0.007561766,810,20.4657493591309,744.572652981013
"US_SRR",2016,151,-0.85878585,NA,0.448885714,0,0.009,500,2.690625,1.201994872,2000,-1.2042353,-7.435831774,6.231596474,0.005800586,811,19.4037948608399,739.917797812432
"US_SRR",2016,152,-5.56991283,NA,0.450554286,0,0.009,500,2.726041667,1.200930769,2000,-0.74968616,-7.483681987,6.733995827,0.002485441,812,20.7498718261719,741.960429810286
"US_SRR",2016,153,-10.46443358,NA,0.452222857,0,0.009,500,2.78125,1.199866667,2000,-2.083279125,-8.283866292,6.200587167,0.002515042,813,21.6541610717774,753.535276317507
"US_SRR",2016,154,-15.8928182,NA,0.453891429,0,0.009,500,2.908333333,1.198802564,2000,-1.846331519,-8.367667154,6.521335635,0.004257089,814,19.0114265441895,764.531574610442
"US_SRR",2016,155,-21.44530654,NA,0.45556,0,0.009,500,3.083333333,1.197738462,2000,-1.61271202,-8.67006392,7.0573519,0.001693437,815,22.9302955627442,760.388482080936
"US_SRR",2016,156,-26.41102603,NA,0.457228571,0,0.009,500,3.271875,1.196674359,2000,-1.068524684,-7.710497604,6.64197292,0.001279521,816,23.8467269897461,656.673273070574
"US_SRR",2016,157,-30.50158376,NA,0.458897143,0,0.009,500,3.378125,1.195610256,2000,-4.603605144,-10.6707326,6.067127453,0.001858343,817,20.2588859558106,638.578953621447
"US_SRR",2016,158,-33.8842081,NA,0.460565714,0,0.009,500,3.484375,1.194546154,2000,-5.727674199,-11.38184404,5.654169843,0.00267031,818,19.2438369750977,727.506323832542
"US_SRR",2016,159,-37.41713527,NA,0.462234286,0,0.009,500,3.533333333,1.193482051,2000,-5.433975123,-10.96897094,5.534995819,0.001846785,819,17.8271995544434,692.888598528385
"US_SRR",2016,160,-39.88912517,NA,0.463902857,0,0.009,500,3.416666667,1.192417949,2000,-5.811003599,-11.23998259,5.428978992,0.005296624,820,17.2836700439453,668.755422644049
"US_SRR",2016,161,-41.94836507,NA,0.465571429,0,0.009,500,3.336458333,1.191353846,2000,-4.504647565,-9.940820483,5.436172919,0.008793842,821,17.189656829834,715.26395636642
"US_SRR",2016,162,-36.37134991,NA,0.46724,0,0.009,500,3.3125,1.190289744,2000,-3.821231766,-9.29394667,5.472714904,-0.002093105,822,17.6622138977051,736.93618508327
"US_SRR",2016,163,-3.963861786,NA,0.466867143,0,0.009,500,3.311458333,1.189225641,2000,-1.92053043,-7.983872,6.06334157,0.004862157,823,18.4850631713867,744.390186365902
"US_SRR",2016,164,0.038064917,NA,0.466494286,0,0.009,500,3.313541667,1.188161538,2000,-2.858021907,-8.530801747,5.672779839,0.005314242,824,20.7842079162598,765.879985544383
"US_SRR",2016,165,1.477343677,NA,0.466121429,0,0.009,500,3.339583333,1.187097436,2000,-3.308219352,-8.735277359,5.427058007,0.008926895,825,18.1959167480469,754.767944248974
"US_SRR",2016,166,2.398417219,NA,0.465748571,0,0.009,500,3.372916667,1.186033333,2000,-3.983403262,-9.116952001,5.133548739,0.006376227,826,17.1318717956543,745.435993411124
"US_SRR",2016,167,1.92749202,NA,0.465375714,0,0.009,500,3.401041667,1.184969231,2000,-3.712028716,-8.493571956,4.781543239,0.005863385,827,15.5787330627442,678.625845487296
"US_SRR",2016,168,0.977229527,NA,0.465002857,0,0.009,500,3.476041667,1.183905128,2000,-3.203812397,-8.302146156,5.098333759,0.004614563,828,16.0025039672852,579.383032433152
"US_SRR",2016,169,-4.643214334,NA,0.46463,0,0.009,500,3.5375,1.182841026,2000,-1.65595562,-6.985826442,5.329870822,0.003172603,829,18.9040237426758,544.311387482703
"US_SRR",2016,170,-8.915594905,NA,0.464257143,0,0.009,500,3.595833333,1.181776923,2000,-2.25770519,-7.981541513,5.723836323,0.00459994,830,18.4557472229004,605.2295180825
"US_SRR",2016,171,-12.74304669,NA,0.463884286,0,0.009,500,3.625,1.180712821,2000,-1.379649112,-7.539543881,6.159894768,0.003510366,831,21.4186073303223,748.422046560466
"US_SRR",2016,172,-16.98487007,NA,0.463511429,0,0.009,500,3.725,1.179648718,2000,-0.743776281,-7.183827664,6.440051383,0.003203602,832,21.2812629699707,751.95991036433
"US_SRR",2016,173,-21.95368076,NA,0.463138571,0,0.009,500,3.819791667,1.178584615,2000,-0.390624162,-6.985484522,6.59486036,0.002955753,833,21.7829261779785,765.58627821505
"US_SRR",2016,174,-25.5855767,NA,0.462765714,0,0.009,500,3.8875,1.177520513,2000,-2.760880773,-8.724303076,5.963422303,0.007237093,834,20.721810913086,771.896579648673
"US_SRR",2016,175,-9.857343953,NA,0.462392857,0,0.009,500,3.890625,1.17645641,2000,-2.371705833,-8.243966432,5.872260599,0.003470764,835,19.1743217468262,770.779600506365
"US_SRR",2016,176,-1.173884622,NA,0.46202,0,0.009,500,3.885416667,1.175392308,2000,-1.750765413,-7.907921354,6.15715594,0.003790007,836,19.5595718383789,763.20988583225
"US_SRR",2016,177,-1.016436587,NA,0.461896429,0,0.009,500,3.933333333,1.174328205,2000,-0.407612494,-7.195813651,6.788201157,0.002954202,837,22.6392646789551,772.306008937776
"US_SRR",2016,178,-0.986132781,NA,0.461772857,0,0.009,500,3.925,1.173264103,2000,0.061448609,-6.855445655,6.916894263,0.003439541,838,21.9531494140625,768.821535389602
"US_SRR",2016,179,-0.282709484,NA,0.461649286,0,0.009,500,4.076041667,1.1722,2000,0.357821129,-6.754923986,7.112745115,0.002865525,839,23.4126945495606,758.483824482441
"US_SRR",2016,180,-2.481458379,NA,0.461525714,0,0.009,500,4.230208333,1.161378571,2000,-0.532858686,-7.443191616,6.910332931,0.00304085,840,23.5774780273438,761.79473837024
"US_SRR",2016,181,-5.776313168,NA,0.461402143,0,0.009,500,4.390625,1.150557143,2000,-2.354647995,-8.32638021,5.971732215,0.00351338,841,20.8576980590821,770.819648427308
"US_SRR",2016,182,-7.365540025,NA,0.461278571,0,0.009,500,4.5875,1.139735714,2000,-2.490674674,-8.864551289,6.373876615,0.004605544,842,19.2821517944336,772.888967142224
"US_SRR",2016,183,-11.18762023,NA,0.461155,0,0.009,500,4.920833333,1.128914286,2000,-5.996533919,-11.84353369,5.846999771,0.006035818,843,20.9529624938965,758.78199362117
"US_SRR",2016,184,-15.35626854,NA,0.461031429,0,0.009,500,5.215625,1.118092857,2000,-7.062992019,-12.4331339,5.370141881,0.004465217,844,19.1159111022949,713.190180693269
"US_SRR",2016,185,-20.12754705,NA,0.460907857,0,0.009,500,5.389583333,1.107271429,2000,-6.644662978,-11.88626621,5.241603236,0.005188818,845,17.9297996520996,702.478677388251
"US_SRR",2016,186,-25.51574619,NA,0.460784286,0,0.009,500,5.464583333,1.09645,2000,-7.484091789,-12.5744141,5.090322307,0.003695103,846,18.1337333679199,693.7385832358
"US_SRR",2016,187,-30.60962342,NA,0.460660714,0,0.009,500,5.510416667,1.085628571,2000,-7.445747182,-12.3767634,4.931016216,0.005261661,847,17.1861015319824,715.201653139293
"US_SRR",2016,188,-35.65312944,NA,0.460537143,0,0.009,500,5.484375,1.074807143,2000,-6.701624822,-11.70225268,5.000627857,0.006941622,848,16.795613861084,740.870123367071
"US_SRR",2016,189,-38.91246087,NA,0.460413571,0,0.009,500,5.316666667,1.063985714,2000,-6.300997254,-11.39883214,5.097834889,0.004089851,849,16.5056282043457,724.582566381574
"US_SRR",2016,190,-35.05480663,NA,0.46029,0,0.009,500,5.14375,1.053164286,2000,-4.516182776,-9.996891345,5.480708569,0.005167349,850,16.987191772461,715.535408200562
"US_SRR",2016,191,-5.051859638,NA,0.461375,0,0.009,500,5.083333333,1.042342857,2000,-3.244826284,-8.857028369,5.612202085,0.004254672,851,19.4412818908692,678.941810579896
"US_SRR",2016,192,0.260174586,NA,0.46246,0,0.009,500,5.095833333,1.031521429,2000,-1.996193302,-7.753319405,5.757126103,0.003214559,852,17.8544212341309,730.341075368285
"US_SRR",2016,193,2.192168907,NA,0.463545,0,0.009,500,5.142708333,1.0207,2000,-1.370060732,-7.49165896,6.121598228,0.003734441,853,21.0576492309571,745.778646638334
"US_SRR",2016,194,2.341812953,NA,0.46463,0,0.009,500,5.226041667,1.009878571,2000,-1.679471536,-7.642863251,5.963391715,0.003787087,854,19.0754981994629,752.249169996738
"US_SRR",2016,195,1.842610958,NA,0.465715,0,0.009,500,5.326041667,0.999057143,2000,-0.161112629,-6.782760884,6.621648255,0.002112016,855,20.0712867736817,756.792766589999
"US_SRR",2016,196,1.146079497,NA,0.4668,0,0.009,500,5.427083333,0.988235714,2000,0.492258358,-6.215972451,6.708230809,0.002511214,856,22.6784187316895,754.603293590903
"US_SRR",2016,197,-0.607335206,NA,0.467885,0,0.009,500,5.510416667,0.977414286,2000,-1.430900368,-7.483445509,6.05254514,0.004167923,857,20.2785659790039,723.799349230766
"US_SRR",2016,198,-5.073447299,NA,0.46897,0,0.009,500,5.670833333,0.966592857,2000,-1.940481164,-7.486158289,5.545677125,0.004373261,858,18.9473587036133,733.340471734404
"US_SRR",2016,199,-9.546501903,NA,0.470055,0,0.009,500,5.866666667,0.955771429,2000,-4.886604677,-10.10680516,5.220200482,0.007742002,859,17.9729362487793,739.704195491791
"US_SRR",2016,200,-13.81102781,NA,0.47114,0,0.009,500,6.003125,0.94495,2000,-4.80709022,-10.02236117,5.215270945,0.005242602,860,17.2087112426758,714.06685133022
"US_SRR",2016,201,-17.49760236,NA,0.472225,0,0.009,500,5.984375,0.934128571,2000,-4.141302394,-9.493709375,5.352406981,0.004296643,861,17.9536720275879,735.178380928933
"US_SRR",2016,202,-18.00334147,NA,0.47331,0,0.009,500,5.989583333,0.923307143,2000,-3.31238335,-8.901193544,5.588810195,0.00331195,862,18.4262214660645,740.411760780513
"US_SRR",2016,203,-10.17294948,NA,0.474395,0,0.009,500,5.948958333,0.912485714,2000,-3.316439133,-8.78634384,5.469904707,0.004845427,863,18.3646675109864,729.566744885534
"US_SRR",2016,204,-11.2849674,NA,0.47548,0,0.009,500,5.915625,0.901664286,2000,-1.64246338,-7.621792492,5.979329111,0.003009055,864,19.2513748168946,744.532593814194
"US_SRR",2016,205,-9.231859208,NA,0.475537857,0,0.009,500,5.897916667,0.890842857,2000,0.255270094,-6.345561732,6.600831826,0.004198941,865,22.017839050293,742.338682820499
"US_SRR",2016,206,-7.914707827,NA,0.475595714,0,0.009,500,5.894791667,0.880021429,2000,0.267467507,-6.33277711,6.600244617,0.004037048,866,22.6838661193848,739.659700598448
"US_SRR",2016,207,-6.775173235,NA,0.475653571,0,0.009,500,5.890625,0.8692,2000,-0.591826906,-6.753258065,6.16143116,0.001220091,867,20.7534271240235,740.020155134708
"US_SRR",2016,208,-5.379931277,NA,0.475711429,0,0.009,500,5.935416667,0.866171429,2000,0.712652782,-6.273962692,6.986615474,0.003781423,868,21.3696189880371,739.317022579908
"US_SRR",2016,209,-2.724750307,NA,0.475769286,0,0.009,500,6.011458333,0.863142857,2000,0.168537689,-6.785845925,6.954383615,0.004926634,869,24.134408569336,716.238552032739
"US_SRR",2016,210,-5.977037876,NA,0.475827143,0,0.009,500,6.123958333,0.860114286,2000,-1.093375328,-7.617760631,6.524385303,0.004266817,870,21.7171798706055,707.044522530719
"US_SRR",2016,211,-10.7652926,NA,0.475885,0,0.009,500,6.261458333,0.857085714,2000,-3.174977917,-9.612276561,6.437298644,0.003665158,871,21.3076377868653,699.007567469537
"US_SRR",2016,212,-15.71479601,NA,0.475942857,0,0.009,500,6.536458333,0.854057143,2000,-4.278424187,-10.12917898,5.850754795,0.005432829,872,21.0258232116699,701.481848702744
"US_SRR",2016,213,-21.13421111,NA,0.476000714,0,0.009,500,6.646875,0.851028571,2000,-4.095549017,-9.543658318,5.448109301,0.001731311,873,19.7961631774903,713.786492604345
"US_SRR",2016,214,-26.56132885,NA,0.476058571,0,0.009,500,6.654166667,0.848,2000,-3.863589672,-9.177197349,5.313607677,0.002130998,874,18.9209838867188,699.884235318646
"US_SRR",2016,215,-31.6635675,NA,0.476116429,0,0.009,500,6.639583333,0.844971429,2000,-3.680105987,-9.005860826,5.32575484,0.001340247,875,18.3485504150391,699.083211944625
"US_SRR",2016,216,-36.74158336,NA,0.476174286,0,0.009,500,6.619791667,0.841942857,2000,-3.417946297,-8.817595963,5.399649665,0.004770982,876,19.6598678588867,711.058572863698
"US_SRR",2016,217,-39.4586895,NA,0.476232143,0,0.009,500,6.547916667,0.838914286,2000,-5.260276691,-10.15405899,4.893782295,0.009126594,877,17.847299194336,700.191301953919
"US_SRR",2016,218,-37.18605608,NA,0.47629,0,0.009,500,6.417708333,0.835885714,2000,-3.919757993,-8.980087051,5.060329058,0.007931329,878,16.5847717285156,667.687386556648
"US_SRR",2016,219,-11.7987132,NA,0.477083571,0,0.009,500,6.375,0.832857143,2000,-2.875677563,-7.96142994,5.085752376,0.009743154,879,17.0098091125489,703.453253968868
"US_SRR",2016,220,0.066341713,NA,0.477877143,0,0.009,500,6.339583333,0.829828571,2000,-1.726562827,-7.041537565,5.314974738,0.00373484,880,17.3253303527832,706.862078308921
"US_SRR",2016,221,0.951993247,NA,0.478670714,0,0.009,500,6.330208333,0.8268,2000,-1.154243012,-6.641594055,5.487351043,0.004152376,881,19.1556831359864,695.53644071351
"US_SRR",2016,222,2.004974494,NA,0.479464286,0,0.009,500,6.369791667,0.823771429,2000,-1.309827639,-6.909406715,5.599579076,0.001824102,882,19.4923645019531,685.781701751163
"US_SRR",2016,223,2.086713689,NA,0.480257857,0,0.009,500,6.434375,0.820742857,2000,-1.307785562,-6.784231442,5.47644588,0.00723237,883,19.552449798584,674.113410616976
"US_SRR",2016,224,1.757071117,NA,0.481051429,0,0.009,500,6.4875,0.817714286,2000,-0.900939092,-6.307219527,5.406280435,0.004100337,884,19.0922523498535,657.910392004115
"US_SRR",2016,225,0.834274616,NA,0.481845,0,0.009,500,6.517708333,0.814685714,2000,-0.323622198,-5.932103663,5.608481465,0.004195352,885,18.4538665771485,668.684221786499
"US_SRR",2016,226,-1.283748588,NA,0.482638571,0,0.009,500,6.569791667,0.811657143,2000,0.155664391,-5.726346377,5.882010768,0.001645882,886,19.3504119873047,678.964063302994
"US_SRR",2016,227,-5.35626593,NA,0.483432143,0,0.009,500,6.576041667,0.808628571,2000,-0.352506018,-5.985295833,5.632789815,-0.001762861,887,20.4043975830078,666.352342347145
"US_SRR",2016,228,-9.290997238,NA,0.484225714,0,0.009,500,6.563541667,0.8056,2000,-1.177073688,-6.396538658,5.21946497,0.001912767,888,19.3223510742188,653.998720369339
"US_SRR",2016,229,-13.70922121,NA,0.485019286,0,0.009,500,6.596875,0.802571429,2000,-2.299477387,-7.475970157,5.176492771,0.003409579,889,18.2555862426758,642.45947273159
"US_SRR",2016,230,-18.7916965,NA,0.485812857,0,0.009,500,6.705208333,0.799542857,2000,-2.515065896,-7.681255639,5.166189743,0.003193181,890,19.2681251525879,649.940187979698
"US_SRR",2016,231,-22.94098686,NA,0.486606429,0,0.009,500,6.753125,0.796514286,2000,-2.856012808,-8.001757962,5.145745154,0.003549325,891,19.4136405944824,657.18057890892
"US_SRR",2016,232,-24.15947351,NA,0.4874,0,0.009,500,6.728125,0.793485714,2000,-3.480198056,-8.525453201,5.045255145,0.00538702,892,19.348104095459,639.624741703033
"US_SRR",2016,233,-18.34347382,NA,0.487161429,0,0.009,500,6.671875,0.790457143,2000,-3.037988697,-7.996010214,4.958021517,0.005006912,893,18.5817924499512,636.643130076408
"US_SRR",2016,234,-22.12146654,NA,0.486922857,0,0.009,500,6.620833333,0.787428571,2000,-2.242710696,-7.073742007,4.83103131,0.008264235,894,18.0757347106934,625.664601213455
"US_SRR",2016,235,-19.47474834,NA,0.486684286,0,0.009,500,6.610416667,0.7844,2000,-1.813689004,-6.591293736,4.777604732,0.002393178,895,17.1729064941406,596.298061952591
"US_SRR",2016,236,-9.656872621,NA,0.486445714,0,0.009,500,6.676041667,0.791142857,2000,-1.16546669,-5.935242564,4.769775874,0.004694952,896,17.5881019592285,606.795961330414
"US_SRR",2016,237,-11.04400654,NA,0.486207143,0,0.009,500,6.694791667,0.797885714,2000,-0.843235476,-5.586258423,4.743022947,0.003818509,897,17.4555641174317,594.535791137695
"US_SRR",2016,238,-18.78936544,NA,0.485968571,0,0.009,500,6.794791667,0.804628571,2000,-0.790391201,-5.402074744,4.611683543,0.004386087,898,16.9620719909668,617.178164642334
"US_SRR",2016,239,-23.62414006,NA,0.48573,0,0.009,500,6.897916667,0.811371429,2000,-2.127654694,-6.652710543,4.525055849,0.005321603,899,17.6544700622559,587.869476438522
"US_SRR",2016,240,-27.56160783,NA,0.485491429,0,0.009,500,6.941666667,0.818114286,2000,-3.141405949,-7.629207156,4.487801206,0.007801798,900,17.8663612365723,572.000238969803
"US_SRR",2016,241,-32.50193901,NA,0.485252857,0,0.009,500,6.933333333,0.824857143,2000,-2.060036116,-6.616532133,4.556496017,0.004683955,901,17.3996635437012,612.794774223328
"US_SRR",2016,242,-36.89203821,NA,0.485014286,0,0.009,500,6.921875,0.8316,2000,-2.359679528,-6.948955451,4.589275923,0.003587385,902,17.8554740905762,615.429253298759
"US_SRR",2016,243,-40.94681921,NA,0.484775714,0,0.009,500,6.966666667,0.838342857,2000,-1.681737125,-6.480565605,4.79882848,0.002829866,903,18.9448524475098,600.636969858169
"US_SRR",2016,244,-43.97299377,NA,0.484537143,0,0.009,500,6.941666667,0.845085714,2000,-1.361511402,-6.211027768,4.849516367,0.00366614,904,19.8818031311035,616.49729429245
"US_SRR",2016,245,-44.8572264,NA,0.484298571,0,0.009,500,6.914583333,0.851828571,2000,-1.140670067,-5.993469225,4.852799158,0.002692735,905,18.5317512512207,614.401274590492
"US_SRR",2016,246,-36.34717781,NA,0.48406,0,0.009,500,6.902083333,0.858571429,2000,-0.123786051,-5.052200984,4.928414933,0.002095961,906,18.3630004882813,599.217352900505
"US_SRR",2016,247,-7.712209484,NA,0.483881429,0,0.009,500,6.941666667,0.865314286,2000,-0.63172469,-5.4507648,4.81904011,0.004012326,907,18.8872695922852,596.035491336822
"US_SRR",2016,248,-1.380335635,NA,0.483702857,0,0.009,500,6.985416667,0.872057143,2000,-0.460818469,-5.205639589,4.74482112,0.003044914,908,17.1297775268555,605.99047986412
"US_SRR",2016,249,-0.121663505,NA,0.483524286,0,0.009,500,7.010416667,0.8788,2000,0.301534203,-4.497569946,4.799104149,0.004037312,909,18.1243034362793,581.167545890808
"US_SRR",2016,250,-0.197372345,NA,0.483345714,0,0.009,500,7.071875,0.885542857,2000,0.556401827,-4.362271304,4.918673131,0.002761639,910,19.2486549377442,597.837810324669
"US_SRR",2016,251,0.112202824,NA,0.483167143,0,0.009,500,7.132291667,0.892285714,2000,1.23170719,-3.929024858,5.160732049,0.002527055,911,21.6520668029785,592.791341351509
"US_SRR",2016,252,-0.356695365,NA,0.482988571,0,0.009,500,7.1625,0.899028571,2000,0.675969554,-4.135326058,4.811295612,0.007175914,912,21.8291946411133,547.337481559753
"US_SRR",2016,253,-3.346687784,NA,0.48281,0,0.009,500,7.180208333,0.905771429,2000,0.750871439,-3.87897953,4.629850968,0.004591926,913,18.0815979003906,551.787628509998
"US_SRR",2016,254,-7.316537047,NA,0.482631429,0,0.009,500,7.176041667,0.912514286,2000,0.496492701,-4.016929139,4.51342184,0.005140584,914,18.0594039916992,552.036848726749
"US_SRR",2016,255,-10.86471746,NA,0.482452857,0,0.009,500,7.19375,0.919257143,2000,-0.122791399,-4.405776278,4.282984879,0.006586407,915,17.7091232299805,521.090492256164
"US_SRR",2016,256,-13.99700602,NA,0.482274286,0,0.009,500,7.227083333,0.926,2000,-0.599456664,-4.766800263,4.1673436,0.007897802,916,16.0789237976074,522.002774394512
"US_SRR",2016,257,-17.20915878,NA,0.482095714,0,0.009,500,7.269791667,0.932742857,2000,-0.82144259,-5.011355048,4.189912459,0.004483831,917,15.7208915710449,528.624613132477
"US_SRR",2016,258,-20.56497591,NA,0.481917143,0,0.009,500,7.270833333,0.939485714,2000,-0.32286228,-4.614396768,4.291534487,0.003766884,918,17.2424179077149,541.797034214497
"US_SRR",2016,259,-24.28008063,NA,0.481738571,0,0.009,500,7.201041667,0.946228571,2000,0.272003841,-4.047587573,4.319591414,0.005448021,919,17.6335388183594,560.354177555561
"US_SRR",2016,260,-27.99655359,NA,0.48156,0,0.009,500,7.2125,0.952971429,2000,0.490953566,-3.827325911,4.318279477,0.005017768,920,17.8743148803711,551.013309903145
"US_SRR",2016,261,-31.36311387,NA,0.481487857,0,0.009,500,7.23125,0.959714286,2000,0.673570996,-3.766198966,4.439769961,0.003481296,921,19.2109695434571,546.879119540214
"US_SRR",2016,262,-34.88975731,NA,0.481415714,0,0.009,500,7.28125,0.966457143,2000,0.951211527,-3.739081571,4.690293098,0.00212128,922,20.8419929504395,539.211517354488
"US_SRR",2016,263,-35.32237201,NA,0.481343571,0,0.009,500,7.436458333,0.9732,2000,1.371365865,-3.428295015,4.79966088,-0.001656055,923,23.726335144043,527.66782126379
"US_SRR",2016,264,-17.49760236,NA,0.481271429,0,0.009,500,7.565625,0.96475625,2000,0.216684741,-4.261351057,4.478035798,0.003365742,924,22.1154151916504,507.708895602226
"US_SRR",2016,265,-18.00334147,NA,0.481199286,0,0.009,500,7.686458333,0.9563125,2000,-1.369242954,-5.587911306,4.218668351,0.00413063,925,18.6975799560547,486.432725362778
"US_SRR",2016,266,-10.17294948,NA,0.481127143,0,0.009,500,7.719791667,0.94786875,2000,-1.206966329,-5.284516497,4.077550167,0.003299715,926,16.4158111572266,533.960333862781
"US_SRR",2016,267,-11.2849674,NA,0.481055,0,0.009,500,7.779166667,0.939425,2000,-0.420775596,-4.586152895,4.1653773,0.002723402,927,16.9283576965332,512.27028109312
"US_SRR",2016,268,-9.231859208,NA,0.480982857,0,0.009,500,7.805208333,0.93098125,2000,0.266169501,-4.029536798,4.295706299,0.002993467,928,19.9018989562989,499.743115520477
"US_SRR",2016,269,-7.914707827,NA,0.480910714,0,0.009,500,7.773958333,0.9225375,2000,0.965194892,-3.500859013,4.466053905,0.002652973,929,22.1026397705078,512.216890585422
"US_SRR",2016,270,-6.775173235,NA,0.480838571,0,0.009,500,7.770833333,0.91409375,2000,1.207703201,-3.346520569,4.55422377,0.002641198,930,23.743295288086,509.867218342304
"US_SRR",2016,271,-5.379931277,NA,0.480766429,0,0.009,500,7.794791667,0.90565,2000,1.279807236,-3.220097217,4.499904452,0.002587575,931,23.5236679077149,503.650346076012
"US_SRR",2016,272,-2.724750307,NA,0.480694286,0,0.009,500,7.85,0.89720625,2000,0.427050249,-3.830772545,4.257822794,0.003064391,932,20.5390258789063,499.422699895859
"US_SRR",2016,273,-5.977037876,NA,0.480622143,0,0.009,500,7.930208333,0.8887625,2000,-0.300764036,-4.32669558,4.025931544,0.002398009,933,17.6019226074219,491.350136782646
"US_SRR",2016,274,-10.7652926,NA,0.48055,0,0.009,500,7.994791667,0.88031875,2000,-0.055569171,-3.974983752,3.919414581,0.004987595,934,15.8218208312989,481.809007600784
"US_SRR",2016,275,-15.71479601,NA,0.477471429,0,0.009,500,8.023958333,0.871875,2000,0.003968877,-3.940213696,3.944182574,0.002811596,935,15.0730911254883,487.3672356534
"US_SRR",2016,276,-21.13421111,NA,0.474392857,0,0.009,500,8.011458333,0.86343125,2000,0.138803336,-3.762971475,3.901774811,0.004324169,936,15.5973640441895,467.955681391716
"US_SRR",2016,277,-26.56132885,NA,0.471314286,0,0.009,500,8.002083333,0.8549875,2000,1.278818954,-2.568084867,3.846903821,0.002434583,937,14.072282409668,274.485346150637
"US_SRR",2016,278,-31.6635675,NA,0.468235714,0,0.009,500,7.988541667,0.84654375,2000,0.111899721,-3.812408826,3.924308548,0.003388389,938,16.6668525695801,367.889573969841
"US_SRR",2016,279,-36.74158336,NA,0.465157143,0,0.009,500,7.992708333,0.8381,2000,-0.124879046,-4.057088384,3.932209338,0.003836293,939,16.1522079467774,471.996425513744
"US_SRR",2016,280,-39.4586895,NA,0.462078571,0,0.009,500,8.03125,0.820033333,2000,0.13444402,-3.827632169,3.962076189,0.003814338,940,16.5031143188477,467.991285899877
"US_SRR",2016,281,-37.18605608,NA,0.459,0,0.009,500,8.066666667,0.801966667,2000,0.499803743,-3.492521014,3.992324757,0.00353486,941,17.1651664733887,444.930609133005
"US_SRR",2016,282,-11.7987132,NA,0.455921429,0,0.009,500,8.25625,0.7839,2000,0.677844487,-3.335243293,4.013087779,0.003449064,942,19.3692489624024,441.357122172356
"US_SRR",2016,283,0.066341713,NA,0.452842857,0,0.009,500,8.359375,0.765833333,2000,0.602625171,-3.364465869,3.96709104,0.003403516,943,19.9094367980957,452.931978854418
"US_SRR",2016,284,0.951993247,NA,0.449764286,0,0.009,500,8.425,0.747766667,2000,-0.057399568,-3.928690028,3.87129046,0.00448232,944,17.9817214965821,423.716734623432
"US_SRR",2016,285,2.004974494,NA,0.446685714,0,0.009,500,8.461458333,0.7297,2000,-0.218011353,-4.065522566,3.847511213,0.002853144,945,16.1078239440918,388.854244643211
"US_SRR",2016,286,2.086713689,NA,0.443607143,0,0.009,500,8.525,0.711633333,2000,0.076357242,-3.753871641,3.830228883,0.003966389,946,15.1097351074219,393.210944344521
"US_SRR",2016,287,1.757071117,NA,0.440528571,0,0.009,500,8.570833333,0.693566667,2000,-0.417394015,-4.25320525,3.835811235,0.003322385,947,15.3549133300781,371.342897258997
"US_SRR",2016,288,0.834274616,NA,0.43745,0,0.009,500,8.644791667,0.6755,2000,2.466453505,-1.327376845,3.79383035,0.001242007,948,18.043286895752,160.018552617699
"US_SRR",2016,289,-1.283748588,NA,0.435583571,0,0.009,500,8.715625,0.657433333,2000,1.426900304,-2.359220826,3.78612113,0.00284951,949,17.037442779541,158.060481673241
"US_SRR",2016,290,-5.35626593,NA,0.433717143,0,0.009,500,8.790625,0.639366667,2000,2.39288975,-1.315686171,3.708575921,0.001943623,950,17.4455123901367,148.666212928772
"US_SRR",2016,291,-9.290997238,NA,0.431850714,0,0.009,500,8.822916667,0.6213,2000,0.561112768,-3.149919443,3.711032211,0.003104463,951,16.4507766723633,264.454703808188
"US_SRR",2016,292,-13.70922121,NA,0.429984286,0,0.009,500,8.896875,0.603233333,2000,0.335815383,-3.386998263,3.722813646,0.003823046,952,14.8856979370117,379.304220823526
"US_SRR",2016,293,-18.7916965,NA,0.428117857,0,0.009,500,8.828125,0.585166667,2000,0.494960387,-3.255775646,3.750736033,0.00389941,953,15.8528038024903,399.654762053728
"US_SRR",2016,294,-22.94098686,NA,0.426251429,0,0.009,500,8.544791667,0.5671,2000,0.601223267,-3.16177141,3.762994677,0.003482394,954,17.3393569946289,396.285994777799
"US_SRR",2016,295,-24.15947351,NA,0.424385,0,0.009,500,8.115625,0.549033333,2000,0.623443035,-3.120478457,3.743921492,0.003171004,955,17.7782188415528,393.331098313689
"US_SRR",2016,296,-18.34347382,NA,0.422518571,0,0.009,500,7.811458333,0.530966667,2000,0.877230242,-2.794975633,3.672205875,0.004023219,956,16.8238845825196,355.544852111041
"US_SRR",2016,297,-22.12146654,NA,0.420652143,0,0.009,500,7.698958333,0.5129,2000,0.749011528,-2.899110399,3.648121927,0.009594233,957,14.8735595703125,354.450127077877
"US_SRR",2016,298,-19.47474834,NA,0.418785714,0,0.009,500,7.313541667,0.494833333,2000,2.080977016,-1.58861104,3.669588056,0.002218009,958,17.4471908569336,281.489879169524
"US_SRR",2016,299,-9.656872621,NA,0.416919286,0,0.009,500,7.008333333,0.476766667,2000,2.24181979,-1.400556442,3.642376231,0.001960469,959,17.481950378418,173.288905312806
"US_SRR",2016,300,-11.04400654,NA,0.415052857,0,0.009,500,7.24375,0.4587,2000,1.478722393,-2.175388518,3.654110911,0.001803609,960,17.5604606628418,267.974779911458
"US_SRR",2016,301,-18.78936544,NA,0.413186429,0,0.009,500,7.239583333,0.440633333,2000,2.585418378,-1.032650099,3.618068477,0.00200272,961,16.856332397461,204.204106767714
"US_SRR",2016,302,-23.62414006,NA,0.41132,0,0.009,500,7.047916667,0.422566667,2000,2.424702915,-1.160725227,3.585428142,0.001942303,962,16.9155899047852,57.2645514159463
"US_SRR",2016,303,-27.56160783,NA,0.410267857,0,0.009,500,6.986458333,0.4045,2000,1.680818547,-1.902481102,3.583299648,0.003240784,963,17.9827743530274,162.159073922723
"US_SRR",2016,304,-32.50193901,NA,0.409215714,0,0.009,500,6.938541667,0.386433333,2000,1.885630367,-1.572759418,3.458389785,0.003036939,964,16.997029876709,147.967543128401
"US_SRR",2016,305,-36.89203821,NA,0.408163571,0,0.009,500,6.885416667,0.368366667,2000,1.211671364,-2.241317902,3.452989266,0.002505626,965,14.6478477478028,260.649826353788
"US_SRR",2016,306,-40.94681921,NA,0.407111429,0,0.009,500,6.892708333,0.3503,2000,1.013527655,-2.422901854,3.436429509,0.003710238,966,15.1415534973145,269.999591353118
"US_SRR",2016,307,-43.97299377,NA,0.406059286,0,0.009,500,6.8375,0.362406122,2000,0.771593285,-2.584929949,3.356523234,0.003405402,967,13.7977920532227,324.215796571374
"US_SRR",2016,308,-44.8572264,NA,0.405007143,0,0.009,500,6.765625,0.374512245,2000,0.884542786,-2.491041549,3.375584335,0.003456976,968,15.1329742431641,339.706758884638
"US_SRR",2016,309,-36.34717781,NA,0.403955,0,0.009,500,6.659375,0.386618367,2000,0.977627233,-2.424206626,3.40183386,0.003494721,969,15.9853302001953,330.69965640533
"US_SRR",2016,310,-7.712209484,NA,0.402902857,0,0.009,500,6.402083333,0.39872449,2000,1.110752368,-2.265620511,3.376372878,0.003115531,970,14.9296699523926,310.629477177113
"US_SRR",2016,311,-1.380335635,NA,0.401850714,0,0.009,500,6.29375,0.410830612,2000,1.492829687,-1.974868749,3.467698437,0.004187912,971,16.4354911804199,190.831399333417
"US_SRR",2016,312,-0.121663505,NA,0.400798571,0,0.009,500,6.236458333,0.422936735,2000,1.45586963,-1.959646338,3.415515968,0.003377521,972,16.5096145629883,233.975620328262
"US_SRR",2016,313,-0.197372345,NA,0.399746429,0,0.009,500,6.210416667,0.435042857,2000,1.273220833,-2.152111076,3.425331908,0.003567123,973,17.030534362793,250.294321918338
"US_SRR",2016,314,0.112202824,NA,0.398694286,0,0.009,500,6.017708333,0.44714898,2000,1.34484819,-2.071638584,3.416486774,0.003433157,974,16.6936546325684,286.580857101247
"US_SRR",2016,315,-0.356695365,NA,0.397642143,0,0.009,500,5.90625,0.459255102,2000,1.593249644,-1.783564831,3.376814475,0.003078882,975,17.3094268798828,283.496898681573
"US_SRR",2016,316,-3.346687784,NA,0.39659,0,0.009,500,5.876041667,0.471361224,2000,1.699981676,-1.65036299,3.350344666,0.002902939,976,17.2380195617676,252.706310973413
"US_SRR",2016,317,-7.316537047,NA,0.394058571,0,0.009,500,5.814583333,0.483467347,2000,1.449374379,-1.934039493,3.383413873,0.001235416,977,17.3621841430664,284.226728569291
"US_SRR",2016,318,-10.86471746,NA,0.391527143,0,0.009,500,5.83125,0.495573469,2000,1.374080455,-1.923747886,3.29782834,0.003275594,978,15.5634475708008,246.92555728456
"US_SRR",2016,319,-13.99700602,NA,0.388995714,0,0.009,500,5.967708333,0.507679592,2000,1.216798756,-1.978651587,3.195450343,0.002597107,979,15.1714950561524,254.036894133482
"US_SRR",2016,320,-17.20915878,NA,0.386464286,0,0.009,500,6.215625,0.519785714,2000,1.547920659,-1.564507046,3.112427705,0.002984639,980,15.5343414306641,207.942228051169
"US_SRR",2016,321,-20.56497591,NA,0.383932857,0,0.009,500,6.294791667,0.531891837,2000,0.659325227,-2.188046484,2.847371711,0.002193529,981,13.3109909057617,245.572715904459
"US_SRR",2016,322,-24.28008063,NA,0.381401429,0,0.009,500,6.25625,0.543997959,2000,0.971490811,-1.68264495,2.654135761,0.002458401,982,9.99847183227541,296.989768714359
"US_SRR",2016,323,-27.99655359,NA,0.37887,0,0.009,500,6.225,0.556104082,2000,1.037613358,-1.556907728,2.594521087,0.002302262,983,10.8556495666504,293.821261778218
"US_SRR",2016,324,-31.36311387,NA,0.376338571,0,0.009,500,6.189583333,0.568210204,2000,2.053869785,-0.783534643,2.837404427,0.001983265,984,14.1889015197754,127.999707046986
"US_SRR",2016,325,-34.88975731,NA,0.373807143,0,0.009,500,6.1625,0.580316327,2000,2.121891212,-0.638195062,2.760086275,0.001432957,985,13.775594329834,76.1554416004418
"US_SRR",2016,326,-35.32237201,NA,0.371275714,0,0.009,500,6.155208333,0.592422449,2000,1.450935052,-1.255535028,2.70647008,0.002064167,986,12.4868942260742,201.36935879159
"US_SRR",2016,327,1.757071117,NA,0.368744286,0,0.009,500,6.0875,0.604528571,2000,1.367450793,-1.268078048,2.635528841,0.002142996,987,10.9659896850586,214.475057867527
"US_SRR",2016,328,0.834274616,NA,0.366212857,0,0.009,500,6.03125,0.616634694,2000,1.222477768,-1.347309897,2.569787666,0.001703765,988,12.0920120239258,233.383745293498
"US_SRR",2016,329,-1.283748588,NA,0.363681429,0,0.009,500,5.971875,0.628740816,2000,1.00358604,-1.276963587,2.280549627,0.001448801,989,9.44656143188479,248.759019384622
"US_SRR",2016,330,-5.35626593,NA,0.36115,0,0.009,500,5.748958333,0.640846939,2000,1.361399407,-0.791329462,2.152728869,0.000707271,990,9.32219085693362,192.34445226264
"US_SRR",2016,331,-9.290997238,NA,0.359076429,0,0.009,500,5.448958333,0.652953061,2000,1.615869936,-0.721001879,2.336871814,0.001341051,991,10.888314819336,89.4213443305491
"US_SRR",2016,332,-13.70922121,NA,0.357002857,0,0.009,500,5.327083333,0.665059184,2000,1.420259514,-0.992566902,2.412826416,0.001485366,992,11.2130561828614,203.678984121799
"US_SRR",2016,333,-18.7916965,NA,0.354929286,0,0.009,500,5.051041667,0.677165306,2000,1.35169641,-0.993885998,2.345582408,0.001864067,993,11.9092231750489,183.172684036255
"US_SRR",2016,334,-22.94098686,NA,0.352855714,0,0.009,500,5.084375,0.689271429,2000,0.976524664,-1.272926445,2.249451109,0.001964832,994,10.1006484985352,226.948831042409
"US_SRR",2016,335,-24.15947351,NA,0.350782143,0,0.009,500,5.109375,0.701377551,2000,1.110316525,-0.97396986,2.084286385,0.00103588,995,8.40639266967776,142.551705229998
"US_SRR",2016,336,-18.34347382,NA,0.348708571,0,0.009,500,5.011458333,0.713483673,2000,0.996664483,-1.277109741,2.273774224,0.002395485,996,9.12516937255862,214.457254101396
"US_SRR",2016,337,-22.12146654,NA,0.346635,0,0.009,500,5.291666667,0.725589796,2000,0.989591955,-1.406515159,2.396107114,0.002813612,997,11.0308967590332,264.677210500479
"US_SRR",2016,338,-19.47474834,NA,0.344561429,0,0.009,500,5.004166667,0.737695918,2000,0.872639949,-1.20693508,2.079575029,0.001774369,998,10.8234039306641,256.978448983431
"US_SRR",2016,339,-9.656872621,NA,0.342487857,0,0.009,500,4.833333333,0.749802041,2000,0.954344269,-1.087133497,2.041477767,0.001261995,999,9.43735275268557,243.454438076973
"US_SRR",2016,340,-11.04400654,NA,0.340414286,0,0.009,500,4.811458333,0.761908163,2000,1.018577326,-0.90961796,1.928195286,0.000294154,1000,9.54161605834963,177.080428304553
"US_SRR",2016,341,-18.78936544,NA,0.338340714,0,0.009,500,4.715625,0.774014286,2000,0.734732877,-1.17998813,1.914721008,0.001364494,1001,8.26882324218752,193.323487908125
"US_SRR",2016,342,-23.62414006,NA,0.336267143,0,0.009,500,4.584375,0.786120408,2000,1.097886709,-0.603614579,1.701501288,-0.0000551,1002,6.88150558471682,157.691121473789
"US_SRR",2016,343,-27.56160783,NA,0.334193571,0,0.009,500,4.832291667,0.798226531,2000,1.370449733,-0.440399511,1.810849243,-0.0000315,1003,9.4057327270508,58.9734076287746
"US_SRR",2016,344,-32.50193901,NA,0.33212,0,0.009,500,4.859375,0.810332653,2000,1.35079141,-0.734321088,2.085112498,0.001100954,1004,13.5727096557617,84.9044416680931
"US_SRR",2016,345,-36.89203821,NA,0.328875714,0,0.009,500,4.821875,0.822438776,2000,1.624514578,-0.890700742,2.51521532,0.00133177,1005,15.5067039489746,64.6874004589318
"US_SRR",2016,346,-40.94681921,NA,0.325631429,0,0.009,500,4.838541667,0.834544898,2000,1.336684978,-0.555210964,1.891895942,0.000843252,1006,10.4423461914063,121.284428147823
"US_SRR",2016,347,-43.97299377,NA,0.322387143,0,0.009,500,4.8125,0.84665102,2000,1.10245233,-0.756444694,1.858897023,0.000973822,1007,9.82804260253909,199.638251592159
"US_SRR",2016,348,-44.8572264,NA,0.319142857,0,0.009,500,4.905208333,0.858757143,2000,1.320028848,-0.58380654,1.903835388,0.001027106,1008,10.1858612060547,145.20399311173
"US_SRR",2016,349,-36.34717781,NA,0.315898571,0,0.009,500,5.017708333,0.870863265,2000,1.615039869,-0.487124181,2.102164049,0.00103122,1009,12.6110549926758,75.4345177224278
"US_SRR",2016,350,-7.712209484,NA,0.312654286,0,0.009,500,4.951041667,0.882969388,2000,1.947309418,-0.538092724,2.485402142,0.001554798,1010,14.8737617492676,48.0838871381282
"US_SRR",2016,351,-1.380335635,NA,0.30941,0,0.009,500,4.309375,0.89507551,2000,1.039805398,-0.788893876,1.828699275,0.000551936,1011,11.9866996765137,164.780209568746
"US_SRR",2016,352,-0.121663505,NA,0.306165714,0,0.009,500,3.889583333,0.907181633,2000,0.825078873,-0.814530748,1.639609621,0.000630941,1012,6.69642028808596,252.434848232031
"US_SRR",2016,353,-0.197372345,NA,0.302921429,0,0.009,500,3.685416667,0.919287755,2000,0.724697351,-0.860222846,1.584920197,0.000212874,1013,6.29819259643557,255.291842190027
"US_SRR",2016,354,0.112202824,NA,0.299677143,0,0.009,500,3.515625,0.931393878,2000,0.731529548,-0.81845189,1.549981438,-0.000267738,1014,6.24081954956057,224.207537056446
"US_SRR",2016,355,-0.356695365,NA,0.296432857,0,0.009,500,3.309375,0.9435,2000,0.737805182,-0.901992805,1.639797988,0.000121469,1015,6.85576019287112,233.997870578527
"US_SRR",2016,356,-3.346687784,NA,0.293188571,0,0.009,500,3.104166667,0.936133929,2000,0.854068533,-0.848045581,1.702114114,0.000493903,1016,9.3364311218262,223.798125911951
"US_SRR",2016,357,-7.316537047,NA,0.289944286,0,0.009,500,3.016666667,0.928767857,2000,0.792870879,-0.965348624,1.758219503,0.000205032,1017,9.8556838989258,243.70809918642
"US_SRR",2016,358,-10.86471746,NA,0.2867,0,0.009,500,3.009375,0.921401786,2000,1.252861484,-0.395025654,1.647887139,-0.000179218,1018,8.96834716796877,120.999623048067
"US_SRR",2016,359,-13.99700602,NA,0.2867,0,0.009,500,2.96875,0.914035714,2000,0.701772399,-0.886837091,1.58860949,-0.000408037,1019,7.04252014160159,178.931694261312
"US_SRR",2016,360,-17.20915878,NA,0.2867,0,0.009,500,2.938541667,0.906669643,2000,0.680950477,-0.805629424,1.486579901,-0.000808637,1020,5.10161743164065,215.480783978701
"US_SRR",2016,361,-20.56497591,NA,0.2867,0,0.009,500,2.871875,0.899303571,2000,0.654840305,-0.869851877,1.524692182,-0.001856864,1021,5.06057891845705,245.336856434822
"US_SRR",2016,362,-24.28008063,NA,0.2867,0,0.009,500,2.69375,0.8919375,2000,0.666035507,-0.867166268,1.533201775,-0.001873245,1022,6.55174407958987,242.88926883316
"US_SRR",2016,363,-27.99655359,NA,0.2867,0,0.009,500,2.588541667,0.884571429,2000,0.618682658,-0.961100436,1.579783095,-0.00171159,1023,6.67778930664065,243.004971955299
"US_SRR",2016,364,-31.36311387,NA,0.2867,0,0.009,500,2.492708333,0.877205357,2000,0.690782617,-0.908742475,1.599525092,-0.001102809,1024,6.80006561279299,247.103569906473
"US_SRR",2016,365,-34.88975731,NA,0.2867,0,0.009,500,2.446875,0.869839286,2000,0.735143623,-0.919733666,1.65487729,-0.000756254,1025,8.39193496704104,224.527945120811
"US_SRR",2016,366,-34.88975731,NA,0.2867,0,0.009,500,2.503125,0.862473214,2000,0.84358285,-0.737333692,1.580916542,-0.001149798,1026,9.11009368896487,182.874522016764
"US_SRR",2017,1,0.480358594,NA,0.2867,0,0.009,500,2.592708333,0.855107143,2000,0.779815298,-0.871982601,1.651797899,0.000692388,1027,8.27402267456057,225.737969936609
"US_SRR",2017,2,0.338771915,NA,0.2867,0,0.009,500,2.578125,0.847741071,2000,1.018867829,-0.559503578,1.578371407,-0.000508785,1028,7.51304016113284,184.132467245102
"US_SRR",2017,3,0.412859147,NA,0.2867,0,0.009,500,2.566666667,0.840375,2000,1.326303129,-0.344211669,1.670514798,-0.000669969,1029,8.50490722656252,100.229816387415
"US_SRR",2017,4,-0.031562891,NA,0.2867,0,0.009,500,2.786458333,0.833008929,2000,1.421310525,-0.394740776,1.816051301,0.00018082,1030,12.0077262878418,43.3457594352961
"US_SRR",2017,5,-2.090397391,NA,0.2867,0,0.009,500,2.276041667,0.825642857,2000,0.861993472,-0.705055176,1.567048648,0.000135558,1031,7.69972381591799,177.63551119414
"US_SRR",2017,6,-4.884327225,NA,0.2867,0,0.009,500,2.105208333,0.818276786,2000,0.775551675,-0.647384621,1.422936296,-0.001748903,1032,5.08612976074221,266.723224924088
"US_SRR",2017,7,-8.066632259,NA,0.2867,0,0.009,500,1.986458333,0.810910714,2000,1.338850177,-0.411001815,1.749851993,-0.000773817,1033,8.29859695434573,115.213865900993
"US_SRR",2017,8,-2.563197575,NA,0.2867,0,0.009,500,1.748958333,0.803544643,2000,1.893738364,-0.384372136,2.278110501,0.000614341,1034,15.1016555786133,47.4465178548098
"US_SRR",2017,9,-0.130481001,NA,0.2867,0,0.009,500,1.033333333,0.796178571,2000,1.672302071,-0.401470584,2.073772655,0.000227082,1035,14.0044647216797,104.718787064612
"US_SRR",2017,10,-3.865045028,NA,0.2867,0,0.009,500,0.752083333,0.7888125,2000,2.022187045,-0.096072052,2.118259097,0.000390313,1036,12.7625137329102,59.0973093414307
"US_SRR",2017,11,-7.284256906,NA,0.2867,0,0.009,500,0.364583333,0.781446429,2000,1.321732213,-0.514505839,1.836238052,0.001177879,1037,12.0393196105957,146.467082084298
"US_SRR",2017,12,-9.720064672,NA,0.2867,0,0.009,500,0.35,0.774080357,2000,1.354183729,-0.113398016,1.467581744,-0.000163761,1038,9.03749237060549,151.442423565865
"US_SRR",2017,13,-11.32449411,NA,0.2867,0,0.009,500,0.420833333,0.766714286,2000,0.87249005,-0.664299876,1.536789926,0.00048705,1039,7.57746658325198,200.941551031113
"US_SRR",2017,14,-12.35852281,NA,0.2867,0,0.009,500,0.509375,0.759348214,2000,0.834733813,-0.648074642,1.482808455,-0.0000271,1040,8.63727722167971,272.16710918808
"US_SRR",2017,15,-11.92205678,NA,0.2867,0,0.009,500,0.610416667,0.751982143,2000,0.85150005,-0.603221428,1.454721478,-0.00083518,1041,7.12851867675784,238.227650514126
"US_SRR",2017,16,-10.23786449,NA,0.2867,0,0.009,500,0.710416667,0.744616071,2000,0.756349405,-0.706572798,1.462922203,-0.001185854,1042,7.47297821044924,265.197158594131
"US_SRR",2017,17,-10.99089886,NA,0.2867,0,0.009,500,0.797916667,0.73725,2000,0.860326015,-0.541089423,1.401415438,-0.0016692,1043,6.7995429992676,225.514856029987
"US_SRR",2017,18,-9.780114856,NA,0.2867,0,0.009,500,0.809375,0.729883929,2000,1.38307335,-0.190996541,1.574069891,-0.001853218,1044,8.15259704589846,118.622980105877
"US_SRR",2017,19,-10.09612578,NA,0.2867,0,0.009,500,0.573958333,0.722517857,2000,0.564196944,-1.291230449,1.855427393,0.000335857,1045,10.8814140319824,149.545990640759
"US_SRR",2017,20,-12.81090086,NA,0.2867,0,0.009,500,0.444791667,0.715151786,2000,1.237410234,-0.516585851,1.753996084,0.000113196,1046,10.8029457092285,180.259277989388
"US_SRR",2017,21,-14.54951839,NA,0.2867,0,0.009,500,0.383333333,0.707785714,2000,1.262788641,-0.555920643,1.818709284,-0.000501262,1047,10.2941070556641,187.630823182106
"US_SRR",2017,22,-9.267078514,NA,0.2867,0,0.009,500,0.367708333,0.700419643,2000,1.171748892,-0.641884992,1.813633884,-0.000145571,1048,11.101148223877,178.974170283556
"US_SRR",2017,23,-10.18227373,NA,0.2867,0,0.009,500,0.328125,0.693053571,2000,1.005985737,-0.652752435,1.658738172,-0.000437462,1049,8.8111511230469,232.078748955727
"US_SRR",2017,24,-10.41147793,NA,0.2867,0,0.009,500,0.366666667,0.6856875,2000,0.817906853,-0.839631648,1.657538501,-0.000124061,1050,7.85997543334963,245.005724907398
"US_SRR",2017,25,-8.711221578,NA,0.2867,0,0.009,500,0.471875,0.678321429,2000,0.851537766,-0.734928646,1.586466412,-0.000651579,1051,7.01927337646487,276.276790218353
"US_SRR",2017,26,-10.75926225,NA,0.2867,0,0.009,500,0.605208333,0.670955357,2000,0.78749163,-0.923855524,1.711347153,-0.000285405,1052,8.55116806030276,282.510469935417
"US_SRR",2017,27,-12.09860939,NA,0.2867,0,0.009,500,0.711458333,0.663589286,2000,0.809529356,-0.931757183,1.741286539,-0.000651297,1053,8.21021423339846,311.322857761383
"US_SRR",2017,28,-12.35391136,NA,0.2867,0,0.009,500,0.813541667,0.656223214,2000,0.775825654,-0.915988993,1.691814648,-0.001037727,1054,8.52431259155276,315.017569601059
"US_SRR",2017,29,-7.048667618,NA,0.2867,0,0.009,500,0.8375,0.648857143,2000,0.798071348,-0.910743351,1.708814699,-0.000902456,1055,8.51667556762698,291.98371006012
"US_SRR",2017,30,-0.681878514,NA,0.2867,0,0.009,500,0.838541667,0.641491071,2000,0.696669535,-1.00918535,1.705854884,-0.000884475,1056,8.38553771972659,310.176078243256
"US_SRR",2017,31,0.297218201,NA,0.2867,0,0.009,500,0.8625,0.634125,2000,0.839359099,-0.861523861,1.700882959,-0.000833611,1057,8.45761642456057,298.931343794823
"US_SRR",2017,32,-0.361205463,NA,0.2867,0,0.009,500,0.847916667,0.626758929,2000,1.299718124,-0.361098693,1.660816817,-0.00157672,1058,9.44473419189455,259.927304301262
"US_SRR",2017,33,-2.332625138,NA,0.2867,0,0.009,500,0.826041667,0.619392857,2000,1.42480857,-0.538468705,1.963277275,-0.000346788,1059,11.9587799072266,168.273824211121
"US_SRR",2017,34,-5.846853131,NA,0.2867,0,0.009,500,0.867708333,0.612026786,2000,1.452926769,-0.772730236,2.225657004,0.001240137,1060,15.3023887634278,152.19207331872
"US_SRR",2017,35,-8.691356875,NA,0.2867,0,0.009,500,0.884375,0.604660714,2000,1.289818922,-0.864311953,2.154130875,0.000464008,1061,13.5755516052246,173.47228350544
"US_SRR",2017,36,-10.73483677,NA,0.2867,0,0.009,500,0.821875,0.597294643,2000,1.358317221,-0.6829455,2.041262722,0.000465915,1062,12.1400924682617,191.69588158226
"US_SRR",2017,37,-12.36115792,NA,0.2867,0,0.009,500,0.835416667,0.589928571,2000,1.621566517,-0.582139644,2.203706161,0.000555052,1063,13.525163269043,139.006293017387
"US_SRR",2017,38,-13.86793613,NA,0.2867,0,0.009,500,0.653125,0.5825625,2000,1.909760796,-0.549087522,2.458848318,0.000748619,1064,14.7355171203614,71.1675432944298
"US_SRR",2017,39,-15.04583189,NA,0.2867,0,0.009,500,0.378125,0.575196429,2000,2.11926136,-0.490862608,2.610123968,0.000392884,1065,15.3352180480957,96.4057201395035
"US_SRR",2017,40,-15.93928742,NA,0.2867,0,0.009,500,0.319791667,0.567830357,2000,2.361083203,-0.224874716,2.585957919,0.000822635,1066,16.4014335632324,41.2931500768661
"US_SRR",2017,41,-16.53538051,NA,0.2867,0,0.009,500,0.316666667,0.560464286,2000,1.492539515,-0.903281044,2.39582056,0.000406514,1067,14.0864501953125,131.242067394376
"US_SRR",2017,42,-17.1705949,NA,0.2867,0,0.009,500,0.333333333,0.553098214,2000,0.957214811,-1.135574227,2.092789038,0.002307407,1068,11.3805633544922,322.447121088028
"US_SRR",2017,43,-17.49086255,NA,0.2867,0,0.009,500,0.379166667,0.545732143,2000,0.866606702,-1.271226012,2.137832714,0.001463286,1069,11.8146415710449,376.988523097992
"US_SRR",2017,44,-18.49154693,NA,0.2867,0,0.009,500,0.433333333,0.538366071,2000,0.849085919,-1.098884796,1.947970715,0.001280357,1070,10.2868743896485,322.491736661911
"US_SRR",2017,45,-18.63744101,NA,0.2867,0,0.009,500,0.448958333,0.531,2000,0.750041251,-1.322324285,2.072365536,0.001665877,1071,11.659139251709,340.942920535088
"US_SRR",2017,46,-19.34821222,NA,0.2867,0,0.009,500,0.441666667,0.535885714,2000,1.43427525,-0.677308999,2.111584248,0.000763495,1072,12.5091339111328,283.010241981506
"US_SRR",2017,47,-20.36328837,NA,0.2867,0,0.009,500,0.455208333,0.540771429,2000,1.392107372,-1.058356431,2.450463803,0.002664458,1073,15.4163719177246,217.857729331017
"US_SRR",2017,48,-21.08931283,NA,0.2867,0,0.009,500,0.390625,0.545657143,2000,1.828146564,-0.298317392,2.126463955,0.000152932,1074,12.5838829040528,173.026064008474
"US_SRR",2017,49,-21.48503594,NA,0.2867,0,0.009,500,0.480208333,0.550542857,2000,1.099196688,-1.007186045,2.106382733,-0.004373564,1075,13.1137939453125,179.326680946827
"US_SRR",2017,50,-22.38604208,NA,0.2867,0,0.009,500,0.514583333,0.555428571,2000,1.327841733,-0.599481053,1.927322786,0.000177047,1076,10.8054252624512,204.14540688324
"US_SRR",2017,51,-23.5257287,NA,0.2867,0,0.009,500,0.426041667,0.560314286,2000,1.912581691,-0.206403629,2.11898532,0.000569587,1077,13.0861183166504,56.7680402054787
"US_SRR",2017,52,-24.35462394,NA,0.2867,0,0.009,500,0.269791667,0.5652,2000,1.184793827,-0.857786312,2.042580139,0.001352152,1078,13.5990921020508,178.519022661177
"US_SRR",2017,53,-24.82575184,NA,0.2867,0,0.009,500,0.251041667,0.570085714,2000,0.62851315,-1.113791839,1.742304989,0.002127256,1079,9.96575317382815,348.269832970098
"US_SRR",2017,54,-25.76395362,NA,0.2867,0,0.009,500,0.309375,0.574971429,2000,0.204437877,-1.336442668,1.540880546,0.000856456,1080,7.61257705688479,413.623143723249
"US_SRR",2017,55,-26.38928634,NA,0.2867,0,0.009,500,0.398958333,0.579857143,2000,0.317416138,-1.227123522,1.54453966,0.000810415,1081,7.91759262084963,411.50360070315
"US_SRR",2017,56,-26.68153057,NA,0.2867,0,0.009,500,0.427083333,0.584742857,2000,0.495099807,-1.084540999,1.579640806,0.000212729,1082,7.94712219238284,378.03266983287
"US_SRR",2017,57,-16.2666496,NA,0.2867,0,0.009,500,0.466666667,0.589628571,2000,0.3940158,-1.242436443,1.636452243,0.001679102,1083,8.49106750488284,404.364086483628
"US_SRR",2017,58,-8.346765101,NA,0.2867,0,0.009,500,0.476041667,0.594514286,2000,0.309563066,-1.320079542,1.629642608,0.001329098,1084,8.98813400268557,423.75679748375
"US_SRR",2017,59,-6.557725691,NA,0.2867,0,0.009,500,0.511458333,0.5994,2000,0.310516266,-1.357721542,1.668237808,0.001215794,1085,7.98346481323244,444.024065919817
"US_SRR",2017,60,-0.136460681,NA,0.2867,0,0.009,500,0.53125,0.604285714,2000,0.347549206,-1.470795605,1.818344811,0.001860118,1086,8.94146499633791,453.791821092397
"US_SRR",2017,61,-0.531068938,NA,0.2867,0,0.009,500,0.559375,0.609171429,2000,0.343455525,-1.657758768,2.001214293,0.002717733,1087,10.9801345825196,463.858526724368
"US_SRR",2017,62,-2.199501228,NA,0.2867,0,0.009,500,0.577083333,0.614057143,2000,0.501898924,-1.538963607,2.040862531,0.002673933,1088,11.3281036376953,447.018210020572
"US_SRR",2017,63,-5.265506538,NA,0.2867,0,0.009,500,0.603125,0.618942857,2000,0.645042882,-1.479519046,2.124561928,0.00547478,1089,11.6302238464356,349.086412903756
"US_SRR",2017,64,-8.07078763,NA,0.2867,0,0.009,500,0.673958333,0.623828571,2000,0.596782795,-1.107210503,1.703993298,0.002700493,1090,10.2084060668946,319.560071564168
"US_SRR",2017,65,-10.21125998,NA,0.2867,0,0.009,500,0.715625,0.628714286,2000,0.220587658,-1.577373004,1.797960662,0.001919397,1091,8.18707809448244,353.85203964135
"US_SRR",2017,66,-11.83940543,NA,0.2867,0,0.009,500,0.688541667,0.6336,2000,0.485386358,-1.370985462,1.85637182,0.001832983,1092,8.77027282714846,364.601460608482
"US_SRR",2017,67,-12.86831593,NA,0.2867,0,0.009,500,0.679166667,0.638485714,2000,-0.03080715,-2.342851195,2.312044046,0.003039586,1093,10.8981491088867,422.056684227228
"US_SRR",2017,68,-14.10504567,NA,0.2867,0,0.009,500,0.704166667,0.643371429,2000,0.147738265,-2.698510609,2.846248875,0.003558902,1094,13.6397720336914,455.773021560311
"US_SRR",2017,69,-15.15772287,NA,0.2867,0,0.009,500,0.742708333,0.648257143,2000,0.249375182,-2.873021731,3.122396912,0.002992557,1095,14.6403099060059,363.927675223827
"US_SRR",2017,70,-16.12328929,NA,0.2867,0,0.009,500,0.777083333,0.653142857,2000,0.2897226,-2.957068771,3.246791371,0.004071778,1096,15.0394989013672,427.317631659865
"US_SRR",2017,71,-16.58093757,NA,0.2867,0,0.009,500,0.814583333,0.658028571,2000,0.13930982,-3.307069929,3.446379749,0.003159466,1097,14.6956573486328,499.39543182683
"US_SRR",2017,72,-12.03440384,NA,0.2867,0,0.009,500,0.811458333,0.662914286,2000,0.118959977,-3.393152315,3.512112293,0.002761871,1098,14.233903503418,514.745407042861
"US_SRR",2017,73,-8.783028422,NA,0.2867,0,0.009,500,0.820833333,0.6678,2000,-0.097909287,-3.813891278,3.715981991,0.002417933,1099,17.5149246215821,503.804084327698
"US_SRR",2017,74,-8.593908349,NA,0.2867,0,0.009,500,0.827083333,0.672685714,2000,0.380578605,-3.135945855,3.51652446,0.005145382,1100,16.1205764770508,465.023158110738
"US_SRR",2017,75,-4.920306661,NA,0.2867,0,0.009,500,0.8375,0.677571429,2000,-0.005834533,-3.701063347,3.695228814,0.004864268,1101,14.2630210876465,427.35777610004
"US_SRR",2017,76,-6.809784438,NA,0.2867,0,0.009,500,0.765625,0.682457143,2000,-0.395600898,-4.152390411,3.756789513,0.002523328,1102,13.5003829956055,484.920082010269
"US_SRR",2017,77,-9.275237231,NA,0.2867,0,0.009,500,0.691666667,0.687342857,2000,0.743373944,-2.919283462,3.662657406,0.002733891,1103,15.6111160278321,363.651018218398
"US_SRR",2017,78,-11.67775135,NA,0.2867,0,0.009,500,0.702083333,0.692228571,2000,0.261756679,-3.399357771,3.66111445,0.002808421,1104,15.5103355407715,323.192295360029
"US_SRR",2017,79,-14.63277784,NA,0.2867,0,0.009,500,0.645833333,0.697114286,2000,1.278959119,-2.149929272,3.428888391,0.000611634,1105,14.7925125122071,294.794891152143
"US_SRR",2017,80,-21.12833278,NA,0.2867,0,0.009,500,0.71875,0.702,2000,-0.251094444,-3.974686922,3.723592478,0.004438548,1106,15.9559875488281,234.068885233343
"US_SRR",2017,81,1.040168201,NA,0.2867,0,0.009,500,0.9125,0.706885714,2000,-1.054675542,-4.601035561,3.546360019,0.003184022,1107,13.7399269104004,413.346492766023
"US_SRR",2017,82,-3.682512738,NA,0.2867,0,0.009,500,0.792708333,0.711771429,2000,-1.391382307,-4.587064542,3.195682235,0.003660582,1108,11.2702842712403,471.676293398619
"US_SRR",2017,83,-10.70473567,NA,0.2867,0,0.009,500,0.733333333,0.716657143,2000,1.301145424,-1.815212088,3.116357512,-0.000398186,1109,12.5271011352539,223.319454469383
"US_SRR",2017,84,-8.285904113,NA,0.2867,0,0.009,500,0.708333333,0.721542857,2000,-1.260408862,-4.513298453,3.252889591,0.004365871,1110,12.8581367492676,332.388881944418
"US_SRR",2017,85,-10.68076627,NA,0.2867,0,0.009,500,0.683333333,0.726428571,2000,0.62786214,-2.531357428,3.159219568,0.001977099,1111,12.5735565185547,379.219615290642
"US_SRR",2017,86,-12.56836906,NA,0.2867,0,0.009,500,0.711458333,0.731314286,2000,-1.715171885,-4.85660359,3.141431705,0.005109095,1112,13.5288787841797,374.855599280357
"US_SRR",2017,87,-13.83433843,NA,0.2867,0,0.009,500,0.758333333,0.7362,2000,-0.2490819,-3.807092632,3.558010731,0.004239455,1113,14.0269790649414,525.50821932888
"US_SRR",2017,88,-14.606224,NA,0.2867,0,0.009,500,0.785416667,0.732709091,2000,-1.583761984,-5.370336846,3.786574862,0.003382908,1114,16.1639419555664,553.329997769833
"US_SRR",2017,89,-15.15002023,NA,0.2867,0,0.009,500,0.842708333,0.729218182,2000,-0.788304347,-4.434130488,3.64582614,0.003974483,1115,15.8058601379395,571.81240397644
"US_SRR",2017,90,-15.59570915,NA,0.2867,0,0.009,500,0.902083333,0.725727273,2000,-0.357506217,-4.030299144,3.672792927,0.005145522,1116,14.5174385070801,586.90801283741
"US_SRR",2017,91,-15.22740135,NA,0.2867,0,0.009,500,0.84375,0.722236364,2000,-0.769553173,-4.778934261,4.009381088,0.00427591,1117,17.1504379272461,587.291764734745
"US_SRR",2017,92,-13.4554395,NA,0.2867,0,0.009,500,0.835416667,0.718745455,2000,-1.135520634,-5.478293571,4.342772938,0.003025666,1118,16.8037086486817,583.440882257938
"US_SRR",2017,93,-15.27351584,NA,0.2867,0,0.009,500,0.8,0.715254545,2000,-1.718991835,-5.960772091,4.241780256,0.002506442,1119,16.8811508178711,601.896508535862
"US_SRR",2017,94,-17.40253557,NA,0.2867,0,0.009,500,0.786458333,0.711763636,2000,-1.109980967,-5.313898055,4.203917088,0.001082643,1120,14.8220420837403,590.263575249195
"US_SRR",2017,95,-18.2533732,NA,0.2867,0,0.009,500,0.835416667,0.708272727,2000,-1.513473822,-5.834079006,4.320605184,0.00095699,1121,15.985726928711,465.228418353558
"US_SRR",2017,96,-5.375218478,NA,0.2867,0,0.009,500,0.840625,0.704781818,2000,1.333533573,-2.467104362,3.800637935,0.000599873,1122,15.7379127502442,304.901762645006
"US_SRR",2017,97,-1.604016237,NA,0.29753,0,0.009,500,0.879166667,0.701290909,2000,-0.279224158,-3.64194591,3.362721751,0.001097592,1123,13.6013656616211,258.071035598993
"US_SRR",2017,98,-5.17758496,NA,0.301605,0,0.009,500,0.936458333,0.6978,2000,-2.698520009,-5.643702093,2.945182084,0.002418845,1124,11.8920799255371,422.154862934589
"US_SRR",2017,99,-8.359839319,NA,0.30568,0,0.009,500,0.857291667,0.694309091,2000,-2.716322428,-5.761121825,3.044799398,0.002075626,1125,9.64050064086916,598.755138175964
"US_SRR",2017,100,-10.87895721,NA,0.309755,0,0.009,500,0.803125,0.690818182,2000,-3.193446178,-6.649025077,3.4555789,0.002295582,1126,11.7221237182617,564.003573741913
"US_SRR",2017,101,-12.64585153,NA,0.31383,0,0.009,500,0.760416667,0.687327273,2000,0.402742456,-3.359005786,3.761748241,0.001854843,1127,14.655591583252,367.907948913097
"US_SRR",2017,102,-14.00146544,NA,0.317905,0,0.009,500,0.778125,0.683836364,2000,-1.981139263,-5.789733356,3.808594093,0.003527116,1128,15.4560256958008,271.234504081249
"US_SRR",2017,103,-15.93442259,NA,0.32198,0,0.009,500,0.828125,0.680345455,2000,-3.383622361,-6.837306448,3.453684087,-0.003007172,1129,14.0953308105469,470.471498261929
"US_SRR",2017,104,-17.72832683,NA,0.326055,0,0.009,500,0.853125,0.676854545,2000,-2.14372065,-5.458417546,3.314696896,0.002987755,1130,11.1769348144531,598.96041114521
"US_SRR",2017,105,-18.61732293,NA,0.33013,0,0.009,500,0.773958333,0.673363636,2000,-1.948683311,-5.660582173,3.711898861,0.0032759,1131,12.3428970336914,626.362728093147
"US_SRR",2017,106,-6.075550583,NA,0.334205,0,0.009,500,0.667708333,0.669872727,2000,1.280458961,-2.245010214,3.525469175,-0.000352497,1132,13.6841751098633,429.629034531593
"US_SRR",2017,107,-8.491797698,NA,0.33828,0,0.009,500,0.711458333,0.666381818,2000,0.271582998,-3.375325233,3.646908231,0.00024146,1133,14.0445343017578,192.628482404947
"US_SRR",2017,108,-10.71395856,NA,0.343100714,0,0.009,500,0.714583333,0.662890909,2000,-3.225206264,-7.217471106,3.992264841,0.001788196,1134,14.5725799560547,391.16937862587
"US_SRR",2017,109,-9.252737416,NA,0.347921429,0,0.009,500,0.736458333,0.6594,2000,-3.974383617,-8.219880173,4.245496556,0.007417778,1135,14.0529991149903,598.152753334045
"US_SRR",2017,110,-12.75672901,NA,0.352742143,0,0.009,500,0.752083333,0.685025926,2000,-2.464266697,-6.945069257,4.48080256,0.002585314,1136,15.6020294189453,556.806033319473
"US_SRR",2017,111,-15.28436034,NA,0.357562857,0,0.009,500,0.65625,0.710651852,2000,-2.230291949,-6.927587156,4.697295207,0.004175605,1137,15.5378051757813,667.92808962059
"US_SRR",2017,112,-17.51199414,NA,0.362383571,0,0.009,500,0.636458333,0.736277778,2000,-3.559440875,-8.011514176,4.452073301,0.001508153,1138,15.9704452514649,574.337989197731
"US_SRR",2017,113,-19.75787103,NA,0.367204286,0,0.009,500,0.742708333,0.761903704,2000,-3.465367793,-7.785507604,4.32013981,0.004265382,1139,15.0477577209473,542.321765680313
"US_SRR",2017,114,-21.54685976,NA,0.372025,0,0.009,500,0.786458333,0.78752963,2000,-1.290642198,-5.305751841,4.015109643,-0.000968135,1140,14.2376266479492,447.92849924469
"US_SRR",2017,115,-22.72130961,NA,0.376845714,0,0.009,500,0.827083333,0.813155556,2000,-5.177461388,-9.18191717,4.004455782,0.004991862,1141,14.1911598205567,485.959781126976
"US_SRR",2017,116,-22.49114257,NA,0.381666429,0,0.009,500,0.861458333,0.838781481,2000,-4.410763504,-8.568207166,4.157443662,0.008500445,1142,15.7123046875,352.183178809643
"US_SRR",2017,117,-17.59145295,NA,0.386487143,0,0.009,500,0.859375,0.864407407,2000,-4.612007711,-8.845938685,4.233930975,0.004174579,1143,14.9886985778809,471.810159524918
"US_SRR",2017,118,-18.90976986,NA,0.391307857,0,0.009,500,0.877083333,0.890033333,2000,-1.79437781,-6.183822904,4.389445094,0.004961598,1144,15.828572845459,696.883268451691
"US_SRR",2017,119,-10.11401415,NA,0.396128571,0,0.009,500,0.85625,0.915659259,2000,-1.842294966,-6.632260102,4.789965136,0.004712228,1145,17.8914047241211,703.616734327316
"US_SRR",2017,120,-10.21865856,NA,0.400949286,0,0.009,500,0.807291667,0.941285185,2000,-2.703147518,-7.774963272,5.071815754,0.004626804,1146,17.7082267761231,696.321041658401
"US_SRR",2017,121,-14.16453843,NA,0.40577,0,0.009,500,0.78125,0.966911111,2000,-0.061952541,-6.084909554,6.022957014,0.001675537,1147,20.3622909545899,690.770065904617
"US_SRR",2017,122,-8.658012554,NA,0.407057857,0,0.009,500,0.729166667,0.992537037,2000,0.314058129,-6.354645183,6.668703312,0.001384972,1148,22.9655586242676,684.045521127701
"US_SRR",2017,123,-12.46108953,NA,0.408345714,0,0.009,500,0.711458333,1.018162963,2000,-0.588627767,-7.561108356,6.972480589,-0.000591081,1149,23.5057884216309,686.142759542465
"US_SRR",2017,124,-16.60739006,NA,0.409633571,0,0.009,500,0.778125,1.043788889,2000,-2.348650334,-8.699414389,6.350764055,0.007677495,1150,21.0363441467285,679.088019197464
"US_SRR",2017,125,-20.25611019,NA,0.410921429,0,0.009,500,0.830208333,1.069414815,2000,-3.214253645,-8.71841245,5.504158804,0.005203529,1151,16.8576141357422,678.748898498535
"US_SRR",2017,126,-23.34785853,NA,0.412209286,0,0.009,500,0.833333333,1.095040741,2000,-3.284341402,-8.24183888,4.957497478,0.005767611,1152,14.1700874328614,616.827024148941
"US_SRR",2017,127,-26.34641507,NA,0.413497143,0,0.009,500,0.760416667,1.120666667,2000,-2.128474563,-7.491562464,5.363087901,0.004643663,1153,16.5040718078614,609.919555519104
"US_SRR",2017,128,-29.22122262,NA,0.414785,0,0.009,500,0.772916667,1.146292593,2000,-2.799004701,-8.358439217,5.559434516,0.003068161,1154,17.2074409484864,705.316807443619
"US_SRR",2017,129,-31.79927584,NA,0.416072857,0,0.009,500,0.76875,1.171918519,2000,-3.035628426,-8.831316742,5.795688316,0.003348348,1155,18.795915222168,702.148652114868
"US_SRR",2017,130,-33.89844785,NA,0.417360714,0,0.009,500,0.820833333,1.197544444,2000,-6.085846127,-10.99398643,4.908140307,0.009286106,1156,17.2421356201172,692.086398715973
"US_SRR",2017,131,-35.73471661,NA,0.418648571,0,0.009,500,0.883333333,1.22317037,2000,-5.61864796,-10.27643424,4.657786282,0.007478951,1157,14.08583984375,600.459688607566
"US_SRR",2017,132,-37.17764398,NA,0.419936429,0,0.009,500,0.895833333,1.248796296,2000,-4.659721368,-9.184639476,4.524918108,0.00749344,1158,14.8600402832031,711.862847483238
"US_SRR",2017,133,-9.398074064,NA,0.421224286,0,0.009,500,0.845833333,1.274422222,2000,-4.44068125,-8.852573068,4.411891818,0.004742643,1159,14.1157814025879,735.588335748164
"US_SRR",2017,134,-4.297305003,NA,0.422512143,0,0.009,500,0.769791667,1.300048148,2000,-3.699466653,-8.31852019,4.619053537,0.007630113,1160,14.0963684082031,706.307416115921
"US_SRR",2017,135,-1.170945457,NA,0.4238,0,0.009,500,0.78125,1.325674074,2000,-3.802522005,-8.637885481,4.835363476,0.009690334,1161,14.2248207092285,684.768412801791
"US_SRR",2017,136,-0.287726335,NA,0.425234286,0,0.009,500,0.797916667,1.3513,2000,-3.758506427,-8.259936471,4.501430044,0.005069281,1162,14.455899810791,608.027583344173
"US_SRR",2017,137,-0.361306814,NA,0.426668571,0,0.009,500,0.907291667,1.339060714,2000,-2.659132679,-7.398194808,4.739062129,0.004275278,1163,14.4703575134278,584.047749274686
"US_SRR",2017,138,-0.226561295,NA,0.428102857,0,0.009,500,0.844791667,1.326821429,2000,-1.920188142,-7.207102344,5.286914202,0.003971496,1164,16.7500205993653,744.445799525023
"US_SRR",2017,139,-1.276451351,NA,0.429537143,0,0.009,500,0.803125,1.314582143,2000,-0.428015416,-6.322165601,5.894150185,0.003657567,1165,19.8453994750977,737.529395581625
"US_SRR",2017,140,-5.123919859,NA,0.430971429,0,0.009,500,0.789583333,1.302342857,2000,-0.210134752,-6.535543649,6.325408896,0.000966815,1166,21.0251899719239,731.451886761576
"US_SRR",2017,141,-9.196589227,NA,0.432405714,0,0.009,500,0.780208333,1.290103571,2000,0.419440713,-6.163095695,6.582536408,0.001062724,1167,22.4063316345215,736.40045868618
"US_SRR",2017,142,-12.64362182,NA,0.43384,0,0.009,500,0.770833333,1.277864286,2000,-0.727690355,-7.306547048,6.578856693,0.006146645,1168,20.9593139648438,734.321091221422
"US_SRR",2017,143,-15.39989994,NA,0.435274286,0,0.009,500,0.794791667,1.265625,2000,-5.010874833,-11.11706991,6.106195075,-0.004462424,1169,19.4761596679688,717.213023143887
"US_SRR",2017,144,-17.87133241,NA,0.436708571,0,0.009,500,0.85,1.253385714,2000,-7.420126706,-12.50329072,5.083164011,0.002947523,1170,17.0294357299805,652.836943356544
"US_SRR",2017,145,-19.16704816,NA,0.438142857,0,0.009,500,0.823958333,1.241146429,2000,-5.917128307,-10.5695424,4.652414095,0.008919602,1171,15.1251960754395,627.295340413719
"US_SRR",2017,146,-20.72602188,NA,0.439577143,0,0.009,500,0.816666667,1.228907143,2000,-5.330674682,-9.829583483,4.498908801,0.003972075,1172,15.3094039916992,595.274611142933
"US_SRR",2017,147,-22.03526793,NA,0.441011429,0,0.009,500,0.827083333,1.216667857,2000,-6.334567363,-10.93287638,4.598309021,0.006957668,1173,15.5817924499512,675.781532278895
"US_SRR",2017,148,-10.41872449,NA,0.442445714,0,0.009,500,0.8375,1.204428571,2000,-6.306544697,-11.21451617,4.90797147,0.006015901,1174,15.8702865600586,696.959112312704
"US_SRR",2017,149,-4.169755371,NA,0.44388,0,0.009,500,0.865625,1.192189286,2000,-6.941801306,-11.83048857,4.888687262,0.006405518,1175,16.1596046447754,684.05445416531
"US_SRR",2017,150,-1.475858502,NA,0.445548571,0,0.009,500,0.895833333,1.17995,2000,-5.766067722,-10.59842,4.832352275,0.005900592,1176,15.4008918762207,658.45930998224
"US_SRR",2017,151,-0.85878585,NA,0.447217143,0,0.009,500,0.889583333,1.167710714,2000,-3.702460261,-8.915814545,5.213354284,0.006797389,1177,16.1976028442383,562.12497416243
"US_SRR",2017,152,-5.56991283,NA,0.448885714,0,0.009,500,0.9125,1.155471429,2000,-3.499433868,-9.03604459,5.536610721,0.005180934,1178,17.9533515930176,700.872464027196
"US_SRR",2017,153,-10.46443358,NA,0.450554286,0,0.009,500,0.9125,1.143232143,2000,-2.796926134,-8.662829508,5.865903374,0.005623301,1179,18.790128326416,732.705775126576
"US_SRR",2017,154,-15.8928182,NA,0.452222857,0,0.009,500,0.9,1.130992857,2000,-2.337484849,-7.995877729,5.65839288,0.005642964,1180,18.7963233947754,646.65233714813
"US_SRR",2017,155,-21.44530654,NA,0.453891429,0,0.009,500,0.883333333,1.118753571,2000,-3.342077575,-8.92617429,5.584096716,0.005048722,1181,18.5080352783203,754.039517922252
"US_SRR",2017,156,-26.41102603,NA,0.45556,0,0.009,500,0.870833333,1.106514286,2000,-2.527810526,-8.44091371,5.913103184,0.005905702,1182,17.8788009643555,765.284239612758
"US_SRR",2017,157,-30.50158376,NA,0.457228571,0,0.009,500,0.842708333,1.094275,2000,-4.080171853,-9.770321036,5.690149183,0.005156448,1183,18.6464019775391,765.293174603432
"US_SRR",2017,158,-33.8842081,NA,0.458897143,0,0.009,500,0.835416667,1.082035714,2000,-7.217595252,-12.40357008,5.185974823,0.004996306,1184,16.8280807495117,693.36259414339
"US_SRR",2017,159,-37.41713527,NA,0.460565714,0,0.009,500,0.85625,1.069796429,2000,-2.559247664,-7.61492729,5.055679626,0.00282941,1185,15.8436485290528,273.322814136311
"US_SRR",2017,160,-39.88912517,NA,0.462234286,0,0.009,500,0.876041667,1.057557143,2000,-6.928151543,-12.16699499,5.238843445,0.0070158,1186,17.9450927734375,311.487957813501
"US_SRR",2017,161,-41.94836507,NA,0.463902857,0,0.009,500,0.883333333,1.045317857,2000,-6.594621342,-11.43782963,4.843208288,0.005827572,1187,16.0067916870117,717.0746984213
"US_SRR",2017,162,-36.37134991,NA,0.465571429,0,0.009,500,0.895833333,1.033078571,2000,-6.001469487,-10.4793707,4.477901217,0.005059209,1188,15.6090484619141,738.435224579275
"US_SRR",2017,163,-3.963861786,NA,0.46724,0,0.009,500,0.897916667,1.020839286,2000,-4.574328441,-9.540839636,4.966511194,0.00525749,1189,15.163404083252,612.788730556965
"US_SRR",2017,164,0.038064917,NA,0.466867143,0,0.009,500,0.847916667,1.0086,2000,-3.602103217,-9.157416597,5.55531338,-0.000477885,1190,16.5026260375977,643.350310211897
"US_SRR",2017,165,1.477343677,NA,0.466494286,0,0.009,500,0.844791667,1.010389286,2000,-2.906899697,-9.024043362,6.117143666,0.004216818,1191,19.4086242675781,748.01999393636
"US_SRR",2017,166,2.398417219,NA,0.466121429,0,0.009,500,0.894791667,1.012178571,2000,-1.997710847,-8.338778882,6.341068035,-0.004979604,1192,20.5231643676758,744.994642402172
"US_SRR",2017,167,1.92749202,NA,0.465748571,0,0.009,500,0.954166667,1.013967857,2000,-0.770700802,-7.83377313,7.063072328,-0.002190893,1193,22.9213653564453,720.318703375757
"US_SRR",2017,168,0.977229527,NA,0.465375714,0,0.009,500,0.934375,1.015757143,2000,-0.488276136,-7.927416615,7.439140479,0.002946535,1194,25.0318962097168,729.564389079154
"US_SRR",2017,169,-4.643214334,NA,0.465002857,0,0.009,500,0.866666667,1.017546429,2000,1.650723958,-6.417625149,8.068349107,0.0002801,1195,28.2274299621582,736.007786753297
"US_SRR",2017,170,-8.915594905,NA,0.46463,0,0.009,500,0.841666667,1.019335714,2000,-1.166812059,-8.844422809,7.67761075,-0.001934682,1196,26.9898124694824,726.472069389641
"US_SRR",2017,171,-12.74304669,NA,0.464257143,0,0.009,500,0.89375,1.021125,2000,-6.295395314,-13.55411086,7.258715551,0.008027909,1197,23.7899490356446,735.146572612882
"US_SRR",2017,172,-16.98487007,NA,0.463884286,0,0.009,500,0.938541667,1.022914286,2000,-5.827873728,-12.99309566,7.165221927,0.005314898,1198,22.5331245422364,746.266374823153
"US_SRR",2017,173,-21.95368076,NA,0.463511429,0,0.009,500,0.951041667,1.024703571,2000,-2.698367738,-10.35058316,7.652215426,0.002730923,1199,26.1022392272949,737.109946728408
"US_SRR",2017,174,-25.5855767,NA,0.463138571,0,0.009,500,1.025,1.026492857,2000,-6.575245417,-13.2086452,6.633399787,0.001409195,1200,22.4860397338867,706.084288935542
"US_SRR",2017,175,-9.857343953,NA,0.462765714,0,0.009,500,1.109375,1.028282143,2000,-7.846345849,-13.66184658,5.815500726,0.01025832,1201,19.3165260314942,667.780833214939
"US_SRR",2017,176,-1.173884622,NA,0.462392857,0,0.009,500,1.179166667,1.030071429,2000,-7.939906306,-13.37641033,5.436504025,0.010066075,1202,18.3285766601563,657.223269957364
"US_SRR",2017,177,-1.016436587,NA,0.46202,0,0.009,500,1.202083333,1.031860714,2000,-6.821565227,-12.25247968,5.430914457,0.014575864,1203,17.8467956542969,723.375315800667
"US_SRR",2017,178,-0.986132781,NA,0.461896429,0,0.009,500,1.176041667,1.03365,2000,-7.205121091,-12.65575253,5.450631438,-0.000425281,1204,17.6099258422852,721.965264516294
"US_SRR",2017,179,-0.282709484,NA,0.461772857,0,0.009,500,1.130208333,1.035439286,2000,-5.52822264,-11.13248884,5.604266199,0.010681278,1205,17.795987701416,747.038331291914
"US_SRR",2017,180,-2.481458379,NA,0.461649286,0,0.009,500,1.132291667,1.037228571,2000,-4.648881022,-10.22597037,5.577089345,0.01037052,1206,18.3864036560059,756.81945800072
"US_SRR",2017,181,-5.776313168,NA,0.461525714,0,0.009,500,1.183333333,1.039017857,2000,-3.681081684,-9.275345698,5.594264014,0.007197279,1207,18.3802085876465,756.18138057369
"US_SRR",2017,182,-7.365540025,NA,0.461402143,0,0.009,500,1.205208333,1.040807143,2000,-3.5661064,-9.169695366,5.603588966,0.009944347,1208,18.1689468383789,761.442292095125
"US_SRR",2017,183,-11.18762023,NA,0.461278571,0,0.009,500,1.21875,1.042596429,2000,-3.390986241,-8.792118298,5.401132057,0.010205778,1209,19.279557800293,746.904463275552
"US_SRR",2017,184,-15.35626854,NA,0.461155,0,0.009,500,1.234375,1.044385714,2000,-2.975209595,-8.580537328,5.605327733,0.006003719,1210,18.7944656372071,731.987343297005
"US_SRR",2017,185,-20.12754705,NA,0.461031429,0,0.009,500,1.271875,1.046175,2000,-3.096838016,-8.718617717,5.6217797,0.009454513,1211,19.1668067932129,750.117252952814
"US_SRR",2017,186,-25.51574619,NA,0.460907857,0,0.009,500,1.275,1.047964286,2000,-3.940565656,-9.595197091,5.654631435,-0.005191765,1212,18.4580627441406,744.494893036842
"US_SRR",2017,187,-30.60962342,NA,0.460784286,0,0.009,500,1.280208333,1.049753571,2000,-2.501329705,-8.822090885,6.32076118,0.013634167,1213,20.0337348937989,707.762088349044
"US_SRR",2017,188,-35.65312944,NA,0.460660714,0,0.009,500,1.269791667,1.051542857,2000,-0.627828168,-7.612749251,6.984921083,0.003609644,1214,23.2854438781739,743.196387428403
"US_SRR",2017,189,-38.91246087,NA,0.460537143,0,0.009,500,1.255208333,1.053332143,2000,-3.475979556,-10.56207081,7.086091257,0.005207574,1215,26.0859237670899,745.86923787564
"US_SRR",2017,190,-35.05480663,NA,0.460413571,0,0.009,500,1.322916667,1.055121429,2000,-6.273252868,-12.5717411,6.298488235,0.011086273,1216,21.5133796691895,751.536202214122
"US_SRR",2017,191,-5.051859638,NA,0.46029,0,0.009,500,1.36875,1.056910714,2000,-6.335400002,-12.44535198,6.109951978,0.007380739,1217,21.1181198120117,757.930549280882
"US_SRR",2017,192,0.260174586,NA,0.461375,0,0.009,500,1.391666667,1.0587,2000,-7.030225383,-12.849355,5.819129617,0.011039449,1218,20.2800994873047,745.1106558097
"US_SRR",2017,193,2.192168907,NA,0.46246,0,0.009,500,1.403125,1.051007143,2000,-6.075536606,-11.89987708,5.824340475,0.008779816,1219,19.4662414550781,744.325311140656
"US_SRR",2017,194,2.341812953,NA,0.463545,0,0.009,500,1.382291667,1.043314286,2000,-5.850051094,-11.65289742,5.802846321,0.010491036,1220,20.1582618713379,746.498402961254
"US_SRR",2017,195,1.842610958,NA,0.46463,0,0.009,500,1.389583333,1.035621429,2000,-3.709014626,-9.727346934,6.018332307,0.00941922,1221,19.9438987731934,745.597028945148
"US_SRR",2017,196,1.146079497,NA,0.465715,0,0.009,500,1.382291667,1.027928571,2000,-1.417093657,-8.161978506,6.744884849,0.005194534,1222,21.3518882751465,742.55828631258
"US_SRR",2017,197,-0.607335206,NA,0.4668,0,0.009,500,1.401041667,1.020235714,2000,0.561439565,-6.847498793,7.408938358,0.008103023,1223,25.6159072875977,733.892697887838
"US_SRR",2017,198,-5.073447299,NA,0.467885,0,0.009,500,1.410416667,1.012542857,2000,-1.278571844,-8.007995618,6.729423774,0.014362402,1224,24.8470664978028,739.880959943473
"US_SRR",2017,199,-9.546501903,NA,0.46897,0,0.009,500,1.454166667,1.00485,2000,-3.859917396,-9.742282072,5.882364676,0.007167659,1225,20.1454559326172,747.283748323321
"US_SRR",2017,200,-13.81102781,NA,0.470055,0,0.009,500,1.49375,0.997157143,2000,-4.08507997,-10.06105386,5.975973892,0.007905966,1226,18.9284912109375,757.270153419554
"US_SRR",2017,201,-17.49760236,NA,0.47114,0,0.009,500,1.604166667,0.989464286,2000,-6.253236616,-12.15122129,5.897984671,0.007225783,1227,19.6934104919434,748.55548276037
"US_SRR",2017,202,-18.00334147,NA,0.472225,0,0.009,500,1.741666667,0.981771429,2000,-5.5844445,-11.45905349,5.874608986,0.007779938,1228,20.1553741455078,740.974203072518
"US_SRR",2017,203,-10.17294948,NA,0.47331,0,0.009,500,1.880208333,0.974078571,2000,-3.934076212,-10.15957288,6.225496665,0.003471904,1229,20.9902893066406,739.247345428377
"US_SRR",2017,204,-11.2849674,NA,0.474395,0,0.009,500,2.066666667,0.966385714,2000,-5.086873899,-11.4025373,6.315663396,0.006291013,1230,23.228646850586,714.740965239376
"US_SRR",2017,205,-9.231859208,NA,0.47548,0,0.009,500,2.191666667,0.958692857,2000,-6.536791091,-11.91211239,5.375321297,0.00768627,1231,20.2346664428711,692.17565528509
"US_SRR",2017,206,-7.914707827,NA,0.475537857,0,0.009,500,2.245833333,0.951,2000,-6.347124427,-11.83764389,5.49051946,0.00653607,1232,19.5502906799317,675.134523074299
"US_SRR",2017,207,-6.775173235,NA,0.475595714,0,0.009,500,2.180208333,0.943307143,2000,-5.300903868,-11.01204549,5.711141618,0.005018082,1233,19.672135925293,685.34402793318
"US_SRR",2017,208,-5.379931277,NA,0.475653571,0,0.009,500,2.113541667,0.935614286,2000,-3.518708405,-9.733490277,6.214781872,0.00549774,1234,20.9551788330078,723.518094425887
"US_SRR",2017,209,-2.724750307,NA,0.475711429,0,0.009,500,2.166666667,0.927921429,2000,-3.537902739,-9.6654583,6.127555561,0.006981267,1235,22.0657936096192,726.34267376703
"US_SRR",2017,210,-5.977037876,NA,0.475769286,0,0.009,500,2.204166667,0.920228571,2000,-3.34534393,-9.105389853,5.760045923,0.007902945,1236,19.9023910522461,729.198479221731
"US_SRR",2017,211,-10.7652926,NA,0.475827143,0,0.009,500,2.285416667,0.912535714,2000,-2.315695984,-8.100781707,5.785085723,0.010113347,1237,19.2099700927735,708.935661798075
"US_SRR",2017,212,-15.71479601,NA,0.475885,0,0.009,500,2.36875,0.904842857,2000,-2.04083516,-7.882957059,5.8421219,0.006997638,1238,19.9174667358399,691.430463010237
"US_SRR",2017,213,-21.13421111,NA,0.475942857,0,0.009,500,2.49375,0.89715,2000,-1.23149584,-7.388643496,6.157147657,0.005341248,1239,20.5339027404785,679.78858262074
"US_SRR",2017,214,-26.56132885,NA,0.476000714,0,0.009,500,2.495833333,0.889457143,2000,-1.027390416,-7.638340348,6.610949932,0.005848856,1240,22.7637992858887,678.820307200044
"US_SRR",2017,215,-31.6635675,NA,0.476058571,0,0.009,500,2.521875,0.881764286,2000,-1.055101818,-7.7064475,6.651345682,0.004474126,1241,24.4181533813477,562.004501489215
"US_SRR",2017,216,-36.74158336,NA,0.476116429,0,0.009,500,2.66875,0.874071429,2000,1.166329024,-4.998555511,6.164884535,0.003243758,1242,23.2358795166016,504.143218115315
"US_SRR",2017,217,-39.4586895,NA,0.476174286,0,0.009,500,2.794791667,0.866378571,2000,-6.216230358,-11.974284,5.758053643,0.009126097,1243,22.0982109069824,518.252691245064
"US_SRR",2017,218,-37.18605608,NA,0.476232143,0,0.009,500,2.955208333,0.858685714,2000,-6.196792559,-11.65434067,5.457548113,0.008258261,1244,19.5112625122071,651.62766768308
"US_SRR",2017,219,-11.7987132,NA,0.47629,0,0.009,500,3.045833333,0.850992857,2000,-6.054230067,-11.49326277,5.439032699,0.008230913,1245,19.0716033935547,639.561909002241
"US_SRR",2017,220,0.066341713,NA,0.477083571,0,0.009,500,3.132291667,0.8433,2000,-5.684193227,-11.11242287,5.428229641,0.007210564,1246,18.8659225463867,627.616613004845
"US_SRR",2017,221,0.951993247,NA,0.477877143,0,0.009,500,3.104166667,0.838432653,2000,-5.696426259,-11.10868762,5.412261357,0.008197507,1247,18.7031951904297,625.885286544291
"US_SRR",2017,222,2.004974494,NA,0.478670714,0,0.009,500,3.014583333,0.833565306,2000,-4.690776035,-10.24011035,5.549334313,0.006766786,1248,18.3638969421387,656.61194394072
"US_SRR",2017,223,2.086713689,NA,0.479464286,0,0.009,500,2.977083333,0.828697959,2000,-3.525808355,-9.255375655,5.7295673,0.007781189,1249,18.9966407775879,653.644588669173
"US_SRR",2017,224,1.757071117,NA,0.480257857,0,0.009,500,3.038541667,0.823830612,2000,-2.868153285,-8.528048203,5.659894918,0.009188266,1250,20.1405006408692,679.922451393127
"US_SRR",2017,225,0.834274616,NA,0.481051429,0,0.009,500,3.138541667,0.818963265,2000,-2.499979936,-7.9868861,5.486906164,0.006639681,1251,19.2411514282227,679.819830533028
"US_SRR",2017,226,-1.283748588,NA,0.481845,0,0.009,500,3.266666667,0.814095918,2000,-3.372543125,-8.648586117,5.276042993,0.007948585,1252,18.6195503234864,619.200916419029
"US_SRR",2017,227,-5.35626593,NA,0.482638571,0,0.009,500,3.447916667,0.809228571,2000,-3.620951028,-8.819567782,5.198616754,0.006420096,1253,17.8742614746094,602.900508641243
"US_SRR",2017,228,-9.290997238,NA,0.483432143,0,0.009,500,3.588541667,0.804361224,2000,-6.016708032,-11.27227643,5.255568394,0.006189285,1254,17.9502655029297,615.216169075966
"US_SRR",2017,229,-13.70922121,NA,0.484225714,0,0.009,500,3.666666667,0.799493878,2000,-5.566091538,-10.82610085,5.260009309,0.006828885,1255,19.4815307617188,596.095656839371
"US_SRR",2017,230,-18.7916965,NA,0.485019286,0,0.009,500,3.786458333,0.794626531,2000,-5.439091738,-10.55908943,5.119997693,0.008368492,1256,19.6153503417969,606.916493942261
"US_SRR",2017,231,-22.94098686,NA,0.485812857,0,0.009,500,3.885416667,0.789759184,2000,-5.337558702,-10.34152401,5.003965311,0.005981075,1257,19.3607154846192,621.266912843704
"US_SRR",2017,232,-24.15947351,NA,0.486606429,0,0.009,500,4.0125,0.784891837,2000,-5.650024279,-10.5837554,4.933731121,0.005334959,1258,19.0947319030762,595.225548313141
"US_SRR",2017,233,-18.34347382,NA,0.4874,0,0.009,500,4.059375,0.78002449,2000,-5.24089525,-10.08945428,4.848559035,0.00547473,1259,18.8915229797364,613.047550783157
"US_SRR",2017,234,-22.12146654,NA,0.487161429,0,0.009,500,4.029166667,0.775157143,2000,-4.37077304,-9.421556976,5.050783937,0.005835818,1260,19.0381484985352,573.539276678085
"US_SRR",2017,235,-19.47474834,NA,0.486922857,0,0.009,500,3.994791667,0.770289796,2000,-4.861722348,-9.944278915,5.082556567,0.006585999,1261,20.1198516845703,616.773480420113
"US_SRR",2017,236,-9.656872621,NA,0.486684286,0,0.009,500,3.884375,0.765422449,2000,-5.029096404,-10.06579897,5.036702563,0.008161025,1262,19.277906036377,643.002252537727
"US_SRR",2017,237,-11.04400654,NA,0.486445714,0,0.009,500,3.891666667,0.760555102,2000,-2.399954346,-7.635228636,5.23527429,0.005758643,1263,19.0930839538574,630.628593873024
"US_SRR",2017,238,-18.78936544,NA,0.486207143,0,0.009,500,3.878125,0.755687755,2000,0.465115085,-5.319046316,5.784161401,0.003216778,1264,21.0856986999512,638.852423539162
"US_SRR",2017,239,-23.62414006,NA,0.485968571,0,0.009,500,3.922916667,0.750820408,2000,1.70517712,-4.518844628,6.224021747,0.002898497,1265,24.5414367675781,622.128135552406
"US_SRR",2017,240,-27.56160783,NA,0.48573,0,0.009,500,4.005208333,0.745953061,2000,2.038555971,-4.227496119,6.266052091,0.005006212,1266,24.3215003967285,625.505994158745
"US_SRR",2017,241,-32.50193901,NA,0.485491429,0,0.009,500,4.065625,0.741085714,2000,-0.229731992,-5.955021919,5.725289927,0.008961409,1267,21.9712120056153,618.344166356087
"US_SRR",2017,242,-36.89203821,NA,0.463884286,0,0.009,500,4.025,0.736218367,2000,-0.133387832,-5.585884076,5.452496243,0.007142748,1268,19.5162178039551,628.924026942253
"US_SRR",2017,243,-40.94681921,NA,0.463511429,0,0.009,500,4.148958333,0.73135102,2000,0.953382552,-4.716763214,5.670145766,0.002673146,1269,20.771802520752,627.500606673241
"US_SRR",2017,244,-43.97299377,NA,0.463138571,0,0.009,500,4.152083333,0.726483673,2000,1.944125479,-4.162198249,6.106323728,0.001908242,1270,27.9114700317383,613.136808139801
"US_SRR",2017,245,-44.8572264,NA,0.462765714,0,0.009,500,4.125,0.721616327,2000,2.420780155,-4.050211854,6.470992009,0.001494427,1271,29.276082611084,602.382912542343
"US_SRR",2017,246,-36.34717781,NA,0.462392857,0,0.009,500,4.060416667,0.71674898,2000,0.916642245,-5.668323451,6.584965696,0.002258533,1272,28.6311546325684,599.192433298111
"US_SRR",2017,247,-7.712209484,NA,0.46202,0,0.009,500,4.054166667,0.711881633,2000,1.253040469,-4.713759802,5.966800271,0.002715191,1273,25.1816116333008,470.703539063454
"US_SRR",2017,248,-1.380335635,NA,0.461896429,0,0.009,500,4.09375,0.707014286,2000,-2.241865412,-8.122393487,5.880528075,0.00430517,1274,24.3151031494141,486.455091615677
"US_SRR",2017,249,-0.121663505,NA,0.461772857,0,0.009,500,4.069791667,0.702146939,2000,-3.256239186,-8.979336131,5.723096946,0.005687756,1275,22.7644172668457,502.933979329586
"US_SRR",2017,250,-0.197372345,NA,0.461649286,0,0.009,500,4.085416667,0.697279592,2000,-1.061508301,-6.296348744,5.234840443,0.003479873,1276,20.8756805419922,434.149236803532
"US_SRR",2017,251,0.112202824,NA,0.461525714,0,0.009,500,4.0875,0.692412245,2000,-2.511708621,-7.751188673,5.239480052,0.004681787,1277,19.5674339294434,473.019411430836
"US_SRR",2017,252,-0.356695365,NA,0.461402143,0,0.009,500,4.077083333,0.687544898,2000,-1.523717781,-6.848538754,5.324820973,0.004238086,1278,20.88125,546.172631020546
"US_SRR",2017,253,-3.346687784,NA,0.461278571,0,0.009,500,4.096875,0.682677551,2000,0.789164593,-4.978761196,5.767925789,0.002776336,1279,22.8559013366699,564.476565355301
"US_SRR",2017,254,-7.316537047,NA,0.461155,0,0.009,500,4.175,0.677810204,2000,-0.125631916,-5.950121654,5.824489738,0.003265874,1280,26.4720970153809,547.618372180939
"US_SRR",2017,255,-10.86471746,NA,0.461031429,0,0.009,500,4.289583333,0.672942857,2000,-2.41816819,-7.8827877,5.46461951,0.00677664,1281,24.059644317627,507.81114953804
"US_SRR",2017,256,-13.99700602,NA,0.460907857,0,0.009,500,4.4375,0.66807551,2000,-3.449877938,-8.322574647,4.872696709,0.008353761,1282,21.0497680664063,475.362071791172
"US_SRR",2017,257,-17.20915878,NA,0.460784286,0,0.009,500,4.5375,0.663208163,2000,-3.193352505,-7.753860485,4.56050798,0.006920654,1283,18.5635887145996,503.74162756443
"US_SRR",2017,258,-20.56497591,NA,0.460660714,0,0.009,500,4.563541667,0.658340816,2000,-3.216870686,-7.707704926,4.49083424,0.005022128,1284,17.807763671875,549.140001650333
"US_SRR",2017,259,-24.28008063,NA,0.460537143,0,0.009,500,4.503125,0.653473469,2000,-3.551435283,-8.01402201,4.462586727,0.003271992,1285,18.7985969543457,528.404182359695
"US_SRR",2017,260,-27.99655359,NA,0.460413571,0,0.009,500,4.502083333,0.648606122,2000,-3.317333104,-7.734609401,4.417276297,0.006700945,1286,18.5433555603028,525.548363265037
"US_SRR",2017,261,-31.36311387,NA,0.46029,0,0.009,500,4.523958333,0.643738776,2000,-3.493404338,-7.885856842,4.392452504,0.00953269,1287,19.8443618774414,479.163853447914
"US_SRR",2017,262,-34.88975731,NA,0.461375,0,0.009,500,4.502083333,0.638871429,2000,-1.718694149,-5.957883701,4.239189552,0.004998846,1288,17.688809967041,499.502523064613
"US_SRR",2017,263,-35.32237201,NA,0.46246,0,0.009,500,4.416666667,0.634004082,2000,-3.353020012,-7.593250884,4.240230872,0.007581028,1289,18.6453720092774,438.919318546295
"US_SRR",2017,264,-17.49760236,NA,0.463545,0,0.009,500,4.397916667,0.629136735,2000,-1.878966308,-5.965625624,4.086659316,0.005393159,1290,16.5734535217285,461.703285007954
"US_SRR",2017,265,-18.00334147,NA,0.46463,0,0.009,500,4.382291667,0.624269388,2000,-0.769011732,-4.86555254,4.096540808,0.004381041,1291,15.9989410400391,516.240248645306
"US_SRR",2017,266,-10.17294948,NA,0.465715,0,0.009,500,4.33125,0.619402041,2000,-0.201257739,-4.381135618,4.179877879,0.004248977,1292,17.4521575927735,507.52110798645
"US_SRR",2017,267,-11.2849674,NA,0.4668,0,0.009,500,4.310416667,0.614534694,2000,0.122176382,-4.075534821,4.197711203,0.00382847,1293,17.8420425415039,525.441280343533
"US_SRR",2017,268,-9.231859208,NA,0.467885,0,0.009,500,4.284375,0.609667347,2000,0.204116969,-4.043842607,4.247959576,0.003901168,1294,19.2394958496094,504.312775456428
"US_SRR",2017,269,-7.914707827,NA,0.46897,0,0.009,500,4.419791667,0.6048,2000,0.85574814,-3.490684811,4.346432951,0.002708395,1295,20.7763458251953,509.301519880772
"US_SRR",2017,270,-6.775173235,NA,0.470055,0,0.009,500,4.51875,0.596842857,2000,0.851738246,-3.482281378,4.334019625,0.003110077,1296,22.7658554077149,506.914246466637
"US_SRR",2017,271,-5.379931277,NA,0.47114,0,0.009,500,4.490625,0.588885714,2000,0.914080543,-3.400960883,4.315041426,0.002371641,1297,21.5875183105469,501.318642538547
"US_SRR",2017,272,-2.724750307,NA,0.472225,0,0.009,500,4.460416667,0.580928571,2000,-0.594838122,-4.746404845,4.151566723,0.005188472,1298,19.4660354614258,456.437909409046
"US_SRR",2017,273,-5.977037876,NA,0.47331,0,0.009,500,4.465625,0.572971429,2000,0.30025944,-3.847600088,4.147859528,0.004138079,1299,17.9702926635742,450.155127107859
"US_SRR",2017,274,-10.7652926,NA,0.474395,0,0.009,500,4.452083333,0.565014286,2000,0.28331704,-3.890999061,4.174316101,0.003766613,1300,19.5566917419434,481.127210867882
"US_SRR",2017,275,-15.71479601,NA,0.47548,0,0.009,500,4.428125,0.557057143,2000,0.096923407,-3.982347516,4.079270923,0.004531025,1301,19.8573738098145,494.924344739437
"US_SRR",2017,276,-21.13421111,NA,0.475537857,0,0.009,500,4.4,0.5491,2000,0.179818015,-3.849570869,4.029388885,0.003931439,1302,16.2192855834961,492.305022459507
"US_SRR",2017,277,-26.56132885,NA,0.475595714,0,0.009,500,4.363541667,0.541142857,2000,0.253848858,-3.746179095,4.000027953,0.00403176,1303,16.8039222717285,477.343272164583
"US_SRR",2017,278,-31.6635675,NA,0.475653571,0,0.009,500,4.3125,0.533185714,2000,0.160730171,-3.827671725,3.988401896,0.00370136,1304,16.8749633789063,478.159875771284
"US_SRR",2017,279,-36.74158336,NA,0.475711429,0,0.009,500,4.3125,0.525228571,2000,0.434378445,-3.570801187,4.005179632,0.00389686,1305,18.1377731323242,475.009550795555
"US_SRR",2017,280,-39.4586895,NA,0.475769286,0,0.009,500,4.360416667,0.517271429,2000,0.645993481,-3.366666382,4.012659863,0.003722142,1306,18.5404563903809,469.17299807167
"US_SRR",2017,281,-37.18605608,NA,0.475827143,0,0.009,500,4.428125,0.509314286,2000,0.509502653,-3.482964961,3.992467613,0.003836099,1307,18.7575088500977,455.915818487644
"US_SRR",2017,282,-11.7987132,NA,0.475885,0,0.009,500,4.45625,0.501357143,2000,0.298409533,-3.662261148,3.960670681,0.004552325,1308,21.1234870910645,463.28736418438
"US_SRR",2017,283,0.066341713,NA,0.475942857,0,0.009,500,4.569791667,0.4934,2000,0.321855939,-3.518979572,3.840835511,0.002584245,1309,18.023152923584,451.533945663452
"US_SRR",2017,284,0.951993247,NA,0.476000714,0,0.009,500,4.59375,0.485442857,2000,-0.548665435,-4.311696628,3.763031193,0.0000385,1310,16.3630157470703,430.592868272066
"US_SRR",2017,285,2.004974494,NA,0.476058571,0,0.009,500,4.625,0.477485714,2000,-0.57827364,-4.334117071,3.75584343,0.002266179,1311,15.2391983032227,440.289206678867
"US_SRR",2017,286,2.086713689,NA,0.476116429,0,0.009,500,4.666666667,0.469528571,2000,-0.113428949,-3.88449137,3.771062421,0.003425809,1312,15.0630432128906,447.272552529335
"US_SRR",2017,287,1.757071117,NA,0.476174286,0,0.009,500,4.680208333,0.461571429,2000,0.176502278,-3.63344753,3.809949808,0.004358063,1313,17.5114265441895,439.56188310957
"US_SRR",2017,288,0.834274616,NA,0.476232143,0,0.009,500,4.738541667,0.453614286,2000,0.405547979,-3.385454236,3.791002215,0.00413983,1314,17.2923179626465,431.422831224084
"US_SRR",2017,289,-1.283748588,NA,0.47629,0,0.009,500,4.79375,0.445657143,2000,0.536009625,-3.238834917,3.774844542,0.003377282,1315,19.5742546081543,402.91387819016
"US_SRR",2017,290,-5.35626593,NA,0.477083571,0,0.009,500,4.86875,0.4377,2000,0.659738785,-3.103050212,3.762788997,0.003598701,1316,18.5216690063477,372.892233544111
"US_SRR",2017,291,-9.290997238,NA,0.477877143,0,0.009,500,4.941666667,0.429742857,2000,0.50203122,-3.22408941,3.726120631,0.000678056,1317,15.0081077575684,393.587875633478
"US_SRR",2017,292,-13.70922121,NA,0.478670714,0,0.009,500,4.98125,0.421785714,2000,-0.793464607,-4.488279912,3.694815306,-0.000665931,1318,14.8137794494629,305.718345209003
"US_SRR",2017,293,-18.7916965,NA,0.479464286,0,0.009,500,4.995833333,0.413828571,2000,0.860306515,-2.734322663,3.594629178,0.001620505,1319,15.1066070556641,344.08876190269
"US_SRR",2017,294,-22.94098686,NA,0.480257857,0,0.009,500,5.009375,0.405871429,2000,0.476904372,-3.108037639,3.584942011,0.004863835,1320,12.8504920959473,373.481237872004
"US_SRR",2017,295,-24.15947351,NA,0.481051429,0,0.009,500,5.015625,0.397914286,2000,0.37931707,-3.286966624,3.666283694,0.003994759,1321,14.6950393676758,370.174747299314
"US_SRR",2017,296,-18.34347382,NA,0.481845,0,0.009,500,5.044791667,0.389957143,2000,0.932020619,-2.853087437,3.785108056,0.003392996,1322,19.2692352294922,380.196850965858
"US_SRR",2017,297,-22.12146654,NA,0.482638571,0,0.009,500,5.142708333,0.382,2000,1.295512309,-2.529998404,3.825510713,0.003052448,1323,21.8216987609864,379.585515036225
"US_SRR",2017,298,-19.47474834,NA,0.483432143,0,0.009,500,5.197916667,0.390375,2000,1.285712113,-2.492921366,3.778633479,0.003054382,1324,22.0335746765137,377.461510931253
"US_SRR",2017,299,-9.656872621,NA,0.484225714,0,0.009,500,5.234375,0.39875,2000,1.30334197,-2.451346138,3.754688109,0.003157879,1325,20.1055961608887,373.78466648984
"US_SRR",2017,300,-11.04400654,NA,0.485019286,0,0.009,500,5.238541667,0.407125,2000,1.230991451,-2.500132301,3.731123753,0.003420187,1326,19.9166389465332,371.540178914666
"US_SRR",2017,301,-18.78936544,NA,0.485812857,0,0.009,500,5.26875,0.4155,2000,1.287370611,-2.379760995,3.667131606,0.003740907,1327,17.1568428039551,368.331865159273
"US_SRR",2017,302,-23.62414006,NA,0.486606429,0,0.009,500,5.292708333,0.423875,2000,0.478889473,-3.084174535,3.563064008,0.010802835,1328,15.9095245361328,355.868956257164
"US_SRR",2017,303,-27.56160783,NA,0.4874,0,0.009,500,5.280208333,0.43225,2000,0.040162778,-3.477645783,3.517808561,0.012445119,1329,14.4841934204102,318.225890538692
"US_SRR",2017,304,-32.50193901,NA,0.487161429,0,0.009,500,5.292708333,0.440625,2000,0.813813301,-2.664232301,3.478045602,0.001426438,1330,13.1633583068848,349.081963033259
"US_SRR",2017,305,-36.89203821,NA,0.486922857,0,0.009,500,5.296875,0.449,2000,1.866903671,-1.604219024,3.471122695,0.003245308,1331,13.2798286437989,331.996210113913
"US_SRR",2017,306,-40.94681921,NA,0.486684286,0,0.009,500,5.320833333,0.457375,2000,1.978618015,-1.444934668,3.423552683,0.004122145,1332,13.7027603149414,310.992664429873
"US_SRR",2017,307,-43.97299377,NA,0.486445714,0,0.009,500,5.410416667,0.46575,2000,1.836291934,-1.586140598,3.422432532,0.002840666,1333,15.8314643859864,215.367822802871
"US_SRR",2017,308,-44.8572264,NA,0.486207143,0,0.009,500,5.536458333,0.474125,2000,1.63692074,-1.621157499,3.258078238,0.002454121,1334,14.7055717468262,105.053450695053
"US_SRR",2017,309,-36.34717781,NA,0.485968571,0,0.009,500,5.625,0.4825,2000,0.162602372,-2.78114339,2.943745762,0.002544148,1335,11.100732421875,276.316950629562
"US_SRR",2017,310,-7.712209484,NA,0.48573,0,0.009,500,5.7125,0.490875,2000,0.882457896,-2.169119212,3.051577108,0.002777932,1336,11.5257316589356,326.373838385045
"US_SRR",2017,311,-1.380335635,NA,0.485491429,0,0.009,500,5.70625,0.49925,2000,0.668778463,-2.234748889,2.903527352,0.002728168,1337,11.358659362793,326.980710567966
"US_SRR",2017,312,-0.121663505,NA,0.485014286,0,0.009,500,5.792708333,0.507625,2000,1.794828407,-1.211083952,3.005912359,0.001731343,1338,12.204736328125,196.631072732955
"US_SRR",2017,313,-0.197372345,NA,0.484775714,0,0.009,500,5.730208333,0.516,2000,1.239056557,-2.076706387,3.315762944,0.00340282,1339,16.2207313537598,181.071399531513
"US_SRR",2017,314,0.112202824,NA,0.484537143,0,0.009,500,5.745833333,0.524375,2000,1.771970695,-1.472082481,3.244053177,0.003010336,1340,14.5314842224121,184.458206193589
"US_SRR",2017,315,-0.356695365,NA,0.484298571,0,0.009,500,5.6875,0.53275,2000,1.194856902,-1.91522783,3.110084731,0.00298077,1341,13.1170936584473,211.838236003526
"US_SRR",2017,316,-3.346687784,NA,0.48406,0,0.009,500,5.671875,0.541125,2000,0.760419922,-2.327168875,3.087588798,0.002994885,1342,12.2685447692871,236.273210901007
"US_SRR",2017,317,-7.316537047,NA,0.483881429,0,0.009,500,5.647916667,0.5495,2000,1.421871236,-1.807884811,3.229756047,0.00274329,1343,14.2314239501953,211.048423736766
"US_SRR",2017,318,-10.86471746,NA,0.483702857,0,0.009,500,5.625,0.557875,2000,1.302754418,-1.826696251,3.129450668,0.003087457,1344,13.9784523010254,247.620571088266
"US_SRR",2017,319,-13.99700602,NA,0.483524286,0,0.009,500,5.632291667,0.56625,2000,1.965098365,-1.085308465,3.05040683,0.002050924,1345,12.1696258544922,145.628187092861
"US_SRR",2017,320,-17.20915878,NA,0.483345714,0,0.009,500,5.379166667,0.574625,2000,2.34727093,-0.704798849,3.052069779,0.002049208,1346,14.8439308166504,134.276361644379
"US_SRR",2017,321,-20.56497591,NA,0.483167143,0,0.009,500,5.238541667,0.583,2000,1.032062498,-1.791286158,2.823348656,0.002081275,1347,12.3358703613281,217.063458355745
"US_SRR",2017,322,-24.28008063,NA,0.482988571,0,0.009,500,5.275,0.591375,2000,0.97002634,-1.665082765,2.635109104,0.00241718,1348,11.1585594177246,296.785039484819
"US_SRR",2017,323,-27.99655359,NA,0.48281,0,0.009,500,5.329166667,0.59975,2000,1.026948573,-1.533299863,2.560248436,0.002251126,1349,10.6011901855469,284.973606339089
"US_SRR",2017,324,-31.36311387,NA,0.482631429,0,0.009,500,5.408333333,0.608125,2000,1.944567481,-0.92062455,2.865192031,0.002081586,1350,13.4200492858887,138.756408506393
"US_SRR",2017,325,-34.88975731,NA,0.482452857,0,0.009,500,5.50625,0.6165,2000,1.355978179,-1.534303114,2.890281293,0.002890325,1351,14.2291542053223,189.817308621168
"US_SRR",2017,326,-35.32237201,NA,0.482274286,0,0.009,500,5.539583333,0.63195,2000,1.599879242,-1.287171205,2.887050447,0.002512404,1352,14.2997756958008,220.303024159908
"US_SRR",2017,327,1.757071117,NA,0.482095714,0,0.009,500,5.527083333,0.6474,2000,2.200371779,-0.864165225,3.064537004,0.002286628,1353,15.1551414489746,226.559009269834
"US_SRR",2017,328,0.834274616,NA,0.481917143,0,0.009,500,5.509375,0.66285,2000,1.561079462,-1.643241689,3.204321152,0.003789732,1354,15.8306327819824,200.415009514689
"US_SRR",2017,329,-1.283748588,NA,0.481738571,0,0.009,500,5.442708333,0.6783,2000,1.883612047,-1.111291899,2.994903946,0.00257315,1355,15.9229446411133,236.018872660637
"US_SRR",2017,330,-5.35626593,NA,0.48156,0,0.009,500,5.413541667,0.69375,2000,2.897854382,-0.184216319,3.0820707,0.00255767,1356,16.3739677429199,101.260586215138
"US_SRR",2017,331,-9.290997238,NA,0.481487857,0,0.009,500,5.201041667,0.7092,2000,1.421404942,-1.195367941,2.616772883,0.002327957,1357,12.8298431396485,181.68718016547
"US_SRR",2017,332,-13.70922121,NA,0.481415714,0,0.009,500,5.144791667,0.72465,2000,1.06021947,-1.43970458,2.49992405,0.001723235,1358,10.2639556884766,228.071695589781
"US_SRR",2017,333,-18.7916965,NA,0.481343571,0,0.009,500,5.220833333,0.7401,2000,1.067109376,-1.391011806,2.458121182,0.002086389,1359,10.7787834167481,261.497997545481
"US_SRR",2017,334,-22.94098686,NA,0.481271429,0,0.009,500,5.253125,0.75555,2000,1.082062642,-1.250492127,2.332554768,0.001749261,1360,11.7985282897949,259.65511628747
"US_SRR",2017,335,-24.15947351,NA,0.481199286,0,0.009,500,5.342708333,0.771,2000,1.071548776,-1.202814055,2.274362831,0.001684309,1361,10.5508018493653,241.28425052762
"US_SRR",2017,336,-18.34347382,NA,0.481127143,0,0.009,500,5.502083333,0.78645,2000,1.298612705,-0.917546935,2.21615964,0.001927232,1362,9.91846618652346,197.818012284279
"US_SRR",2017,337,-22.12146654,NA,0.481055,0,0.009,500,5.629166667,0.8019,2000,0.944398058,-1.259025915,2.203423973,0.001818331,1363,11.7944007873535,239.231652761579
"US_SRR",2017,338,-19.47474834,NA,0.480982857,0,0.009,500,5.565625,0.81735,2000,1.05668395,-1.286026899,2.342710849,0.002571863,1364,10.3703056335449,266.076211403847
"US_SRR",2017,339,-9.656872621,NA,0.480910714,0,0.009,500,5.686458333,0.8328,2000,0.887243698,-1.38441883,2.271662529,0.001954166,1365,11.3539138793946,266.558126132011
"US_SRR",2017,340,-11.04400654,NA,0.480838571,0,0.009,500,5.7625,0.84825,2000,0.851555595,-1.107664142,1.959219738,0.001517971,1366,10.1861015319824,261.297197221994
"US_SRR",2017,341,-18.78936544,NA,0.480766429,0,0.009,500,5.772916667,0.8637,2000,0.838058657,-1.174417126,2.012475783,0.001327705,1367,9.49078140258791,261.239192439795
"US_SRR",2017,342,-23.62414006,NA,0.480694286,0,0.009,500,5.738541667,0.87915,2000,0.824829684,-1.103344163,1.928173847,0.00111592,1368,9.86043319702151,255.871173048019
"US_SRR",2017,343,-27.56160783,NA,0.480622143,0,0.009,500,5.6625,0.8946,2000,0.790709296,-1.133777387,1.924486683,0.001080895,1369,10.4954544067383,239.735875906706
"US_SRR",2017,344,-32.50193901,NA,0.48055,0,0.009,500,5.583333333,0.91005,2000,0.797895794,-1.144493635,1.942389429,0.001135938,1370,9.43048248291018,254.055056598186
"US_SRR",2017,345,-36.89203821,NA,0.477471429,0,0.009,500,5.567708333,0.9255,2000,0.81129116,-1.12900721,1.940298369,0.00105327,1371,9.52981338500979,245.728610104084
"US_SRR",2017,346,-40.94681921,NA,0.474392857,0,0.009,500,5.552083333,0.94095,2000,0.720924686,-1.128163777,1.849088463,0.000584093,1372,10.2247177124024,254.608372625113
"US_SRR",2017,347,-43.97299377,NA,0.471314286,0,0.009,500,5.584375,0.9564,2000,0.735346826,-1.045013825,1.78036065,0.000355824,1373,9.1750312805176,251.480369296789
"US_SRR",2017,348,-44.8572264,NA,0.468235714,0,0.009,500,5.629166667,0.97185,2000,0.756475366,-1.097269671,1.853745038,0.000418829,1374,9.61097106933596,253.189388964653
"US_SRR",2017,349,-36.34717781,NA,0.465157143,0,0.009,500,5.632291667,0.9873,2000,1.046271368,-0.795210868,1.841482235,0.000550472,1375,9.9434524536133,208.643299100161
"US_SRR",2017,350,-7.712209484,NA,0.462078571,0,0.009,500,5.61875,1.00275,2000,1.004763533,-1.282140193,2.286903725,0.00033861,1376,11.7741638183594,227.455915869355
"US_SRR",2017,351,-1.380335635,NA,0.459,0,0.009,500,5.8,1.0182,2000,0.960072573,-1.196569583,2.156642156,0.001046131,1377,12.8164192199707,247.660731834173
"US_SRR",2017,352,-0.121663505,NA,0.455921429,0,0.009,500,5.771875,1.03365,2000,0.841093825,-1.030325988,1.871419813,0.000583659,1378,9.5246520996094,243.104831306934
"US_SRR",2017,353,-0.197372345,NA,0.452842857,0,0.009,500,6.047916667,1.0491,2000,0.929238251,-0.914273439,1.84351169,0.000200779,1379,8.49953613281252,224.617957494736
"US_SRR",2017,354,0.112202824,NA,0.449764286,0,0.009,500,6.034375,1.06455,2000,1.092016633,-0.772880688,1.864897321,0.002411273,1380,11.0786376953125,220.187000987053
"US_SRR",2017,355,-0.356695365,NA,0.446685714,0,0.009,500,5.813541667,1.08,2000,0.761972292,-1.055157645,1.817129937,0.000211349,1381,7.31664047241213,253.62668081069
"US_SRR",2017,356,-3.346687784,NA,0.443607143,0,0.009,500,5.765625,1.0877875,2000,0.799944714,-0.803987296,1.60393201,-0.000548519,1382,6.82184753417971,239.544000462055
"US_SRR",2017,357,-7.316537047,NA,0.440528571,0,0.009,500,5.544791667,1.095575,2000,1.117799546,-0.551937034,1.669736581,-0.000368992,1383,8.15445098876955,211.320618728042
"US_SRR",2017,358,-10.86471746,NA,0.43745,0,0.009,500,5.341666667,1.1033625,2000,1.173974494,-0.564427514,1.738402008,0.00021871,1384,9.07611236572268,164.003503930092
"US_SRR",2017,359,-13.99700602,NA,0.435583571,0,0.009,500,5.169791667,1.11115,2000,0.964538225,-0.776024105,1.74056233,-0.0000342,1385,9.23966369628909,156.712278992772
"US_SRR",2017,360,-17.20915878,NA,0.433717143,0,0.009,500,4.933333333,1.1189375,2000,0.664057178,-1.116007804,1.780064982,-0.000223222,1386,9.44658432006838,216.389672949433
"US_SRR",2017,361,-20.56497591,NA,0.431850714,0,0.009,500,4.75625,1.126725,2000,0.820320799,-0.90301097,1.723331769,0.0000595,1387,8.57264099121096,228.210028313637
"US_SRR",2017,362,-24.28008063,NA,0.429984286,0,0.009,500,4.658333333,1.1345125,2000,0.841763744,-0.909605145,1.751368889,-0.0000854,1388,8.53959808349612,227.960148086786
"US_SRR",2017,363,-27.99655359,NA,0.428117857,0,0.009,500,4.609375,1.1423,2000,0.860267232,-0.888421511,1.748688743,-0.000196213,1389,8.95591888427737,232.065368819714
"US_SRR",2017,364,-31.36311387,NA,0.426251429,0,0.009,500,4.879166667,1.1500875,2000,0.886363865,-0.872453046,1.758816912,-0.000454073,1390,9.18804321289065,218.027298752785
"US_SRR",2017,365,-34.88975731,NA,0.424385,0,0.009,500,4.882291667,1.157875,2000,1.022943423,-0.705061311,1.728004734,-0.000265533,1391,9.33238754272463,192.56154971981
"US_SRR",2018,1,0.480358594,NA,0.422518571,0,0.009,500,5.086458333,1.1656625,2000,1.024652138,-0.922100952,1.94675309,0.000568519,1392,10.2044654846192,192.376216414213
"US_SRR",2018,2,0.338771915,NA,0.420652143,0,0.009,500,5.075,1.17345,2000,1.199517593,-0.671470045,1.870987638,0.000134254,1393,11.0273834228516,200.623966469288
"US_SRR",2018,3,0.412859147,NA,0.418785714,0,0.009,500,5.213541667,1.1812375,2000,1.421475555,-0.428953161,1.850428715,0.000107576,1394,11.1534973144531,122.537297390699
"US_SRR",2018,4,-0.031562891,NA,0.416919286,0,0.009,500,4.932291667,1.189025,2000,1.374196016,-0.73899335,2.113189367,0.000964035,1395,11.9987312316895,111.691557065964
"US_SRR",2018,5,-2.090397391,NA,0.415052857,0,0.009,500,4.747916667,1.1968125,2000,1.790011005,-0.387108657,2.177119662,0.00088024,1396,14.9322410583496,112.140865934372
"US_SRR",2018,6,-4.884327225,NA,0.413186429,0,0.009,500,4.773958333,1.2046,2000,1.512115957,-0.51750824,2.029624197,0.001318737,1397,12.4101844787598,139.046136685491
"US_SRR",2018,7,-8.066632259,NA,0.41132,0,0.009,500,4.778125,1.2123875,2000,1.375988337,-0.352685319,1.728673657,-0.000338855,1398,9.88068161010744,191.126159554005
"US_SRR",2018,8,-2.563197575,NA,0.410267857,0,0.009,500,4.65,1.220175,2000,1.694766542,-0.218945482,1.913712025,-0.000256806,1399,10.1540237426758,52.0933667153119
"US_SRR",2018,9,-0.130481001,NA,0.409215714,0,0.009,500,4.022916667,1.2279625,2000,2.080795556,-0.094593752,2.175389308,0.000233528,1400,13.265340423584,60.6302731423377
"US_SRR",2018,10,-3.865045028,NA,0.408163571,0,0.009,500,3.440625,1.23575,2000,1.836406222,-0.159048757,1.995454979,0.000513162,1401,11.1315818786621,83.456154403448
"US_SRR",2018,11,-7.284256906,NA,0.407111429,0,0.009,500,3.222916667,1.2435375,2000,1.322707351,-0.714339609,2.03704696,0.000818834,1402,11.6335960388184,101.108286175609
"US_SRR",2018,12,-9.720064672,NA,0.406059286,0,0.009,500,3.096875,1.251325,2000,1.210363043,-0.625655559,1.836018602,0.000119598,1403,11.2709365844727,164.607917943954
"US_SRR",2018,13,-11.32449411,NA,0.405007143,0,0.009,500,3.027083333,1.2591125,2000,1.388388217,-0.415447919,1.803836136,-0.000200693,1404,10.2683616638184,225.625217077255
"US_SRR",2018,14,-12.35852281,NA,0.403955,0,0.009,500,2.858333333,1.2669,2000,1.464048663,-0.444298485,1.908347147,-0.0000164,1405,9.49445877075198,222.528978908539
"US_SRR",2018,15,-11.92205678,NA,0.402902857,0,0.009,500,2.710416667,1.2746875,2000,1.489761694,-0.270768994,1.760530687,-0.000511796,1406,9.77069244384768,203.675719604492
"US_SRR",2018,16,-10.23786449,NA,0.401850714,0,0.009,500,2.523958333,1.282475,2000,1.566226237,-0.484938329,2.051164567,0.000150937,1407,11.9420715332031,165.90691383481
"US_SRR",2018,17,-10.99089886,NA,0.400798571,0,0.009,500,2.3625,1.2902625,2000,1.637308408,-0.30963839,1.946946798,-0.000267412,1408,12.1928764343262,124.258916220426
"US_SRR",2018,18,-9.780114856,NA,0.399746429,0,0.009,500,2.270833333,1.29805,2000,1.669024564,-0.348441452,2.017466016,-0.000146656,1409,11.8484169006348,141.639685936451
"US_SRR",2018,19,-10.09612578,NA,0.398694286,0,0.009,500,2.238541667,1.3058375,2000,1.041691037,-0.81310834,1.854799377,0.000302227,1410,10.7453590393067,205.530794416785
"US_SRR",2018,20,-12.81090086,NA,0.397642143,0,0.009,500,2.303125,1.313625,2000,0.861975732,-0.928707482,1.790683214,-0.0000877,1411,7.84431228637698,278.964200642109
"US_SRR",2018,21,-14.54951839,NA,0.39659,0,0.009,500,2.257291667,1.3214125,2000,1.067155564,-0.742093696,1.80924926,-0.0000866,1412,7.38696441650393,262.330805042744
"US_SRR",2018,22,-9.267078514,NA,0.394058571,0,0.009,500,2.246875,1.3292,2000,1.430396567,-0.366925058,1.797321626,-0.000666499,1413,10.9630752563477,191.855727510452
"US_SRR",2018,23,-10.18227373,NA,0.391527143,0,0.009,500,2.265625,1.322773333,2000,0.911384733,-0.847592302,1.758977035,0.0000274,1414,10.4651924133301,207.657238215446
"US_SRR",2018,24,-10.41147793,NA,0.388995714,0,0.009,500,2.086458333,1.316346667,2000,1.369293544,-0.351462302,1.720755846,-0.000936739,1415,9.08548507690432,221.109877056122
"US_SRR",2018,25,-8.711221578,NA,0.386464286,0,0.009,500,2.048958333,1.30992,2000,0.975110974,-0.770458866,1.745569839,-0.000085,1416,9.63733062744143,200.548338989019
"US_SRR",2018,26,-10.75926225,NA,0.383932857,0,0.009,500,2.021875,1.303493333,2000,0.772188392,-0.880469085,1.652657477,-0.000287841,1417,8.2958808898926,255.012818195343
"US_SRR",2018,27,-12.09860939,NA,0.381401429,0,0.009,500,1.970833333,1.297066667,2000,0.589426077,-1.240505515,1.829931593,-0.0000748,1418,8.78341445922854,255.293084843636
"US_SRR",2018,28,-12.35391136,NA,0.37887,0,0.009,500,1.971875,1.29064,2000,0.897729213,-0.939763839,1.837493052,0.000198606,1419,10.8625846862793,283.052487668037
"US_SRR",2018,29,-7.048667618,NA,0.376338571,0,0.009,500,1.91875,1.284213333,2000,1.228829984,-0.630605069,1.859435053,-0.000350967,1420,10.4321075439453,240.964072546959
"US_SRR",2018,30,-0.681878514,NA,0.373807143,0,0.009,500,1.953125,1.277786667,2000,0.911608044,-0.978699596,1.89030764,0.000214091,1421,10.6711250305176,243.659931301594
"US_SRR",2018,31,0.297218201,NA,0.371275714,0,0.009,500,1.978125,1.27136,2000,0.945313574,-1.069031027,2.014344602,0.000519261,1422,11.3534408569336,316.80862885189
"US_SRR",2018,32,-0.361205463,NA,0.368744286,0,0.009,500,2.005208333,1.264933333,2000,1.1228052,-1.097781012,2.220586212,0.000997599,1423,12.5886207580567,299.788205749512
"US_SRR",2018,33,-2.332625138,NA,0.366212857,0,0.009,500,2.020833333,1.258506667,2000,1.201225778,-1.080102101,2.281327878,0.001193833,1424,14.1314521789551,308.876731808662
"US_SRR",2018,34,-5.846853131,NA,0.363681429,0,0.009,500,1.982291667,1.25208,2000,1.177520123,-1.164120702,2.341640824,0.001590621,1425,16.2885757446289,322.800921782493
"US_SRR",2018,35,-8.691356875,NA,0.36115,0,0.009,500,2.020833333,1.245653333,2000,1.239842132,-1.138714848,2.37855698,0.001681679,1426,16.8276000976563,299.183195987701
"US_SRR",2018,36,-10.73483677,NA,0.359076429,0,0.009,500,2.1,1.239226667,2000,1.236114428,-1.200279087,2.436393514,0.001707643,1427,14.4389053344727,312.222100479126
"US_SRR",2018,37,-12.36115792,NA,0.357002857,0,0.009,500,2.253125,1.2328,2000,1.229837629,-1.491628922,2.721466551,0.000903131,1428,15.3775993347168,342.704069408417
"US_SRR",2018,38,-13.86793613,NA,0.354929286,0,0.009,500,2.25625,1.281110714,2000,0.994722326,-1.397368784,2.39209111,0.001794157,1429,16.235440826416,350.609259605408
"US_SRR",2018,39,-15.04583189,NA,0.352855714,0,0.009,500,2.211458333,1.329421429,2000,1.050236517,-1.452073058,2.502309575,0.001624734,1430,15.5746437072754,347.312839037895
"US_SRR",2018,40,-15.93928742,NA,0.350782143,0,0.009,500,2.095833333,1.377732143,2000,1.200860149,-1.381255769,2.582115918,0.001486781,1431,14.7680679321289,348.122485699654
"US_SRR",2018,41,-16.53538051,NA,0.348708571,0,0.009,500,2.117708333,1.426042857,2000,1.004459402,-1.671104848,2.67556425,0.002167414,1432,14.0371757507324,346.827926417351
"US_SRR",2018,42,-17.1705949,NA,0.346635,0,0.009,500,2.144791667,1.474353571,2000,0.98850973,-0.989802115,1.978311845,0.000431339,1433,12.5245185852051,353.54089392662
"US_SRR",2018,43,-17.49086255,NA,0.344561429,0,0.009,500,2.177083333,1.522664286,2000,0.653021139,-1.301155178,1.954176317,0.001035423,1434,9.49032363891604,327.956880357742
"US_SRR",2018,44,-18.49154693,NA,0.342487857,0,0.009,500,2.31875,1.570975,2000,0.667081792,-1.398547722,2.065629514,0.000810582,1435,9.9433303833008,371.744669019699
"US_SRR",2018,45,-18.63744101,NA,0.340414286,0,0.009,500,2.31875,1.619285714,2000,0.583436534,-1.285147069,1.868583602,0.00107836,1436,11.0798927307129,354.297167217255
"US_SRR",2018,46,-19.34821222,NA,0.338340714,0,0.009,500,2.314583333,1.667596429,2000,0.566532795,-1.441028099,2.007560894,-0.000240984,1437,10.1912399291992,381.060088356018
"US_SRR",2018,47,-20.36328837,NA,0.336267143,0,0.009,500,2.301041667,1.715907143,2000,0.544171827,-1.434861803,1.979033629,0.000424057,1438,10.3508621215821,396.261021623611
"US_SRR",2018,48,-21.08931283,NA,0.334193571,0,0.009,500,2.251041667,1.764217857,2000,0.776542638,-1.402793018,2.179335655,0.001418188,1439,11.0091758728028,395.620432302475
"US_SRR",2018,49,-21.48503594,NA,0.33212,0,0.009,500,2.3375,1.812528571,2000,0.729922227,-1.181023172,1.910945399,0.001373895,1440,12.8119140625,371.188601312637
"US_SRR",2018,50,-22.38604208,NA,0.328875714,0,0.009,500,2.220833333,1.860839286,2000,0.608535152,-0.942990806,1.551525958,-0.000183541,1441,7.3917175292969,409.606889698546
"US_SRR",2018,51,-23.5257287,NA,0.325631429,0,0.009,500,2.070833333,1.90915,2000,0.504923064,-1.013840493,1.518763557,-0.000624378,1442,5.49345550537112,406.813161958858
"US_SRR",2018,52,-24.35462394,NA,0.322387143,0,0.009,500,1.94375,1.957460714,2000,0.479838112,-1.116417399,1.596255511,-0.00028952,1443,7.4119812011719,409.718111949213
"US_SRR",2018,53,-24.82575184,NA,0.319142857,0,0.009,500,2.115625,2.005771429,2000,0.431746997,-1.151371165,1.583118162,0.001586084,1444,8.23881683349612,424.376323715184
"US_SRR",2018,54,-25.76395362,NA,0.315898571,0,0.009,500,2.008333333,2.054082143,2000,0.41073849,-1.162134286,1.572872776,-0.000310764,1445,6.69287261962893,423.037274867155
"US_SRR",2018,55,-26.38928634,NA,0.312654286,0,0.009,500,1.810416667,2.102392857,2000,0.494712305,-1.171970024,1.666682329,0.001016517,1446,6.25453720092776,432.975496438287
"US_SRR",2018,56,-26.68153057,NA,0.30941,0,0.009,500,1.894791667,2.150703571,2000,0.634165502,-1.166976119,1.801141622,0.001920771,1447,8.63413009643557,390.824806181148
"US_SRR",2018,57,-16.2666496,NA,0.306165714,0,0.009,500,1.854166667,2.199014286,2000,0.87426919,-0.877348191,1.751617381,0.000508226,1448,10.8725105285645,267.807061991747
"US_SRR",2018,58,-8.346765101,NA,0.302921429,0,0.009,500,1.808333333,2.247325,2000,0.458191278,-1.292250407,1.750441686,0.000174679,1449,8.7426811218262,398.685519928664
"US_SRR",2018,59,-6.557725691,NA,0.299677143,0,0.009,500,1.761458333,2.295635714,2000,0.702420293,-1.033734279,1.736154571,0.00032412,1450,7.76760253906252,377.812577995688
"US_SRR",2018,60,-0.136460681,NA,0.296432857,0,0.009,500,1.723958333,2.343946429,2000,0.797492917,-1.071971696,1.869464614,0.001635655,1451,11.2510848999024,166.035927467756
"US_SRR",2018,61,-0.531068938,NA,0.293188571,0,0.009,500,1.822916667,2.392257143,2000,0.949794749,-0.620720566,1.570515315,-0.000317135,1452,9.28397521972659,321.048175626516
"US_SRR",2018,62,-2.199501228,NA,0.289944286,0,0.009,500,1.742708333,2.440567857,2000,0.694377081,-0.793455958,1.487833039,-0.000950923,1453,7.8759475708008,371.940403910577
"US_SRR",2018,63,-5.265506538,NA,0.2867,0,0.009,500,1.754166667,2.488878571,2000,0.357415435,-1.208657015,1.56607245,0.0000212,1454,7.07268676757815,316.532817177266
"US_SRR",2018,64,-8.07078763,NA,0.2867,0,0.009,500,1.741666667,2.537189286,2000,0.199965643,-1.510112108,1.71007775,0.00085995,1455,9.26846847534182,436.983698372066
"US_SRR",2018,65,-10.21125998,NA,0.2867,0,0.009,500,1.61875,2.5855,2000,0.326035842,-1.558901977,1.884937819,0.001820634,1456,10.7228218078614,465.712916735232
"US_SRR",2018,66,-11.83940543,NA,0.2867,0,0.009,500,1.522916667,2.56105,2000,0.705941169,-1.483948752,2.189889921,0.00313878,1457,13.2467323303223,319.179743295968
"US_SRR",2018,67,-12.86831593,NA,0.2867,0,0.009,500,1.604166667,2.5366,2000,0.602752526,-1.874131893,2.476884419,0.002983955,1458,14.3524871826172,357.949491363645
"US_SRR",2018,68,-14.10504567,NA,0.2867,0,0.009,500,1.4875,2.51215,2000,0.697865579,-1.760001283,2.457866862,0.003302349,1459,13.1369377136231,360.462960397243
"US_SRR",2018,69,-15.15772287,NA,0.2867,0,0.009,500,1.496875,2.4877,2000,0.869331439,-1.51528372,2.384615159,0.001490767,1460,13.1098609924317,270.694210905373
"US_SRR",2018,70,-16.12328929,NA,0.2867,0,0.009,500,1.40625,2.46325,2000,0.013161816,-2.469980259,2.483142074,0.002950964,1461,11.8192687988281,378.906951949596
"US_SRR",2018,71,-16.58093757,NA,0.2867,0,0.009,500,1.335416667,2.4388,2000,0.316058047,-2.50664682,2.822704867,0.002887195,1462,14.4908004760742,440.951884539604
"US_SRR",2018,72,-12.03440384,NA,0.2867,0,0.009,500,1.444791667,2.41435,2000,1.732206191,-1.031100272,2.763306464,0.002355533,1463,16.128751373291,190.983799546301
"US_SRR",2018,73,-8.783028422,NA,0.2867,0,0.009,500,1.502083333,2.3899,2000,1.205139626,-1.114030098,2.319169724,0.000988559,1464,11.4549537658692,268.905864210367
"US_SRR",2018,74,-8.593908349,NA,0.2867,0,0.009,500,1.541666667,2.36545,2000,0.788036609,-1.268690031,2.05672664,0.000715513,1465,9.73781738281252,335.292661394954
"US_SRR",2018,75,-4.920306661,NA,0.2867,0,0.009,500,1.583333333,2.341,2000,0.68375587,-1.408271778,2.092027649,0.002346601,1466,10.5075813293457,297.888641304552
"US_SRR",2018,76,-6.809784438,NA,0.2867,0,0.009,500,1.642708333,2.31655,2000,0.50318197,-1.407622075,1.910804045,0.000830758,1467,9.04020462036135,404.895795653582
"US_SRR",2018,77,-9.275237231,NA,0.2867,0,0.009,500,1.677083333,2.2921,2000,0.199739931,-1.745357336,1.945097267,0.001727348,1468,8.71560058593752,409.989469335318
"US_SRR",2018,78,-11.67775135,NA,0.2867,0,0.009,500,1.744791667,2.26765,2000,-0.141707937,-2.304637682,2.162929745,0.002979277,1469,10.7135215759278,453.13220056653
"US_SRR",2018,79,-14.63277784,NA,0.2867,0,0.009,500,1.758333333,2.2432,2000,1.616115477,-0.680372218,2.296487695,0.001470312,1470,12.8964782714844,326.221914909124
"US_SRR",2018,80,-21.12833278,NA,0.2867,0,0.009,500,1.777083333,2.21875,2000,0.859757575,-1.754525983,2.614283558,0.00272155,1471,13.9457870483399,155.617257723689
"US_SRR",2018,81,1.040168201,NA,0.2867,0,0.009,500,1.867708333,2.1943,2000,0.649470693,-2.032428082,2.681898775,0.002078995,1472,15.460294342041,190.645703104168
"US_SRR",2018,82,-3.682512738,NA,0.2867,0,0.009,500,1.847916667,2.16985,2000,0.00637855,-2.309035492,2.315414042,0.00364502,1473,9.72602996826174,493.525691103697
"US_SRR",2018,83,-10.70473567,NA,0.2867,0,0.009,500,1.755208333,2.1454,2000,0.469201385,-1.864149189,2.333350574,0.001843322,1474,10.9953285217285,438.714233827352
"US_SRR",2018,84,-8.285904113,NA,0.2867,0,0.009,500,1.70625,2.12095,2000,0.143791858,-2.101189211,2.244981069,0.002037394,1475,9.4727493286133,530.386976182461
"US_SRR",2018,85,-10.68076627,NA,0.2867,0,0.009,500,1.6875,2.0965,2000,-0.139822195,-2.865299329,2.725477135,0.003144467,1476,10.6529365539551,559.432024750709
"US_SRR",2018,86,-12.56836906,NA,0.2867,0,0.009,500,1.654166667,2.07205,2000,0.051753291,-3.245376835,3.297130126,0.004019079,1477,13.9612899780274,570.113178616524
"US_SRR",2018,87,-13.83433843,NA,0.2867,0,0.009,500,1.582291667,2.0476,2000,-0.377151001,-4.031921915,3.654770914,0.00321996,1478,15.7135787963867,565.820277875423
"US_SRR",2018,88,-14.606224,NA,0.2867,0,0.009,500,1.553125,2.02315,2000,0.319565993,-3.766545294,4.086111286,0.003156855,1479,17.8518844604492,573.64983832407
"US_SRR",2018,89,-15.15002023,NA,0.2867,0,0.009,500,1.546875,1.9987,2000,-0.051794104,-4.27925884,4.227464736,0.002591929,1480,17.8076377868653,566.060498870849
"US_SRR",2018,90,-15.59570915,NA,0.2867,0,0.009,500,1.552083333,1.97425,2000,0.922360247,-3.35484808,4.277208327,0.001604426,1481,17.1935668945313,520.457654714584
"US_SRR",2018,91,-15.22740135,NA,0.2867,0,0.009,500,1.565625,1.9498,2000,0.429877707,-3.872451533,4.302329239,0.002351679,1482,15.0980545043946,581.27923250246
"US_SRR",2018,92,-13.4554395,NA,0.2867,0,0.009,500,1.60625,1.92535,2000,0.912638384,-3.355830047,4.268468432,0.002819525,1483,15.7772613525391,575.393694882393
"US_SRR",2018,93,-15.27351584,NA,0.2867,0,0.009,500,1.625,1.9009,2000,0.264509942,-4.025578565,4.290088507,0.001985042,1484,14.5937705993653,599.892268795013
"US_SRR",2018,94,-17.40253557,NA,0.2867,0,0.009,500,1.658333333,1.879367857,2000,0.660454897,-3.601081744,4.261536641,0.002996752,1485,15.0292068481446,573.316193768501
"US_SRR",2018,95,-18.2533732,NA,0.2867,0,0.009,500,1.7125,1.857835714,2000,1.386716798,-2.455559387,3.842276185,0.001475051,1486,14.1872840881348,394.219106621265
"US_SRR",2018,96,-5.375218478,NA,0.2867,0,0.009,500,1.573958333,1.836303571,2000,0.969094623,-2.909207957,3.878302581,-0.000382114,1487,14.1889358520508,133.685546439469
"US_SRR",2018,97,-1.604016237,NA,0.2867,0,0.009,500,1.55,1.814771429,2000,0.565634485,-3.548748118,4.114382603,0.002064242,1488,16.4182106018067,290.833132963836
"US_SRR",2018,98,-5.17758496,NA,0.2867,0,0.009,500,1.515625,1.793239286,2000,-0.723061237,-4.861520165,4.138458928,0.001918887,1489,14.000577545166,583.05422016716
"US_SRR",2018,99,-8.359839319,NA,0.2867,0,0.009,500,1.395833333,1.771707143,2000,-1.233510327,-5.852424981,4.618914654,0.002677622,1490,14.5830207824707,610.755793103218
"US_SRR",2018,100,-10.87895721,NA,0.2867,0,0.009,500,1.326041667,1.750175,2000,-0.169276262,-4.714077233,4.544800971,0.000289703,1491,18.082837677002,547.572005652427
"US_SRR",2018,101,-12.64585153,NA,0.2867,0,0.009,500,1.271875,1.728642857,2000,0.035636052,-3.769013735,3.804649787,0.001250014,1492,12.9849754333496,387.951002047539
"US_SRR",2018,102,-14.00146544,NA,0.2867,0,0.009,500,1.220833333,1.707110714,2000,-0.780443269,-4.28363873,3.503195461,0.003296232,1493,11.4745994567871,513.940437279701
"US_SRR",2018,103,-15.93442259,NA,0.2867,0,0.009,500,1.184375,1.685578571,2000,-0.461119963,-4.34755611,3.886436146,0.003487954,1494,12.2090087890625,599.491902989387
"US_SRR",2018,104,-17.72832683,NA,0.2867,0,0.009,500,1.125,1.664046429,2000,-1.257853938,-5.717108553,4.459254615,0.004023463,1495,14.8034187316895,637.705557330131
"US_SRR",2018,105,-18.61732293,NA,0.2867,0,0.009,500,1.115625,1.642514286,2000,-0.313117035,-4.382095506,4.068978471,0.00231122,1496,15.5483795166016,639.649596791267
"US_SRR",2018,106,-6.075550583,NA,0.2867,0,0.009,500,1.196875,1.620982143,2000,-0.37931519,-3.672271371,3.292956182,0.000950971,1497,10.8671356201172,441.445694066048
"US_SRR",2018,107,-8.491797698,NA,0.2867,0,0.009,500,1.167708333,1.59945,2000,-2.731425707,-5.945009588,3.213583881,0.003000203,1498,10.3068214416504,554.280544869423
"US_SRR",2018,108,-10.71395856,NA,0.2867,0,0.009,500,1.153125,1.577917857,2000,-0.748306446,-4.208146358,3.459839913,0.001240312,1499,11.6304908752442,439.136860294342
"US_SRR",2018,109,-9.252737416,NA,0.2867,0,0.009,500,1.190625,1.556385714,2000,-0.930045906,-4.52168059,3.591634684,0.002546947,1500,12.0992141723633,597.988253314018
"US_SRR",2018,110,-12.75672901,NA,0.2867,0,0.009,500,1.194791667,1.534853571,2000,-1.045774039,-5.300553563,4.254779524,0.004346526,1501,14.7029396057129,661.114215916633
"US_SRR",2018,111,-15.28436034,NA,0.2867,0,0.009,500,1.153125,1.513321429,2000,-1.66393986,-6.390353879,4.726414019,0.002178529,1502,16.3729377746582,657.417383173942
"US_SRR",2018,112,-17.51199414,NA,0.2867,0,0.009,500,1.075,1.491789286,2000,-0.976239673,-6.198302576,5.222062902,0.002561359,1503,18.0613342285156,664.837697039604
"US_SRR",2018,113,-19.75787103,NA,0.2867,0,0.009,500,1.108333333,1.470257143,2000,-0.473550253,-6.020575818,5.547025564,0.002943467,1504,19.4313179016114,662.560011510849
"US_SRR",2018,114,-21.54685976,NA,0.2867,0,0.009,500,1.141666667,1.448725,2000,-0.619701454,-5.705402062,5.085700608,0.003004704,1505,17.6813064575196,655.397719004631
"US_SRR",2018,115,-22.72130961,NA,0.2867,0,0.009,500,1.204166667,1.427192857,2000,-0.982043109,-5.702418844,4.720375735,0.003824187,1506,15.3395553588867,634.996345656395
"US_SRR",2018,116,-22.49114257,NA,0.2867,0,0.009,500,1.230208333,1.405660714,2000,-1.656079503,-6.059648476,4.403568973,0.006184916,1507,14.3907333374024,627.722830738067
"US_SRR",2018,117,-17.59145295,NA,0.2867,0,0.009,500,1.242708333,1.384128571,2000,-1.152171169,-5.407967665,4.255796497,0.000779425,1508,14.0915542602539,591.742370340347
"US_SRR",2018,118,-18.90976986,NA,0.2867,0,0.009,500,1.222916667,1.362596429,2000,-1.020250185,-5.131243911,4.110993726,0.003688908,1509,14.2226310729981,548.061350597381
"US_SRR",2018,119,-10.11401415,NA,0.2867,0,0.009,500,1.21875,1.341064286,2000,-1.812467368,-6.048431024,4.235963656,0.003828362,1510,14.0659156799317,463.97795802784
"US_SRR",2018,120,-10.21865856,NA,0.2867,0,0.009,500,1.215625,1.319532143,2000,-2.22338548,-6.55505463,4.33166915,0.002712956,1511,14.0847259521485,487.075203739166
"US_SRR",2018,121,-14.16453843,NA,0.2867,0,0.009,500,1.241666667,1.298,2000,-1.735094853,-6.266858772,4.531763919,0.005321769,1512,14.7558685302735,630.2941353302
"US_SRR",2018,122,-8.658012554,NA,0.2867,0,0.009,500,1.257291667,1.300636,2000,-2.048138528,-6.632750091,4.584611564,0.006015165,1513,16.0146156311035,689.122729082107
"US_SRR",2018,123,-12.46108953,NA,0.2867,0,0.009,500,1.30625,1.303272,2000,-2.399976519,-6.843704821,4.443728302,0.003643906,1514,15.5316291809082,657.608682779312
"US_SRR",2018,124,-16.60739006,NA,0.2867,0,0.009,500,1.29375,1.305908,2000,-1.630876663,-6.493660899,4.862784237,0.002726662,1515,15.7164741516114,659.014446329117
"US_SRR",2018,125,-20.25611019,NA,0.2867,0,0.009,500,1.282291667,1.308544,2000,-1.716833676,-6.566002368,4.849168692,0.003798671,1516,17.2899070739746,532.953840889931
"US_SRR",2018,126,-23.34785853,NA,0.2867,0,0.009,500,1.348958333,1.31118,2000,-2.391443645,-7.010124584,4.618680938,0.00656174,1517,15.0769592285156,600.350460456848
"US_SRR",2018,127,-26.34641507,NA,0.2867,0,0.009,500,1.355208333,1.313816,2000,-0.787210874,-5.890807089,5.103596215,0.005049008,1518,16.8666740417481,682.28963721466
"US_SRR",2018,128,-29.22122262,NA,0.2867,0,0.009,500,1.342708333,1.316452,2000,-1.187367921,-6.367700327,5.180332405,0.008409616,1519,18.0015769958496,693.620279323578
"US_SRR",2018,129,-31.79927584,NA,0.2867,0,0.009,500,1.346875,1.319088,2000,-1.336068448,-6.486194889,5.150126441,0.007982268,1520,17.3827529907227,678.824150234222
"US_SRR",2018,130,-33.89844785,NA,0.2867,0,0.009,500,1.361458333,1.321724,2000,-1.906732189,-7.15507631,5.248344121,0.007651192,1521,16.7556434631348,689.785563692093
"US_SRR",2018,131,-35.73471661,NA,0.2867,0,0.009,500,1.338541667,1.32436,2000,-0.863505244,-6.630065821,5.766560577,0.003279989,1522,18.1407257080078,676.822301214736
"US_SRR",2018,132,-37.17764398,NA,0.2867,0,0.009,500,1.310416667,1.326996,2000,-1.158984198,-6.77842613,5.619441932,0.006481825,1523,23.3252235412598,736.927612390164
"US_SRR",2018,133,-9.398074064,NA,0.2867,0,0.009,500,1.305208333,1.329632,2000,-3.719519009,-8.614345649,4.89482664,0.005212509,1524,16.4783836364746,636.740194154385
"US_SRR",2018,134,-4.297305003,NA,0.2867,0,0.009,500,1.346875,1.332268,2000,-4.596211076,-9.221811872,4.625600796,0.007504171,1525,14.574536895752,642.407738431223
"US_SRR",2018,135,-1.170945457,NA,0.2867,0,0.009,500,1.4625,1.334904,2000,-5.211026962,-9.822444669,4.611417707,0.004948068,1526,14.7585540771485,581.844190740395
"US_SRR",2018,136,-0.287726335,NA,0.2867,0,0.009,500,1.589583333,1.33754,2000,-3.606085077,-8.091766048,4.485680971,0.000838218,1527,14.9433952331543,500.71467190203
"US_SRR",2018,137,-0.361306814,NA,0.2867,0,0.009,500,1.665625,1.340176,2000,-3.887272189,-8.638233821,4.750961632,0.004579264,1528,15.0889602661133,526.062922004674
"US_SRR",2018,138,-0.226561295,NA,0.2867,0,0.009,500,1.708333333,1.342812,2000,-4.594668823,-9.434801737,4.840132914,0.006555624,1529,16.0175148010254,665.109063942965
"US_SRR",2018,139,-1.276451351,NA,0.2867,0,0.009,500,1.696875,1.345448,2000,-4.851746764,-9.602442744,4.75069598,0.00668706,1530,15.6496902465821,705.996361151792
"US_SRR",2018,140,-5.123919859,NA,0.2867,0,0.009,500,1.633333333,1.348084,2000,-4.944751703,-9.652600399,4.707848696,0.006264307,1531,14.9429870605469,679.509259728297
"US_SRR",2018,141,-9.196589227,NA,0.2867,0,0.009,500,1.60625,1.35072,2000,-3.889579561,-8.889951276,5.000371715,0.006656908,1532,15.5458923339844,679.544835932761
"US_SRR",2018,142,-12.64362182,NA,0.2867,0,0.009,500,1.623958333,1.353356,2000,-4.009010509,-9.001521781,4.992511272,0.006712866,1533,16.0942245483399,637.042713175327
"US_SRR",2018,143,-15.39989994,NA,0.2867,0,0.009,500,1.619791667,1.355992,2000,-3.005600688,-7.652334973,4.646734285,0.005907795,1534,15.134236907959,581.568384669021
"US_SRR",2018,144,-17.87133241,NA,0.2867,0,0.009,500,1.679166667,1.358628,2000,-4.660184283,-9.236115984,4.575931701,0.008722221,1535,14.5230575561524,626.646288208216
"US_SRR",2018,145,-19.16704816,NA,0.2867,0,0.009,500,1.732291667,1.361264,2000,-1.117358478,-5.558737344,4.441378866,0.003792762,1536,14.2007232666016,405.896747748405
"US_SRR",2018,146,-20.72602188,NA,0.2867,0,0.009,500,1.78125,1.3639,2000,-3.350947865,-8.116211599,4.765263734,0.004311465,1537,14.8569732666016,329.883132260039
"US_SRR",2018,147,-22.03526793,NA,0.2867,0,0.009,500,1.847916667,1.366536,2000,-2.304350715,-7.869597362,5.565246647,0.004921641,1538,17.5897155761719,616.13418766664
"US_SRR",2018,148,-10.41872449,NA,0.2867,0,0.009,500,1.953125,1.369172,2000,-1.466812342,-7.807028911,6.340216569,0.003138542,1539,21.7809349060059,726.891531481176
"US_SRR",2018,149,-4.169755371,NA,0.2867,0,0.009,500,2.063541667,1.371808,2000,-2.948325951,-9.378351086,6.430025136,0.003030186,1540,23.8795372009278,739.067400819212
"US_SRR",2018,150,-1.475858502,NA,0.2867,0,0.009,500,2.192708333,1.374444,2000,-7.446879771,-12.59218299,5.145303218,0.007693527,1541,18.1899353027344,714.960338332742
"US_SRR",2018,151,-0.85878585,NA,0.2867,0,0.009,500,2.29375,1.37708,2000,-6.369994184,-11.24434987,4.874355681,0.00645147,1542,14.6675849914551,716.819843421876
"US_SRR",2018,152,-5.56991283,NA,0.2867,0,0.009,500,2.242708333,1.379716,2000,-3.680569891,-9.194047924,5.513478033,0.004209824,1543,15.8471427917481,740.188446275174
"US_SRR",2018,153,-10.46443358,NA,0.2867,0,0.009,500,2.271875,1.382352,2000,-1.343740574,-7.956035415,6.612294841,0.00359568,1544,21.6393028259278,742.083572095513
"US_SRR",2018,154,-15.8928182,NA,0.2867,0,0.009,500,2.263541667,1.384988,2000,-1.463766252,-8.41417459,6.950408339,0.004229419,1545,23.8503890991211,746.621166477799
"US_SRR",2018,155,-21.44530654,NA,0.2867,0,0.009,500,2.220833333,1.387624,2000,-3.112417225,-9.254579461,6.142162236,0.005420175,1546,21.7699752807617,751.630306102544
"US_SRR",2018,156,-26.41102603,NA,0.2867,0,0.009,500,2.225,1.39026,2000,-3.582926656,-9.252855631,5.669928975,0.004928373,1547,17.433610534668,747.45750940144
"US_SRR",2018,157,-30.50158376,NA,0.2867,0,0.009,500,2.25,1.392896,2000,-4.519679629,-10.03328745,5.513607821,0.005701422,1548,16.0656944274903,729.832075718224
"US_SRR",2018,158,-33.8842081,NA,0.2867,0,0.009,500,2.263541667,1.395532,2000,-5.926228551,-11.51161395,5.585385394,0.005965851,1549,15.8998695373535,744.872845369488
"US_SRR",2018,159,-37.41713527,NA,0.2867,0,0.009,500,2.214583333,1.398168,2000,-3.454236269,-9.180443506,5.726207237,0.004325308,1550,17.3273292541504,752.061840532303
"US_SRR",2018,160,-39.88912517,NA,0.2867,0,0.009,500,2.241666667,1.400804,2000,-4.441100419,-9.859924563,5.418824144,0.009635623,1551,18.1006141662598,700.035187884807
"US_SRR",2018,161,-41.94836507,NA,0.2867,0,0.009,500,2.297916667,1.40344,2000,-3.570475165,-8.9650668,5.394591635,0.004547528,1552,17.3635154724121,745.918283253848
"US_SRR",2018,162,-36.37134991,NA,0.2867,0,0.009,500,2.3875,1.406076,2000,-1.913810432,-7.883350839,5.969540407,0.003611475,1553,18.803598022461,751.950622026324
"US_SRR",2018,163,-3.963861786,NA,0.2867,0,0.009,500,2.596875,1.408712,2000,-2.67445278,-9.297500125,6.623047346,0.00303298,1554,22.4148574829102,756.154565930843
"US_SRR",2018,164,0.038064917,NA,0.2867,0,0.009,500,2.891666667,1.411348,2000,-4.266318835,-10.61168572,6.345366885,0.004048393,1555,21.8442054748535,758.227613740623
"US_SRR",2018,165,1.477343677,NA,0.2867,0,0.009,500,3.113541667,1.413984,2000,-5.28567052,-10.93198516,5.646314638,0.004385842,1556,20.3987442016602,753.009394653678
"US_SRR",2018,166,2.398417219,NA,0.2867,0,0.009,500,3.351041667,1.41662,2000,-6.333084544,-11.47612078,5.143036236,0.004858836,1557,18.5466018676758,752.640155733287
"US_SRR",2018,167,1.92749202,NA,0.29753,0,0.009,500,3.478125,1.419256,2000,-7.168102945,-12.0249846,4.85688166,0.00644829,1558,16.813119506836,718.941845130801
"US_SRR",2018,168,0.977229527,NA,0.301605,0,0.009,500,3.530208333,1.421892,2000,-5.271138217,-10.3377022,5.066563987,0.005630389,1559,16.0127540588379,713.252035408377
"US_SRR",2018,169,-4.643214334,NA,0.30568,0,0.009,500,3.230208333,1.424528,2000,-5.452011407,-10.86388472,5.411873309,0.004276317,1560,18.1798072814942,683.566406276286
"US_SRR",2018,170,-8.915594905,NA,0.309755,0,0.009,500,3.16875,1.427164,2000,-4.625407794,-10.10456885,5.479161053,0.000970289,1561,18.5315032958985,725.192158412814
"US_SRR",2018,171,-12.74304669,NA,0.31383,0,0.009,500,3.159375,1.4298,2000,-4.21523209,-9.520524927,5.305292837,0.0000642,1562,17.68544921875,756.261352553427
"US_SRR",2018,172,-16.98487007,NA,0.317905,0,0.009,500,3.164583333,1.4095,2000,-2.352466495,-8.174095057,5.821628562,0.004059161,1563,17.8039184570313,773.726632228136
"US_SRR",2018,173,-21.95368076,NA,0.32198,0,0.009,500,3.282291667,1.3892,2000,-0.462225345,-7.033752182,6.571526837,0.001767406,1564,20.9663063049317,762.587254947424
"US_SRR",2018,174,-25.5855767,NA,0.326055,0,0.009,500,3.433333333,1.3689,2000,0.278639119,-6.95447949,7.23311861,0.002494044,1565,25.074609375,762.751868875265
"US_SRR",2018,175,-9.857343953,NA,0.33013,0,0.009,500,3.714583333,1.3486,2000,-3.158942459,-9.179557861,6.020615403,0.006451319,1566,23.4670539855957,716.35719070667
"US_SRR",2018,176,-1.173884622,NA,0.334205,0,0.009,500,3.975,1.3283,2000,-6.307230387,-11.82064341,5.513413018,0.003741455,1567,18.3691955566406,686.360124569595
"US_SRR",2018,177,-1.016436587,NA,0.33828,0,0.009,500,4.096875,1.308,2000,-5.225385243,-10.88194976,5.65656452,0.002958007,1568,18.7928405761719,757.649300807714
"US_SRR",2018,178,-0.986132781,NA,0.343100714,0,0.009,500,4.205208333,1.2877,2000,-7.137301581,-12.3544497,5.21714812,0.009732584,1569,17.7786918640137,699.358991913438
"US_SRR",2018,179,-0.282709484,NA,0.347921429,0,0.009,500,4.397916667,1.2674,2000,-5.716962923,-11.17176275,5.454799828,0.004627811,1570,17.4664894104004,750.140031365514
"US_SRR",2018,180,-2.481458379,NA,0.352742143,0,0.009,500,4.361458333,1.2471,2000,-4.146074156,-10.3387433,6.192669148,0.004041933,1571,20.4667716979981,752.417705427885
"US_SRR",2018,181,-5.776313168,NA,0.357562857,0,0.009,500,4.395833333,1.2268,2000,-1.9472554,-8.695186031,6.747930632,0.003685165,1572,24.4291130065918,757.297858912229
"US_SRR",2018,182,-7.365540025,NA,0.362383571,0,0.009,500,4.426041667,1.2065,2000,-4.915252456,-10.83250682,5.917254364,0.006463291,1573,22.1638542175293,724.364703007757
"US_SRR",2018,183,-11.18762023,NA,0.367204286,0,0.009,500,4.401041667,1.1862,2000,-5.273515552,-10.61903005,5.345514498,0.005771001,1574,19.0295845031739,693.428993578672
"US_SRR",2018,184,-15.35626854,NA,0.372025,0,0.009,500,4.422916667,1.1659,2000,-5.255525044,-10.4507087,5.195183659,0.00544884,1575,18.7669998168946,746.674565868795
"US_SRR",2018,185,-20.12754705,NA,0.376845714,0,0.009,500,4.444791667,1.1456,2000,-5.822198569,-10.87803309,5.055834521,0.00726785,1576,18.1748481750489,705.533682818353
"US_SRR",2018,186,-25.51574619,NA,0.381666429,0,0.009,500,4.413541667,1.1253,2000,-2.450528462,-8.192880824,5.742352362,0.004359291,1577,18.1099296569824,728.533071322083
"US_SRR",2018,187,-30.60962342,NA,0.386487143,0,0.009,500,4.320833333,1.105,2000,0.249731519,-6.116183367,6.365914887,0.003111598,1578,22.1284996032715,589.607042740226
"US_SRR",2018,188,-35.65312944,NA,0.391307857,0,0.009,500,4.26875,1.0847,2000,-1.498679612,-7.899728535,6.401048923,0.003235206,1579,23.3024765014649,701.5121504336
"US_SRR",2018,189,-38.91246087,NA,0.396128571,0,0.009,500,4.354166667,1.0644,2000,-1.455932261,-7.607450794,6.151518533,0.002548605,1580,21.9562736511231,746.861386906206
"US_SRR",2018,190,-35.05480663,NA,0.400949286,0,0.009,500,4.457291667,1.0441,2000,-1.160200675,-7.651480124,6.491279449,0.0060207,1581,21.7048469543457,751.616971422553
"US_SRR",2018,191,-5.051859638,NA,0.40577,0,0.009,500,4.686458333,1.0238,2000,-2.402959354,-8.891395929,6.488436575,0.004813498,1582,24.2426124572754,744.877310675502
"US_SRR",2018,192,0.260174586,NA,0.407057857,0,0.009,500,5.101041667,1.0035,2000,-6.033667724,-12.09890354,6.065235812,0.003378161,1583,21.5408874511719,725.405702172994
"US_SRR",2018,193,2.192168907,NA,0.408345714,0,0.009,500,5.438541667,0.9832,2000,-5.997675097,-12.01278257,6.015107471,0.003068929,1584,20.8720222473145,705.386882484972
"US_SRR",2018,194,2.341812953,NA,0.409633571,0,0.009,500,5.635416667,0.9629,2000,-4.444462009,-10.6964151,6.25195309,0.004926652,1585,21.5460525512696,636.277536584079
"US_SRR",2018,195,1.842610958,NA,0.410921429,0,0.009,500,5.713541667,0.9426,2000,-6.406327029,-12.22426868,5.817941648,0.005279807,1586,20.9981437683106,681.818093641758
"US_SRR",2018,196,1.146079497,NA,0.412209286,0,0.009,500,5.757291667,0.9223,2000,-7.339230872,-12.81836423,5.479133355,0.007763154,1587,19.0138717651367,711.7172895298
"US_SRR",2018,197,-0.607335206,NA,0.413497143,0,0.009,500,5.658333333,0.902,2000,-5.819155242,-11.47049821,5.651342971,0.004827161,1588,19.3153282165528,697.588464861095
"US_SRR",2018,198,-5.073447299,NA,0.414785,0,0.009,500,5.561458333,0.8817,2000,-3.085929167,-8.962601289,5.876672122,0.005106269,1589,19.5961090087891,731.326810217082
"US_SRR",2018,199,-9.546501903,NA,0.416072857,0,0.009,500,5.515625,0.873185714,2000,-2.102816304,-8.157584687,6.054768383,0.006179093,1590,20.7204643249512,735.664201724887
"US_SRR",2018,200,-13.81102781,NA,0.417360714,0,0.009,500,5.526041667,0.864671429,2000,-1.723508755,-7.665502642,5.941993887,0.005450087,1591,20.9259887695313,717.629508795261
"US_SRR",2018,201,-17.49760236,NA,0.418648571,0,0.009,500,5.559375,0.856157143,2000,-1.883068266,-7.831467531,5.948399265,0.007104289,1592,21.0665756225586,705.96077380383
"US_SRR",2018,202,-18.00334147,NA,0.419936429,0,0.009,500,5.690625,0.847642857,2000,-1.744828152,-7.805315979,6.060487827,0.001816562,1593,21.7846542358399,633.66175310114
"US_SRR",2018,203,-10.17294948,NA,0.421224286,0,0.009,500,5.697916667,0.839128571,2000,-1.876043427,-7.963727741,6.087684315,0.004620857,1594,20.5271392822266,629.475593873113
"US_SRR",2018,204,-11.2849674,NA,0.422512143,0,0.009,500,5.714583333,0.830614286,2000,-1.616439306,-7.709237966,6.092798661,0.005860185,1595,20.4032989501953,696.992329418927
"US_SRR",2018,205,-9.231859208,NA,0.4238,0,0.009,500,5.78125,0.8221,2000,-0.962745504,-7.098197136,6.135451632,0.00519975,1596,20.0197578430176,712.313392746389
"US_SRR",2018,206,-7.914707827,NA,0.425234286,0,0.009,500,5.8625,0.813585714,2000,-1.438349612,-7.63004913,6.191699518,0.003238578,1597,21.7887931823731,722.434003739297
"US_SRR",2018,207,-6.775173235,NA,0.426668571,0,0.009,500,5.9375,0.805071429,2000,-2.855557897,-8.763658306,5.908100409,0.004777684,1598,21.7503295898438,702.206118859052
"US_SRR",2018,208,-5.379931277,NA,0.428102857,0,0.009,500,5.997916667,0.796557143,2000,-4.139794151,-9.698351962,5.558557811,0.002118186,1599,19.6693016052246,718.198901605993
"US_SRR",2018,209,-2.724750307,NA,0.429537143,0,0.009,500,6.064583333,0.788042857,2000,-4.484680898,-10.02743414,5.542753246,0.001592822,1600,19.4215980529785,718.292336443513
"US_SRR",2018,210,-5.977037876,NA,0.430971429,0,0.009,500,6.060416667,0.779528571,2000,-3.78343418,-9.176994757,5.393560577,0.000751785,1601,19.1672798156739,713.069658602774
"US_SRR",2018,211,-10.7652926,NA,0.432405714,0,0.009,500,6.042708333,0.771014286,2000,-3.024179905,-8.491843846,5.467663941,0.004117128,1602,19.2175308227539,642.385501592532
"US_SRR",2018,212,-15.71479601,NA,0.43384,0,0.009,500,6.041666667,0.7625,2000,-2.561534042,-8.045406836,5.483872794,0.002972338,1603,19.6056190490723,675.220784286871
"US_SRR",2018,213,-21.13421111,NA,0.435274286,0,0.009,500,6.063541667,0.753985714,2000,-2.825984845,-8.222233256,5.396248411,0.005758928,1604,19.4501358032227,696.405112555385
"US_SRR",2018,214,-26.56132885,NA,0.436708571,0,0.009,500,6.044791667,0.745471429,2000,-2.030571705,-7.394003659,5.363431954,0.004654919,1605,18.2587867736817,715.107137894347
"US_SRR",2018,215,-31.6635675,NA,0.438142857,0,0.009,500,6.11875,0.736957143,2000,-1.350462497,-7.082998597,5.7325361,0.002197287,1606,19.2514358520508,718.216737046435
"US_SRR",2018,216,-36.74158336,NA,0.439577143,0,0.009,500,6.067708333,0.728442857,2000,0.272358072,-5.700496277,5.972854349,0.004138913,1607,21.949235534668,699.367891071662
"US_SRR",2018,217,-39.4586895,NA,0.441011429,0,0.009,500,6.0375,0.719928571,2000,-1.107033784,-6.778404074,5.671370289,0.002095067,1608,20.670011138916,707.01063581445
"US_SRR",2018,218,-37.18605608,NA,0.442445714,0,0.009,500,5.816666667,0.711414286,2000,0.134118684,-5.71354241,5.847661094,0.002124961,1609,20.7866264343262,704.110140994645
"US_SRR",2018,219,-11.7987132,NA,0.44388,0,0.009,500,5.307291667,0.7029,2000,-2.364320993,-7.704202848,5.339881855,0.001405594,1610,20.4917922973633,702.321801749639
"US_SRR",2018,220,0.066341713,NA,0.445548571,0,0.009,500,5.053125,0.694385714,2000,-4.436613149,-9.718949563,5.282336414,0.003001248,1611,18.3532806396485,688.722329180527
"US_SRR",2018,221,0.951993247,NA,0.447217143,0,0.009,500,4.980208333,0.685871429,2000,-2.725992763,-8.337613095,5.611620332,0.003037197,1612,20.127889251709,690.128121455356
"US_SRR",2018,222,2.004974494,NA,0.448885714,0,0.009,500,4.79375,0.677357143,2000,-2.849275478,-8.589861219,5.74058574,0.002806755,1613,21.8884521484375,692.432490476254
"US_SRR",2018,223,2.086713689,NA,0.450554286,0,0.009,500,4.844791667,0.668842857,2000,-3.027386113,-8.793178013,5.765791899,0.003935119,1614,22.7434059143067,674.130870248359
"US_SRR",2018,224,1.757071117,NA,0.452222857,0,0.009,500,4.805208333,0.660328571,2000,-2.917964128,-8.488015023,5.570050895,0.003019642,1615,21.1509414672852,662.995958891868
"US_SRR",2018,225,0.834274616,NA,0.453891429,0,0.009,500,4.83125,0.651814286,2000,-4.274726742,-9.437516777,5.162790036,0.006057492,1616,19.6306358337403,655.03292973423
"US_SRR",2018,226,-1.283748588,NA,0.45556,0,0.009,500,4.876041667,0.6433,2000,-4.094934296,-9.104026831,5.009092535,0.006304829,1617,17.6982627868653,631.957940400123
"US_SRR",2018,227,-5.35626593,NA,0.457228571,0,0.009,500,4.876041667,0.644725,2000,-3.524477653,-8.700815264,5.17633761,0.004678613,1618,17.8417526245117,631.824469675064
"US_SRR",2018,228,-9.290997238,NA,0.458897143,0,0.009,500,4.88125,0.64615,2000,-1.861941561,-7.271305814,5.409364253,0.004478287,1619,18.5331550598145,648.511258806229
"US_SRR",2018,229,-13.70922121,NA,0.460565714,0,0.009,500,4.86875,0.647575,2000,-0.202238672,-5.839179249,5.636940577,0.004086185,1620,19.9556671142578,654.757121619224
"US_SRR",2018,230,-18.7916965,NA,0.462234286,0,0.009,500,4.661458333,0.649,2000,0.300420996,-5.474886994,5.77530799,0.002550982,1621,20.7789855957031,664.931132696152
"US_SRR",2018,231,-22.94098686,NA,0.463902857,0,0.009,500,4.651041667,0.650425,2000,-0.340576451,-5.787949616,5.447373165,0.004423032,1622,20.0418830871582,676.261754644394
"US_SRR",2018,232,-24.15947351,NA,0.465571429,0,0.009,500,4.589583333,0.65185,2000,-0.799961916,-5.825596248,5.025634332,0.00126401,1623,18.8763748168946,673.846158001899
"US_SRR",2018,233,-18.34347382,NA,0.46724,0,0.009,500,4.540625,0.653275,2000,-1.956518552,-6.747639165,4.791120613,0.005330355,1624,16.869775390625,604.714576262474
"US_SRR",2018,234,-22.12146654,NA,0.466867143,0,0.009,500,4.525,0.6547,2000,-1.501902175,-6.333529494,4.83162732,0.004997427,1625,17.5028701782227,597.458861204147
"US_SRR",2018,235,-19.47474834,NA,0.466494286,0,0.009,500,4.608333333,0.656125,2000,-1.346917152,-6.13673281,4.789815657,0.006207269,1626,17.4321609497071,595.781732952118
"US_SRR",2018,236,-9.656872621,NA,0.466121429,0,0.009,500,4.765625,0.65755,2000,-1.474432519,-6.095561006,4.621128487,0.003983816,1627,16.7690902709961,593.681995621681
"US_SRR",2018,237,-11.04400654,NA,0.465748571,0,0.009,500,4.771875,0.658975,2000,-0.700252303,-5.421101276,4.720848973,0.004352709,1628,17.5882621765137,614.968644371986
"US_SRR",2018,238,-18.78936544,NA,0.465375714,0,0.009,500,4.833333333,0.6604,2000,-1.280638191,-5.886316415,4.605678224,0.00632867,1629,17.3397384643555,602.81501225853
"US_SRR",2018,239,-23.62414006,NA,0.465002857,0,0.009,500,4.823958333,0.661825,2000,-1.385205199,-5.96972461,4.584519411,0.00613691,1630,17.2287078857422,572.368629944801
"US_SRR",2018,240,-27.56160783,NA,0.46463,0,0.009,500,4.81875,0.66325,2000,-1.22106392,-5.79521676,4.57415284,0.006247191,1631,17.3358169555664,525.853836805343
"US_SRR",2018,241,-32.50193901,NA,0.464257143,0,0.009,500,4.776041667,0.664675,2000,-1.100918535,-5.792414927,4.691496392,0.005131924,1632,17.5888877868653,572.933606654167
"US_SRR",2018,242,-36.89203821,NA,0.463884286,0,0.009,500,4.744791667,0.6661,2000,-0.208768164,-5.036234081,4.827465917,0.004281613,1633,18.3371482849121,560.112683413505
"US_SRR",2018,243,-40.94681921,NA,0.463511429,0,0.009,500,4.740625,0.667525,2000,-0.160959557,-5.067185611,4.906226054,0.005296988,1634,18.1510673522949,606.587442492485
"US_SRR",2018,244,-43.97299377,NA,0.463138571,0,0.009,500,4.752083333,0.66895,2000,-0.102106957,-5.054887773,4.952780816,0.006008007,1635,18.9183479309082,607.828612275123
"US_SRR",2018,245,-44.8572264,NA,0.462765714,0,0.009,500,4.617708333,0.670375,2000,0.200637784,-4.720042475,4.920680259,0.004152639,1636,19.6949401855469,611.854602311134
"US_SRR",2018,246,-36.34717781,NA,0.462392857,0,0.009,500,4.636458333,0.6718,2000,-0.734601553,-5.440795897,4.706194344,0.001972475,1637,19.0484024047852,582.911882777214
"US_SRR",2018,247,-7.712209484,NA,0.46202,0,0.009,500,4.541666667,0.673225,2000,-1.212914185,-5.790867795,4.57795361,0.001391877,1638,18.4709220886231,583.401216633797
"US_SRR",2018,248,-1.380335635,NA,0.461896429,0,0.009,500,4.607291667,0.67465,2000,-3.74801929,-8.048332948,4.300313658,0.003907077,1639,18.3911109924317,581.003406746864
"US_SRR",2018,249,-0.121663505,NA,0.461772857,0,0.009,500,4.801041667,0.676075,2000,-3.557436536,-7.898198489,4.340761953,0.004113937,1640,17.0101676940918,565.224149394989
"US_SRR",2018,250,-0.197372345,NA,0.461649286,0,0.009,500,4.852083333,0.6775,2000,-1.366064999,-5.949054524,4.582989525,0.002477055,1641,18.4746414184571,595.919653138161
"US_SRR",2018,251,0.112202824,NA,0.461525714,0,0.009,500,5.0125,0.678925,2000,-2.100173519,-6.710524461,4.610350941,0.002597407,1642,20.0532585144043,590.29213637352
"US_SRR",2018,252,-0.356695365,NA,0.461402143,0,0.009,500,5.064583333,0.68035,2000,-1.764216694,-6.379325823,4.615109129,0.001762693,1643,19.455094909668,582.631595968246
"US_SRR",2018,253,-3.346687784,NA,0.461278571,0,0.009,500,5,0.681775,2000,-1.0518297,-5.701011117,4.649181417,0.0025788,1644,19.1677032470703,588.490448414802
"US_SRR",2018,254,-7.316537047,NA,0.461155,0,0.009,500,4.971875,0.6832,2000,-1.358090861,-5.969088353,4.610997492,0.004010862,1645,19.9639297485352,582.017698372841
"US_SRR",2018,255,-10.86471746,NA,0.461031429,0,0.009,500,5.025,0.678222222,2000,-1.351115932,-5.648717296,4.297601364,0.002301172,1646,18.1777397155762,571.612373790741
"US_SRR",2018,256,-13.99700602,NA,0.460907857,0,0.009,500,5.059375,0.673244444,2000,-1.199151982,-5.550334611,4.351182629,0.002962543,1647,17.0041748046875,523.682912131309
"US_SRR",2018,257,-17.20915878,NA,0.460784286,0,0.009,500,5.11875,0.668266667,2000,-0.188161467,-4.54726129,4.359099823,0.002975913,1648,16.4725891113281,535.965555932522
"US_SRR",2018,258,-20.56497591,NA,0.460660714,0,0.009,500,5.207291667,0.663288889,2000,-0.82953772,-5.105753798,4.276216079,0.004450171,1649,17.5934349060059,531.677097596168
"US_SRR",2018,259,-24.28008063,NA,0.460537143,0,0.009,500,5.240625,0.658311111,2000,-0.445984208,-4.71895465,4.272970442,0.002963419,1650,16.1370178222656,562.995384248256
"US_SRR",2018,260,-27.99655359,NA,0.460413571,0,0.009,500,5.236458333,0.653333333,2000,0.221867376,-4.062794333,4.284661709,0.004961059,1651,16.6774917602539,524.875134315014
"US_SRR",2018,261,-31.36311387,NA,0.46029,0,0.009,500,5.25,0.648355556,2000,-0.000182737,-4.24770225,4.247519512,0.003645361,1652,16.6038833618164,522.401715848446
"US_SRR",2018,262,-34.88975731,NA,0.461375,0,0.009,500,5.280208333,0.643377778,2000,0.452307875,-3.787534297,4.239842171,0.003329844,1653,16.8371063232422,540.15615082407
"US_SRR",2018,263,-35.32237201,NA,0.46246,0,0.009,500,5.2,0.6384,2000,0.084848879,-0.001435549,0.086284428,0.0000151,1654,20.0077644348145,544.822764454365
