"fname","N"
"flux-course-1aci",0.0175285579426282
"flux-course-1aq",0.0238066237647682
"flux-course-2aci",0.0202750310321022
"flux-course-2aq",0.0258544780148583
"flux-course-3aci",0.0234968867299567
"flux-course-3aq",0.0240135161814331
"flux-course-4aci",0.0236841817553603
"flux-course-4aq",0.0238648060231182
"flux-course-5aci",0.0124039568749953
"flux-course-5aq",0.023906796029584
"flux-course-6aci",0.014722636795881
"flux-course-6aq",0.023994265847053
