term,estimate,std.error,statistic,p.value,noaa_id,min_date,max_date,n_years,psmsl_id,noaa_name
(Intercept),18.62519720465862,0.04772069688611129,390.2960019445845,2.1625008056895342e-76,1611400,1979-02-01T10:18:00Z,2025-12-31T22:18:00Z,47,756,Nawiliwili
sin18,-0.924001296164358,0.0663912787410114,-13.917510156248602,2.4947491444755283e-17,1611400,1979-02-01T10:18:00Z,2025-12-31T22:18:00Z,47,756,Nawiliwili
cos18,0.28144052115652113,0.06739913873219609,4.175728747436931,1.4650343597237287e-4,1611400,1979-02-01T10:18:00Z,2025-12-31T22:18:00Z,47,756,Nawiliwili
sin44,-0.05632205553040141,0.06605077366067033,-0.852708490891427,0.3986576636543224,1611400,1979-02-01T10:18:00Z,2025-12-31T22:18:00Z,47,756,Nawiliwili
cos44,-0.07609550932215915,0.06670229186740018,-1.1408230091018774,0.2604070715872287,1611400,1979-02-01T10:18:00Z,2025-12-31T22:18:00Z,47,756,Nawiliwili
amp18,0.9659126059133238,NA,NA,NA,1611400,1979-02-01T10:18:00Z,2025-12-31T22:18:00Z,47,756,Nawiliwili
phase18,-8.429288212345531,NA,NA,NA,1611400,1979-02-01T10:18:00Z,2025-12-31T22:18:00Z,47,756,Nawiliwili
amp44,0.0946715399587882,NA,NA,NA,1611400,1979-02-01T10:18:00Z,2025-12-31T22:18:00Z,47,756,Nawiliwili
phase44,1.5549815887281413,NA,NA,NA,1611400,1979-02-01T10:18:00Z,2025-12-31T22:18:00Z,47,756,Nawiliwili
(Intercept),19.62055676076358,0.08049642291999932,243.74445533142884,1.9259530711138333e-66,1612340,1980-07-01T11:30:00Z,2025-12-31T23:12:00Z,46,155,Honolulu
sin18,-0.27585976805476353,0.11272409222701572,-2.447212149637079,0.01876920058500769,1612340,1980-07-01T11:30:00Z,2025-12-31T23:12:00Z,46,155,Honolulu
cos18,0.04151467594285462,0.1128723437321056,0.3678020192562558,0.714912869859881,1612340,1980-07-01T11:30:00Z,2025-12-31T23:12:00Z,46,155,Honolulu
sin44,-0.04543835675203585,0.1125290823097712,-0.40379212039562073,0.6884640235086066,1612340,1980-07-01T11:30:00Z,2025-12-31T23:12:00Z,46,155,Honolulu
cos44,-0.08075953806794747,0.11130893174479169,-0.7255440942790858,0.4722395761147362,1612340,1980-07-01T11:30:00Z,2025-12-31T23:12:00Z,46,155,Honolulu
amp18,0.27896609103951714,NA,NA,NA,1612340,1980-07-01T11:30:00Z,2025-12-31T23:12:00Z,46,155,Honolulu
phase18,-8.862581867598005,NA,NA,NA,1612340,1980-07-01T11:30:00Z,2025-12-31T23:12:00Z,46,155,Honolulu
amp44,0.0926647033841556,NA,NA,NA,1612340,1980-07-01T11:30:00Z,2025-12-31T23:12:00Z,46,155,Honolulu
phase44,1.4671793575546923,NA,NA,NA,1612340,1980-07-01T11:30:00Z,2025-12-31T23:12:00Z,46,155,Honolulu
(Intercept),22.57619475821293,0.05746053634264712,392.8991303455153,2.322503264149143e-73,1612480,1981-01-01T10:54:00Z,2025-12-31T11:30:00Z,45,823,Mokuoloe
sin18,-1.5959470834576637,0.08063657911282615,-19.79185006378588,2.8541031136901427e-22,1612480,1981-01-01T10:54:00Z,2025-12-31T11:30:00Z,45,823,Mokuoloe
cos18,0.5349797658507174,0.08073719078139369,6.626187518701807,6.239548026931949e-8,1612480,1981-01-01T10:54:00Z,2025-12-31T11:30:00Z,45,823,Mokuoloe
sin44,-0.04185749527033781,0.07972427739359428,-0.5250282177371105,0.6024617350429875,1612480,1981-01-01T10:54:00Z,2025-12-31T11:30:00Z,45,823,Mokuoloe
cos44,0.095780328678744045,0.0803541254317094,1.191977738095661,0.2402940001377801,1612480,1981-01-01T10:54:00Z,2025-12-31T11:30:00Z,45,823,Mokuoloe
amp18,1.6832262008021115,NA,NA,NA,1612480,1981-01-01T10:54:00Z,2025-12-31T11:30:00Z,45,823,Mokuoloe
phase18,-8.347011866803445,NA,NA,NA,1612480,1981-01-01T10:54:00Z,2025-12-31T11:30:00Z,45,823,Mokuoloe
amp44,0.10452713175111326,NA,NA,NA,1612480,1981-01-01T10:54:00Z,2025-12-31T11:30:00Z,45,823,Mokuoloe
phase44,-1.396408030896957,NA,NA,NA,1612480,1981-01-01T10:54:00Z,2025-12-31T11:30:00Z,45,823,Mokuoloe
(Intercept),23.68738488102967,0.0539669794266395,438.92367393341567,1.5620127106529495e-78,1615680,1979-10-01T14:36:00Z,2025-12-31T11:06:00Z,47,521,"Kahului, Kahului Harbor"
sin18,-0.8668459365867343,0.07508140089561925,-11.545415059474626,1.2975981278630838e-14,1615680,1979-10-01T14:36:00Z,2025-12-31T11:06:00Z,47,521,"Kahului, Kahului Harbor"
cos18,0.2417939068132239,0.07622118222653748,3.172266550452952,0.00282627252069852,1615680,1979-10-01T14:36:00Z,2025-12-31T11:06:00Z,47,521,"Kahului, Kahului Harbor"
sin44,0.08109409980827613,0.07469632624532047,1.085650444734643,0.28382582571388426,1615680,1979-10-01T14:36:00Z,2025-12-31T11:06:00Z,47,521,"Kahului, Kahului Harbor"
cos44,0.00218208613070385,0.07543312331562697,0.0289274265043167,0.9770594930621026,1615680,1979-10-01T14:36:00Z,2025-12-31T11:06:00Z,47,521,"Kahului, Kahului Harbor"
amp18,0.8999367595275428,NA,NA,NA,1615680,1979-10-01T14:36:00Z,2025-12-31T11:06:00Z,47,521,"Kahului, Kahului Harbor"
phase18,-8.499307890890842,NA,NA,NA,1615680,1979-10-01T14:36:00Z,2025-12-31T11:06:00Z,47,521,"Kahului, Kahului Harbor"
amp44,0.08112345236487696,NA,NA,NA,1615680,1979-10-01T14:36:00Z,2025-12-31T11:06:00Z,47,521,"Kahului, Kahului Harbor"
phase44,-0.01894572612989845,NA,NA,NA,1615680,1979-10-01T14:36:00Z,2025-12-31T11:06:00Z,47,521,"Kahului, Kahului Harbor"
(Intercept),22.154721642657584,0.09276104509935842,238.83648161711812,9.337738989915182e-51,1617433,1990-04-11T02:54:00Z,2025-12-31T23:30:00Z,35,2128,Kawaihae
sin18,-0.07773566800451616,0.1321950992466255,-0.588037441989367,0.5609081713237623,1617433,1990-04-11T02:54:00Z,2025-12-31T23:30:00Z,35,2128,Kawaihae
cos18,0.00720748385037944,0.13118278686927193,0.05494229862308035,0.9565487066411732,1617433,1990-04-11T02:54:00Z,2025-12-31T23:30:00Z,35,2128,Kawaihae
sin44,-0.0856908450477635,0.1287671261749468,-0.665471441300487,0.5108334475337608,1617433,1990-04-11T02:54:00Z,2025-12-31T23:30:00Z,35,2128,Kawaihae
cos44,-0.2376268473436061,0.13428831055537266,-1.7695274172477031,0.0869713180979906,1617433,1990-04-11T02:54:00Z,2025-12-31T23:30:00Z,35,2128,Kawaihae
amp18,0.0780690841726854,NA,NA,NA,1617433,1990-04-11T02:54:00Z,2025-12-31T23:30:00Z,35,2128,Kawaihae
phase18,-9.03116435818713,NA,NA,NA,1617433,1990-04-11T02:54:00Z,2025-12-31T23:30:00Z,35,2128,Kawaihae
amp44,0.25260530379123336,NA,NA,NA,1617433,1990-04-11T02:54:00Z,2025-12-31T23:30:00Z,35,2128,Kawaihae
phase44,1.3499920222709654,NA,NA,NA,1617433,1990-04-11T02:54:00Z,2025-12-31T23:30:00Z,35,2128,Kawaihae
(Intercept),25.236953808641243,0.06871445898345056,367.27282993990246,9.722673365560987e-74,1617760,1980-07-01T10:18:00Z,2025-12-31T22:36:00Z,46,300,"Hilo, Hilo Bay, Kuhio Bay"
sin18,-0.19349859859176816,0.0962250834360434,-2.0108956176731008,0.05094341134797174,1617760,1980-07-01T10:18:00Z,2025-12-31T22:36:00Z,46,300,"Hilo, Hilo Bay, Kuhio Bay"
cos18,0.110476152067162,0.09635163591621829,1.146593423314842,0.2581973608983138,1617760,1980-07-01T10:18:00Z,2025-12-31T22:36:00Z,46,300,"Hilo, Hilo Bay, Kuhio Bay"
sin44,0.14617910220691252,0.0960586163996984,1.5217698077043245,0.13574270108571546,1617760,1980-07-01T10:18:00Z,2025-12-31T22:36:00Z,46,300,"Hilo, Hilo Bay, Kuhio Bay"
cos44,-0.14107394942581683,0.09501705476367088,-1.484722398275762,0.14526580361816543,1617760,1980-07-01T10:18:00Z,2025-12-31T22:36:00Z,46,300,"Hilo, Hilo Bay, Kuhio Bay"
amp18,0.2228153671373339,NA,NA,NA,1617760,1980-07-01T10:18:00Z,2025-12-31T22:36:00Z,46,300,"Hilo, Hilo Bay, Kuhio Bay"
phase18,-7.7684452787812734,NA,NA,NA,1617760,1980-07-01T10:18:00Z,2025-12-31T22:36:00Z,46,300,"Hilo, Hilo Bay, Kuhio Bay"
amp44,0.20315065623476805,NA,NA,NA,1617760,1980-07-01T10:18:00Z,2025-12-31T22:36:00Z,46,300,"Hilo, Hilo Bay, Kuhio Bay"
phase44,0.5406099732920479,NA,NA,NA,1617760,1980-07-01T10:18:00Z,2025-12-31T22:36:00Z,46,300,"Hilo, Hilo Bay, Kuhio Bay"
(Intercept),28.22845761568836,0.06245329305362602,451.9931013317387,9.060266276967182e-40,1619000,1980-07-01T12:00:00Z,2003-02-19T17:42:00Z,24,598,Johnston Atoll
sin18,0.6030481100165269,0.09070768802484364,6.648257971819985,2.33011432869857e-6,1619000,1980-07-01T12:00:00Z,2003-02-19T17:42:00Z,24,598,Johnston Atoll
cos18,-0.02130249567424126,0.08332437499205515,-0.2556574312891327,0.8009626404519313,1619000,1980-07-01T12:00:00Z,2003-02-19T17:42:00Z,24,598,Johnston Atoll
sin44,-0.16303607958996164,0.08573009747532516,-1.901736780794944,0.07247858866372732,1619000,1980-07-01T12:00:00Z,2003-02-19T17:42:00Z,24,598,Johnston Atoll
cos44,0.14279567909514318,0.08479581030800591,1.6839945107719698,0.1085404900570832,1619000,1980-07-01T12:00:00Z,2003-02-19T17:42:00Z,24,598,Johnston Atoll
amp18,0.6034242448861797,NA,NA,NA,1619000,1980-07-01T12:00:00Z,2003-02-19T17:42:00Z,24,598,Johnston Atoll
phase18,0.10458381619272004,NA,NA,NA,1619000,1980-07-01T12:00:00Z,2003-02-19T17:42:00Z,24,598,Johnston Atoll
amp44,0.21672879184895444,NA,NA,NA,1619000,1980-07-01T12:00:00Z,2003-02-19T17:42:00Z,24,598,Johnston Atoll
phase44,-1.705916144404465,NA,NA,NA,1619000,1980-07-01T12:00:00Z,2003-02-19T17:42:00Z,24,598,Johnston Atoll
(Intercept),13.034219670769197,0.0331740821972705,392.9037009452405,2.3214230867937404e-73,1619910,1980-07-01T11:54:00Z,2025-12-31T22:48:00Z,45,523,"Sand Island, Midway Islands"
sin18,0.12235590054719676,0.04623268155958105,2.6465239830294953,0.0115731034400075,1619910,1980-07-01T11:54:00Z,2025-12-31T22:48:00Z,45,523,"Sand Island, Midway Islands"
cos18,0.03983967016235622,0.04691896524722713,0.8491165555853923,0.4008698230167187,1619910,1980-07-01T11:54:00Z,2025-12-31T22:48:00Z,45,523,"Sand Island, Midway Islands"
sin44,0.04354476740252368,0.0468687771674579,0.9290783765691638,0.3584215276743018,1619910,1980-07-01T11:54:00Z,2025-12-31T22:48:00Z,45,523,"Sand Island, Midway Islands"
cos44,0.03730524632112551,0.04564682849948672,0.8172582312382337,0.4186222196800594,1619910,1980-07-01T11:54:00Z,2025-12-31T22:48:00Z,45,523,"Sand Island, Midway Islands"
amp18,0.1286785363507094,NA,NA,NA,1619910,1980-07-01T11:54:00Z,2025-12-31T22:48:00Z,45,523,"Sand Island, Midway Islands"
phase18,-0.9323350863051408,NA,NA,NA,1619910,1980-07-01T11:54:00Z,2025-12-31T22:48:00Z,45,523,"Sand Island, Midway Islands"
amp44,0.05733958642351493,NA,NA,NA,1619910,1980-07-01T11:54:00Z,2025-12-31T22:48:00Z,45,523,"Sand Island, Midway Islands"
phase44,-0.4988818892677172,NA,NA,NA,1619910,1980-07-01T11:54:00Z,2025-12-31T22:48:00Z,45,523,"Sand Island, Midway Islands"
(Intercept),24.401644632737256,0.10762295374407094,226.73271624531648,8.170210488948986e-64,1630000,1980-06-30T18:00:00Z,2025-12-31T21:30:00Z,45,540,"Apra Harbor, Guam"
sin18,0.35585617887916204,0.1516721419612374,2.3462197756138212,0.02400709735544953,1630000,1980-06-30T18:00:00Z,2025-12-31T21:30:00Z,45,540,"Apra Harbor, Guam"
cos18,0.19814039804442393,0.15040260080677775,1.3174000780676325,0.19520118350582755,1630000,1980-06-30T18:00:00Z,2025-12-31T21:30:00Z,45,540,"Apra Harbor, Guam"
sin44,-0.0459486517990173,0.14890881247843257,-0.3085690566881147,0.7592507390712935,1630000,1980-06-30T18:00:00Z,2025-12-31T21:30:00Z,45,540,"Apra Harbor, Guam"
cos44,-0.08714450541422783,0.15048079772995626,-0.579107146751123,0.5657640655877905,1630000,1980-06-30T18:00:00Z,2025-12-31T21:30:00Z,45,540,"Apra Harbor, Guam"
amp18,0.4072999354083928,NA,NA,NA,1630000,1980-06-30T18:00:00Z,2025-12-31T21:30:00Z,45,540,"Apra Harbor, Guam"
phase18,-1.5047746553468675,NA,NA,NA,1630000,1980-06-30T18:00:00Z,2025-12-31T21:30:00Z,45,540,"Apra Harbor, Guam"
amp44,0.09851620895080015,NA,NA,NA,1630000,1980-06-30T18:00:00Z,2025-12-31T21:30:00Z,45,540,"Apra Harbor, Guam"
phase44,1.4479745616463822,NA,NA,NA,1630000,1980-06-30T18:00:00Z,2025-12-31T21:30:00Z,45,540,"Apra Harbor, Guam"
(Intercept),38.436920020999466,0.10568283984323971,363.70067343017354,1.4513296856386542e-73,1770000,1980-07-01T14:06:00Z,2025-12-31T21:30:00Z,46,539,"Pago Pago, American Samoa"
sin18,1.1304893066548776,0.1479941810227011,7.638741596748792,2.0975724562447204e-9,1770000,1980-07-01T14:06:00Z,2025-12-31T21:30:00Z,46,539,"Pago Pago, American Samoa"
cos18,-0.3760694825176896,0.1481888187407585,-2.537772321240953,0.01505280426238031,1770000,1980-07-01T14:06:00Z,2025-12-31T21:30:00Z,46,539,"Pago Pago, American Samoa"
sin44,0.02167800596611325,0.14773815471613494,0.14673261628159306,0.8840622128487762,1770000,1980-07-01T14:06:00Z,2025-12-31T21:30:00Z,46,539,"Pago Pago, American Samoa"
cos44,0.239694970234194,0.1461362328907201,1.640215882760825,0.1086114105009054,1770000,1980-07-01T14:06:00Z,2025-12-31T21:30:00Z,46,539,"Pago Pago, American Samoa"
amp18,1.1914001544998003,NA,NA,NA,1770000,1980-07-01T14:06:00Z,2025-12-31T21:30:00Z,46,539,"Pago Pago, American Samoa"
phase18,0.9511913260923628,NA,NA,NA,1770000,1980-07-01T14:06:00Z,2025-12-31T21:30:00Z,46,539,"Pago Pago, American Samoa"
amp44,0.2406732529763912,NA,NA,NA,1770000,1980-07-01T14:06:00Z,2025-12-31T21:30:00Z,46,539,"Pago Pago, American Samoa"
phase44,-1.0427295003598178,NA,NA,NA,1770000,1980-07-01T14:06:00Z,2025-12-31T21:30:00Z,46,539,"Pago Pago, American Samoa"
(Intercept),52.162468442256376,0.06189098986571284,842.8119917848334,1.5831003729115228e-88,1820000,1980-06-30T18:00:00Z,2025-12-31T20:12:00Z,46,513,"Kwajalein, Marshall Islands"
sin18,1.1437828289689025,0.08666975992930206,13.19702315896461,2.381539142297868e-16,1820000,1980-06-30T18:00:00Z,2025-12-31T20:12:00Z,46,513,"Kwajalein, Marshall Islands"
cos18,-0.3993093582012516,0.08678374552103714,-4.601199865295691,4.004326084781981e-5,1820000,1980-06-30T18:00:00Z,2025-12-31T20:12:00Z,46,513,"Kwajalein, Marshall Islands"
sin44,0.0399676417652591,0.08651982336847018,0.46194779657657314,0.6465606805139683,1820000,1980-06-30T18:00:00Z,2025-12-31T20:12:00Z,46,513,"Kwajalein, Marshall Islands"
cos44,0.0037877122125936,0.08558169067247644,0.04425844106176037,0.9649132551045088,1820000,1980-06-30T18:00:00Z,2025-12-31T20:12:00Z,46,513,"Kwajalein, Marshall Islands"
amp18,1.2114813755857747,NA,NA,NA,1820000,1980-06-30T18:00:00Z,2025-12-31T20:12:00Z,46,513,"Kwajalein, Marshall Islands"
phase18,0.9948468789588548,NA,NA,NA,1820000,1980-06-30T18:00:00Z,2025-12-31T20:12:00Z,46,513,"Kwajalein, Marshall Islands"
amp44,0.04014672031538211,NA,NA,NA,1820000,1980-06-30T18:00:00Z,2025-12-31T20:12:00Z,46,513,"Kwajalein, Marshall Islands"
phase44,-0.06654366548025394,NA,NA,NA,1820000,1980-06-30T18:00:00Z,2025-12-31T20:12:00Z,46,513,"Kwajalein, Marshall Islands"
(Intercept),30.372302217535857,0.09768171426878816,310.93129809291844,8.95447662103503e-71,1890000,1980-06-30T11:12:00Z,2025-12-31T19:30:00Z,46,595,"Wake Island, Pacific Ocean"
sin18,0.6523352254332562,0.13678971274377175,4.7688909666414805,2.3513748235561942e-5,1890000,1980-06-30T11:12:00Z,2025-12-31T19:30:00Z,46,595,"Wake Island, Pacific Ocean"
cos18,-0.0486818411650143,0.13696961466530805,-0.3554207353504699,0.7240964999975665,1890000,1980-06-30T11:12:00Z,2025-12-31T19:30:00Z,46,595,"Wake Island, Pacific Ocean"
sin44,0.29405500926893874,0.13655306989276222,2.1534119262193507,0.03721788550383774,1890000,1980-06-30T11:12:00Z,2025-12-31T19:30:00Z,46,595,"Wake Island, Pacific Ocean"
cos44,0.08603943048925508,0.13507242771600758,0.6369873699920066,0.5276740081700982,1890000,1980-06-30T11:12:00Z,2025-12-31T19:30:00Z,46,595,"Wake Island, Pacific Ocean"
amp18,0.6541491939919156,NA,NA,NA,1890000,1980-06-30T11:12:00Z,2025-12-31T19:30:00Z,46,595,"Wake Island, Pacific Ocean"
phase18,0.22062686041145851,NA,NA,NA,1890000,1980-06-30T11:12:00Z,2025-12-31T19:30:00Z,46,595,"Wake Island, Pacific Ocean"
amp44,0.3063839618437476,NA,NA,NA,1890000,1980-06-30T11:12:00Z,2025-12-31T19:30:00Z,46,595,"Wake Island, Pacific Ocean"
phase44,-0.2004682909240673,NA,NA,NA,1890000,1980-06-30T11:12:00Z,2025-12-31T19:30:00Z,46,595,"Wake Island, Pacific Ocean"
(Intercept),280.14999033457207,0.27013509854831597,1037.0736414485764,3.6171860338147025e-100,8410140,1976-11-12T00:36:00Z,2025-12-31T18:42:00Z,50,332,Eastport
sin18,7.133290124740483,0.36789670397890223,19.389383072998545,1.7721868203067322e-23,8410140,1976-11-12T00:36:00Z,2025-12-31T18:42:00Z,50,332,Eastport
cos18,-1.478574924082637,0.39312955684724177,-3.761037292490237,4.863349146134619e-4,8410140,1976-11-12T00:36:00Z,2025-12-31T18:42:00Z,50,332,Eastport
sin44,0.6164984108370463,0.37966551654450253,1.6237935339718517,0.11140518788725234,8410140,1976-11-12T00:36:00Z,2025-12-31T18:42:00Z,50,332,Eastport
cos44,0.1827372437605656,0.3767210598425183,0.4850730772443561,0.6299776553571215,8410140,1976-11-12T00:36:00Z,2025-12-31T18:42:00Z,50,332,Eastport
amp18,7.284916733212952,NA,NA,NA,8410140,1976-11-12T00:36:00Z,2025-12-31T18:42:00Z,50,332,Eastport
phase18,0.6053591115803219,NA,NA,NA,8410140,1976-11-12T00:36:00Z,2025-12-31T18:42:00Z,50,332,Eastport
amp44,0.6430110347589783,NA,NA,NA,8410140,1976-11-12T00:36:00Z,2025-12-31T18:42:00Z,50,332,Eastport
phase44,-0.20294071808488592,NA,NA,NA,8410140,1976-11-12T00:36:00Z,2025-12-31T18:42:00Z,50,332,Eastport
(Intercept),194.98796434907564,0.2927841916565093,665.9784575317271,1.4950240665427386e-56,8411250,1979-03-01T05:06:00Z,2010-11-11T13:06:00Z,31,1524,Cutler Naval Base
sin18,4.8470351218055745,0.42638990481648525,11.367612288784605,1.3780178270415411e-11,8411250,1979-03-01T05:06:00Z,2010-11-11T13:06:00Z,31,1524,Cutler Naval Base
cos18,-0.552908966813573,0.3905947362944841,-1.4155566254142098,0.16877311198414416,8411250,1979-03-01T05:06:00Z,2010-11-11T13:06:00Z,31,1524,Cutler Naval Base
sin44,0.36095975603686187,0.3900370478814328,0.925449923276493,0.3632426243355672,8411250,1979-03-01T05:06:00Z,2010-11-11T13:06:00Z,31,1524,Cutler Naval Base
cos44,-0.09717680849199326,0.4143657343285095,-0.23451941230003204,0.8164188093941913,8411250,1979-03-01T05:06:00Z,2010-11-11T13:06:00Z,31,1524,Cutler Naval Base
amp18,4.878468796415493,NA,NA,NA,8411250,1979-03-01T05:06:00Z,2010-11-11T13:06:00Z,31,1524,Cutler Naval Base
phase18,0.3364114601222801,NA,NA,NA,8411250,1979-03-01T05:06:00Z,2010-11-11T13:06:00Z,31,1524,Cutler Naval Base
amp44,0.3738118210903454,NA,NA,NA,8411250,1979-03-01T05:06:00Z,2010-11-11T13:06:00Z,31,1524,Cutler Naval Base
phase44,0.1852083482723998,NA,NA,NA,8411250,1979-03-01T05:06:00Z,2010-11-11T13:06:00Z,31,1524,Cutler Naval Base
(Intercept),161.4840027267062,0.1791354614245965,901.4630684649766,1.1686691832637596e-91,8413320,1978-03-01T07:48:00Z,2025-12-31T18:30:00Z,47,525,Bar Harbor
sin18,4.497643508939165,0.2487820371494312,18.078650534715457,1.983437327064496e-21,8413320,1978-03-01T07:48:00Z,2025-12-31T18:30:00Z,47,525,Bar Harbor
cos18,-0.9188824256059046,0.2554311652692901,-3.597377887060752,8.401340410851529e-4,8413320,1978-03-01T07:48:00Z,2025-12-31T18:30:00Z,47,525,Bar Harbor
sin44,0.3782633555052022,0.2488656549262902,1.5199500132601158,0.13601664049155618,8413320,1978-03-01T07:48:00Z,2025-12-31T18:30:00Z,47,525,Bar Harbor
cos44,0.14111214196410504,0.25191329088264497,0.5601615598354547,0.5783450451789849,8413320,1978-03-01T07:48:00Z,2025-12-31T18:30:00Z,47,525,Bar Harbor
amp18,4.590549209581572,NA,NA,NA,8413320,1978-03-01T07:48:00Z,2025-12-31T18:30:00Z,47,525,Bar Harbor
phase18,0.5969054553165103,NA,NA,NA,8413320,1978-03-01T07:48:00Z,2025-12-31T18:30:00Z,47,525,Bar Harbor
amp44,0.40372738664568286,NA,NA,NA,8413320,1978-03-01T07:48:00Z,2025-12-31T18:30:00Z,47,525,Bar Harbor
phase44,-0.25146491817043065,NA,NA,NA,8413320,1978-03-01T07:48:00Z,2025-12-31T18:30:00Z,47,525,Bar Harbor
(Intercept),139.58732196287178,0.16224587048658562,860.3443745239283,8.30275780606225e-91,8418150,1979-05-01T07:00:00Z,2025-12-31T19:00:00Z,47,183,Portland
sin18,4.215832724924052,0.22572408860164736,18.676928771940048,5.858422893904436e-22,8418150,1979-05-01T07:00:00Z,2025-12-31T19:00:00Z,47,183,Portland
cos18,-0.6789218037754532,0.22915071755446037,-2.962774068617522,0.00500251530030303,8418150,1979-05-01T07:00:00Z,2025-12-31T19:00:00Z,47,183,Portland
sin44,0.19990408402887172,0.2245664034300144,0.8901780541325336,0.3784411582166846,8418150,1979-05-01T07:00:00Z,2025-12-31T19:00:00Z,47,183,Portland
cos44,0.10122432940702544,0.226781503910232,0.44635178646268064,0.657636059066975,8418150,1979-05-01T07:00:00Z,2025-12-31T19:00:00Z,47,183,Portland
amp18,4.270149924789793,NA,NA,NA,8418150,1979-05-01T07:00:00Z,2025-12-31T19:00:00Z,47,183,Portland
phase18,0.4729225957560973,NA,NA,NA,8418150,1979-05-01T07:00:00Z,2025-12-31T19:00:00Z,47,183,Portland
amp44,0.2240714343135336,NA,NA,NA,8418150,1979-05-01T07:00:00Z,2025-12-31T19:00:00Z,47,183,Portland
phase44,-0.3301054250778486,NA,NA,NA,8418150,1979-05-01T07:00:00Z,2025-12-31T19:00:00Z,47,183,Portland
(Intercept),144.88937436764056,0.15200410490972985,953.1938262699256,1.121869651059119e-92,8443970,1979-07-01T08:48:00Z,2025-12-31T19:00:00Z,47,235,Boston
sin18,4.3563542948585585,0.21147526246157847,20.599829238419957,1.4206205388613012e-23,8443970,1979-07-01T08:48:00Z,2025-12-31T19:00:00Z,47,235,Boston
cos18,-0.7961673101315645,0.21468558556729456,-3.708527091037515,6.052772177427984e-4,8443970,1979-07-01T08:48:00Z,2025-12-31T19:00:00Z,47,235,Boston
sin44,0.21927076387768,0.21039065613074495,1.0422077097445648,0.3032775831077749,8443970,1979-07-01T08:48:00Z,2025-12-31T19:00:00Z,47,235,Boston
cos44,0.13562108233263148,0.21246592846137993,0.6383192040002,0.5267313600887631,8443970,1979-07-01T08:48:00Z,2025-12-31T19:00:00Z,47,235,Boston
amp18,4.428510486388707,NA,NA,NA,8443970,1979-07-01T08:48:00Z,2025-12-31T19:00:00Z,47,235,Boston
phase18,0.5354031453160351,NA,NA,NA,8443970,1979-07-01T08:48:00Z,2025-12-31T19:00:00Z,47,235,Boston
amp44,0.2578230902471222,NA,NA,NA,8443970,1979-07-01T08:48:00Z,2025-12-31T19:00:00Z,47,235,Boston
phase44,-0.3901029695537001,NA,NA,NA,8443970,1979-07-01T08:48:00Z,2025-12-31T19:00:00Z,47,235,Boston
(Intercept),27.143251194200015,0.05405916911677084,502.10263379315114,1.4208476797960602e-51,8447930,1996-01-01T10:00:00Z,2025-12-31T22:06:00Z,30,367,Woods Hole
sin18,1.1186566745784554,0.07170274200157141,15.601309564339108,2.1511592385908248e-14,8447930,1996-01-01T10:00:00Z,2025-12-31T22:06:00Z,30,367,Woods Hole
cos18,-0.3035764945652419,0.07867118515048947,-3.858801592788171,7.113779147834248e-4,8447930,1996-01-01T10:00:00Z,2025-12-31T22:06:00Z,30,367,Woods Hole
sin44,0.00333561502268862,0.07400209654115351,0.04507460164772014,0.9644059626425828,8447930,1996-01-01T10:00:00Z,2025-12-31T22:06:00Z,30,367,Woods Hole
cos44,-0.0475428914464352,0.07328098656375902,-0.6487752645779398,0.5223992493825174,8447930,1996-01-01T10:00:00Z,2025-12-31T22:06:00Z,30,367,Woods Hole
amp18,1.159116665237563,NA,NA,NA,8447930,1996-01-01T10:00:00Z,2025-12-31T22:06:00Z,30,367,Woods Hole
phase18,0.784878198165561,NA,NA,NA,8447930,1996-01-01T10:00:00Z,2025-12-31T22:06:00Z,30,367,Woods Hole
amp44,0.04765976137862114,NA,NA,NA,8447930,1996-01-01T10:00:00Z,2025-12-31T22:06:00Z,30,367,Woods Hole
phase44,1.0569198250478404,NA,NA,NA,8447930,1996-01-01T10:00:00Z,2025-12-31T22:06:00Z,30,367,Woods Hole
(Intercept),46.5439670288324,0.08909562595195318,522.4046245988808,1.0430366069716355e-81,8449130,1979-05-01T08:18:00Z,2025-12-31T19:48:00Z,47,1111,Nantucket Island
sin18,1.3776140594599693,0.12395402672551029,11.113911309316508,4.3693783518557074e-14,8449130,1979-05-01T08:18:00Z,2025-12-31T19:48:00Z,47,1111,Nantucket Island
cos18,-0.11901245659271847,0.1258357242413876,-0.9457763867152686,0.3496723245328367,8449130,1979-05-01T08:18:00Z,2025-12-31T19:48:00Z,47,1111,Nantucket Island
sin44,0.09390676975197164,0.12331829599959042,0.761499086496326,0.4506139054830687,8449130,1979-05-01T08:18:00Z,2025-12-31T19:48:00Z,47,1111,Nantucket Island
cos44,0.09014322746607842,0.12453469530294144,0.7238402699488461,0.4731764588658508,8449130,1979-05-01T08:18:00Z,2025-12-31T19:48:00Z,47,1111,Nantucket Island
amp18,1.382745262745821,NA,NA,NA,8449130,1979-05-01T08:18:00Z,2025-12-31T19:48:00Z,47,1111,Nantucket Island
phase18,0.25524333828290907,NA,NA,NA,8449130,1979-05-01T08:18:00Z,2025-12-31T19:48:00Z,47,1111,Nantucket Island
amp44,0.13017020727974188,NA,NA,NA,8449130,1979-05-01T08:18:00Z,2025-12-31T19:48:00Z,47,1111,Nantucket Island
phase44,-0.5387259489845111,NA,NA,NA,8449130,1979-05-01T08:18:00Z,2025-12-31T19:48:00Z,47,1111,Nantucket Island
(Intercept),52.825869904125504,0.08316665077246788,635.1809218414911,8.038932092663185e-89,8452660,1976-08-23T10:36:00Z,2025-12-31T21:48:00Z,49,351,Newport
sin18,2.017837262034502,0.11412372055117866,17.681138086710078,1.29534085425824e-21,8452660,1976-08-23T10:36:00Z,2025-12-31T21:48:00Z,49,351,Newport
cos18,-0.6024340064317014,0.1197297296716972,-5.031615857511706,8.685237519387397e-6,8452660,1976-08-23T10:36:00Z,2025-12-31T21:48:00Z,49,351,Newport
sin44,-0.22798601991168316,0.11561037685661278,-1.9720203852846676,0.05491373300914902,8452660,1976-08-23T10:36:00Z,2025-12-31T21:48:00Z,49,351,Newport
cos44,-0.09421951008333188,0.11717701905616644,-0.8040784007158405,0.4256748054697763,8452660,1976-08-23T10:36:00Z,2025-12-31T21:48:00Z,49,351,Newport
amp18,2.1058475605229,NA,NA,NA,8452660,1976-08-23T10:36:00Z,2025-12-31T21:48:00Z,49,351,Newport
phase18,0.8593281898237247,NA,NA,NA,8452660,1976-08-23T10:36:00Z,2025-12-31T21:48:00Z,49,351,Newport
amp44,0.24668794327148108,NA,NA,NA,8452660,1976-08-23T10:36:00Z,2025-12-31T21:48:00Z,49,351,Newport
phase44,1.9365056058033077,NA,NA,NA,8452660,1976-08-23T10:36:00Z,2025-12-31T21:48:00Z,49,351,Newport
(Intercept),67.0493907719942,0.13623040610117046,492.1763994610754,2.750670889742263e-82,8454000,1977-10-15T07:30:00Z,2025-12-31T21:42:00Z,48,430,Providence
sin18,2.391260613312608,0.18787172622853565,12.728155861003644,3.5307330684371756e-16,8454000,1977-10-15T07:30:00Z,2025-12-31T21:42:00Z,48,430,Providence
cos18,-0.7592465046529056,0.1948807393134175,-3.8959545582996022,3.3692361973176654e-4,8454000,1977-10-15T07:30:00Z,2025-12-31T21:42:00Z,48,430,Providence
sin44,-0.10519012206398652,0.18740284024867784,-0.561304844283056,0.5775035044275122,8454000,1977-10-15T07:30:00Z,2025-12-31T21:42:00Z,48,430,Providence
cos44,-0.1075106367260355,0.1928944495666858,-0.5573547448749574,0.5801750369573561,8454000,1977-10-15T07:30:00Z,2025-12-31T21:42:00Z,48,430,Providence
amp18,2.508900670733667,NA,NA,NA,8454000,1977-10-15T07:30:00Z,2025-12-31T21:42:00Z,48,430,Providence
phase18,0.9106031210325212,NA,NA,NA,8454000,1977-10-15T07:30:00Z,2025-12-31T21:42:00Z,48,430,Providence
amp44,0.1504110992881641,NA,NA,NA,8454000,1977-10-15T07:30:00Z,2025-12-31T21:42:00Z,48,430,Providence
phase44,1.6516919890022537,NA,NA,NA,8454000,1977-10-15T07:30:00Z,2025-12-31T21:42:00Z,48,430,Providence
(Intercept),38.99012474108794,0.04568374415924248,853.4791851818842,1.4468309790550377e-92,8461490,1978-11-01T02:06:00Z,2025-12-31T23:30:00Z,48,429,New London
sin18,1.3006017915527484,0.06305459003888471,20.62659975666623,6.3503555763078105e-24,8461490,1978-11-01T02:06:00Z,2025-12-31T23:30:00Z,48,429,New London
cos18,-0.4144332950255521,0.06532621829449509,-6.344057651665343,1.1543925024752457e-7,8461490,1978-11-01T02:06:00Z,2025-12-31T23:30:00Z,48,429,New London
sin44,-0.10607800889147054,0.06402822607096742,-1.6567382137667863,0.10485249475487232,8461490,1978-11-01T02:06:00Z,2025-12-31T23:30:00Z,48,429,New London
cos44,0.06188961041879616,0.06334632863985924,0.9770039045302072,0.334032014875293,8461490,1978-11-01T02:06:00Z,2025-12-31T23:30:00Z,48,429,New London
amp18,1.3650347893793604,NA,NA,NA,8461490,1978-11-01T02:06:00Z,2025-12-31T23:30:00Z,48,429,New London
phase18,0.9136652432629224,NA,NA,NA,8461490,1978-11-01T02:06:00Z,2025-12-31T23:30:00Z,48,429,New London
amp44,0.1228123277532401,NA,NA,NA,8461490,1978-11-01T02:06:00Z,2025-12-31T23:30:00Z,48,429,New London
phase44,-1.840544603492044,NA,NA,NA,8461490,1978-11-01T02:06:00Z,2025-12-31T23:30:00Z,48,429,New London
(Intercept),103.3193494356267,0.11952317073058044,864.4294558460209,6.804924551004194e-91,8467150,1979-04-01T06:54:00Z,2025-12-31T19:42:00Z,47,1068,Bridgeport
sin18,2.4508902060199502,0.1662862586211092,14.738982200594306,3.348117242423342e-18,8467150,1979-04-01T06:54:00Z,2025-12-31T19:42:00Z,47,1068,Bridgeport
cos18,-0.3824687077454352,0.1688105851640845,-2.265667803791298,0.02868818191220836,8467150,1979-04-01T06:54:00Z,2025-12-31T19:42:00Z,47,1068,Bridgeport
sin44,0.11554663355223474,0.16543341594470476,0.6984479700936332,0.4887465660248932,8467150,1979-04-01T06:54:00Z,2025-12-31T19:42:00Z,47,1068,Bridgeport
cos44,-0.05430407798902985,0.16706523456719677,-0.3250471477785986,0.7467590514152245,8467150,1979-04-01T06:54:00Z,2025-12-31T19:42:00Z,47,1068,Bridgeport
amp18,2.480553388735864,NA,NA,NA,8467150,1979-04-01T06:54:00Z,2025-12-31T19:42:00Z,47,1068,Bridgeport
phase18,0.4585110680983412,NA,NA,NA,8467150,1979-04-01T06:54:00Z,2025-12-31T19:42:00Z,47,1068,Bridgeport
amp44,0.12767128655846252,NA,NA,NA,8467150,1979-04-01T06:54:00Z,2025-12-31T19:42:00Z,47,1068,Bridgeport
phase44,0.3094103952623555,NA,NA,NA,8467150,1979-04-01T06:54:00Z,2025-12-31T19:42:00Z,47,1068,Bridgeport
(Intercept),31.40438482146481,0.05833992535301478,538.3000514902433,1.1673780747215911e-85,8510560,1976-09-30T19:18:00Z,2025-12-31T23:12:00Z,49,519,Montauk
sin18,1.367287166886315,0.08005575884231936,17.0791856408403,4.9193813822649e-21,8510560,1976-09-30T19:18:00Z,2025-12-31T23:12:00Z,49,519,Montauk
cos18,-0.3629323840929487,0.08398827446705151,-4.321226818814174,8.726680628583487e-5,8510560,1976-09-30T19:18:00Z,2025-12-31T23:12:00Z,49,519,Montauk
sin44,-0.07126193885412122,0.0810986217817192,-0.878707150485567,0.3843336230195711,8510560,1976-09-30T19:18:00Z,2025-12-31T23:12:00Z,49,519,Montauk
cos44,-0.0361838750097373,0.08219759340228976,-0.4402060147022423,0.6619429001837844,8510560,1976-09-30T19:18:00Z,2025-12-31T23:12:00Z,49,519,Montauk
amp18,1.414635681776547,NA,NA,NA,8510560,1976-09-30T19:18:00Z,2025-12-31T23:12:00Z,49,519,Montauk
phase18,0.7684776093867606,NA,NA,NA,8510560,1976-09-30T19:18:00Z,2025-12-31T23:12:00Z,49,519,Montauk
amp44,0.0799220666647754,NA,NA,NA,8510560,1976-09-30T19:18:00Z,2025-12-31T23:12:00Z,49,519,Montauk
phase44,1.8816134645470424,NA,NA,NA,8510560,1976-09-30T19:18:00Z,2025-12-31T23:12:00Z,49,519,Montauk
(Intercept),100.6380985523559,0.14522224015557011,692.993707055798,1.3812551743834933e-22,8514560,1979-08-01T09:42:00Z,1992-10-01T07:30:00Z,14,848,PORT JEFFERSON
sin18,2.6550266786476513,0.2247844455809012,11.811434157672142,8.811067324006561e-7,8514560,1979-08-01T09:42:00Z,1992-10-01T07:30:00Z,14,848,PORT JEFFERSON
cos18,-0.6865826011660396,0.17470656181158736,-3.9299187966762577,0.00345847027624216,8514560,1979-08-01T09:42:00Z,1992-10-01T07:30:00Z,14,848,PORT JEFFERSON
sin44,0.1511427548525103,0.17742163804458183,0.8518845644663235,0.4163696896259135,8514560,1979-08-01T09:42:00Z,1992-10-01T07:30:00Z,14,848,PORT JEFFERSON
cos44,0.10221225506803668,0.1854417249093928,0.5511826160912697,0.5949251578681636,8514560,1979-08-01T09:42:00Z,1992-10-01T07:30:00Z,14,848,PORT JEFFERSON
amp18,2.7423643690353594,NA,NA,NA,8514560,1979-08-01T09:42:00Z,1992-10-01T07:30:00Z,14,848,PORT JEFFERSON
phase18,0.7495129956113937,NA,NA,NA,8514560,1979-08-01T09:42:00Z,1992-10-01T07:30:00Z,14,848,PORT JEFFERSON
amp44,0.18245952271805224,NA,NA,NA,8514560,1979-08-01T09:42:00Z,1992-10-01T07:30:00Z,14,848,PORT JEFFERSON
phase44,-0.41876522441191527,NA,NA,NA,8514560,1979-08-01T09:42:00Z,1992-10-01T07:30:00Z,14,848,PORT JEFFERSON
(Intercept),110.23566935705476,0.13011080822357474,847.2445207444434,3.4030775199894157e-53,8516945,1998-11-01T08:12:00Z,2025-12-31T20:24:00Z,28,2322,Kings Point
sin18,2.2053973862037504,0.17749587150062512,12.425063003203334,1.0999289036622603e-11,8516945,1998-11-01T08:12:00Z,2025-12-31T20:24:00Z,28,2322,Kings Point
cos18,0.06305904855392634,0.18155897311775815,0.3473199229488183,0.7315091093141001,8516945,1998-11-01T08:12:00Z,2025-12-31T20:24:00Z,28,2322,Kings Point
sin44,0.30646436378886205,0.17705014891146373,1.7309466593112757,0.09685711192610529,8516945,1998-11-01T08:12:00Z,2025-12-31T20:24:00Z,28,2322,Kings Point
cos44,-0.07902589794196777,0.17392057422622173,-0.4543792377270863,0.6538150956134761,8516945,1998-11-01T08:12:00Z,2025-12-31T20:24:00Z,28,2322,Kings Point
amp18,2.2062987274344468,NA,NA,NA,8516945,1998-11-01T08:12:00Z,2025-12-31T20:24:00Z,28,2322,Kings Point
phase18,-0.08466594313862426,NA,NA,NA,8516945,1998-11-01T08:12:00Z,2025-12-31T20:24:00Z,28,2322,Kings Point
amp44,0.31648933444595934,NA,NA,NA,8516945,1998-11-01T08:12:00Z,2025-12-31T20:24:00Z,28,2322,Kings Point
phase44,0.1777311340526238,NA,NA,NA,8516945,1998-11-01T08:12:00Z,2025-12-31T20:24:00Z,28,2322,Kings Point
(Intercept),69.52686975722774,0.12134308714263756,572.9775910143082,3.9915242749144166e-85,8518750,1978-12-01T07:36:00Z,2025-12-31T22:30:00Z,48,12,The Battery
sin18,2.53496276382198,0.16748273931228808,15.135665766101974,7.79018247466348e-19,8518750,1978-12-01T07:36:00Z,2025-12-31T22:30:00Z,48,12,The Battery
cos18,-0.6594740933461773,0.17351653515037377,-3.800641205604184,4.497102733116593e-4,8518750,1978-12-01T07:36:00Z,2025-12-31T22:30:00Z,48,12,The Battery
sin44,-0.10029740216046268,0.17006886713654004,-0.5897458120888097,0.558447412761303,8518750,1978-12-01T07:36:00Z,2025-12-31T22:30:00Z,48,12,The Battery
cos44,-0.00218451554105533,0.16825764213893746,-0.01298315793140311,0.9897012817611552,8518750,1978-12-01T07:36:00Z,2025-12-31T22:30:00Z,48,12,The Battery
amp18,2.6193400492793475,NA,NA,NA,8518750,1978-12-01T07:36:00Z,2025-12-31T22:30:00Z,48,12,The Battery
phase18,0.7538260071049986,NA,NA,NA,8518750,1978-12-01T07:36:00Z,2025-12-31T22:30:00Z,48,12,The Battery
amp44,0.10032118912915008,NA,NA,NA,8518750,1978-12-01T07:36:00Z,2025-12-31T22:30:00Z,48,12,The Battery
phase44,2.197163360795222,NA,NA,NA,8518750,1978-12-01T07:36:00Z,2025-12-31T22:30:00Z,48,12,The Battery
(Intercept),75.34890715985392,0.1613507552028842,466.9882521783638,1.0591909597323831e-74,8519483,1981-09-18T04:06:00Z,2024-03-11T08:18:00Z,44,1637,Bergen Point West Reach
sin18,2.2685326605806546,0.228228974170756,9.93972245996859,3.0359821802239305e-12,8519483,1981-09-18T04:06:00Z,2024-03-11T08:18:00Z,44,1637,Bergen Point West Reach
cos18,-0.8718981977957168,0.22584306916321673,-3.86063739315195,4.144183711217407e-4,8519483,1981-09-18T04:06:00Z,2024-03-11T08:18:00Z,44,1637,Bergen Point West Reach
sin44,-0.3037394790898576,0.2245915428617911,-1.3524083552726314,0.1840348410213226,8519483,1981-09-18T04:06:00Z,2024-03-11T08:18:00Z,44,1637,Bergen Point West Reach
cos44,0.10957316517976548,0.2257190542565431,0.4854404761736644,0.6300799686913154,8519483,1981-09-18T04:06:00Z,2024-03-11T08:18:00Z,44,1637,Bergen Point West Reach
amp18,2.4303182712230433,NA,NA,NA,8519483,1981-09-18T04:06:00Z,2024-03-11T08:18:00Z,44,1637,Bergen Point West Reach
phase18,1.086823614890208,NA,NA,NA,8519483,1981-09-18T04:06:00Z,2024-03-11T08:18:00Z,44,1637,Bergen Point West Reach
amp44,0.32289928721706745,NA,NA,NA,8519483,1981-09-18T04:06:00Z,2024-03-11T08:18:00Z,44,1637,Bergen Point West Reach
phase44,-1.9686730759375743,NA,NA,NA,8519483,1981-09-18T04:06:00Z,2024-03-11T08:18:00Z,44,1637,Bergen Point West Reach
(Intercept),71.5843046538893,0.04825614886804678,1483.423487639509,9.608580103498656e-101,8531680,1979-08-01T05:36:00Z,2025-12-31T22:00:00Z,47,366,Sandy Hook
sin18,2.451371224481498,0.06713622473100705,36.51339100915105,1.890268113620676e-33,8531680,1979-08-01T05:36:00Z,2025-12-31T22:00:00Z,47,366,Sandy Hook
cos18,-0.5345105481241863,0.06815539345540413,-7.84252750993112,9.295524589692743e-10,8531680,1979-08-01T05:36:00Z,2025-12-31T22:00:00Z,47,366,Sandy Hook
sin44,0.00703662581043885,0.06679189899983679,0.10535148597071704,0.9165984585649484,8531680,1979-08-01T05:36:00Z,2025-12-31T22:00:00Z,47,366,Sandy Hook
cos44,-0.0905198278797904,0.06745072759257993,-1.3420141058604125,0.18680171502828077,8531680,1979-08-01T05:36:00Z,2025-12-31T22:00:00Z,47,366,Sandy Hook
amp18,2.5089683948332095,NA,NA,NA,8531680,1979-08-01T05:36:00Z,2025-12-31T22:00:00Z,47,366,Sandy Hook
phase18,0.6358707152073029,NA,NA,NA,8531680,1979-08-01T05:36:00Z,2025-12-31T22:00:00Z,47,366,Sandy Hook
amp44,0.09079291460341504,NA,NA,NA,8531680,1979-08-01T05:36:00Z,2025-12-31T22:00:00Z,47,366,Sandy Hook
phase44,1.0516136554703184,NA,NA,NA,8531680,1979-08-01T05:36:00Z,2025-12-31T22:00:00Z,47,366,Sandy Hook
(Intercept),60.74338884420269,0.07205563587517236,843.0067697887398,7.421302855594467e-81,8534720,1979-01-01T07:54:00Z,2025-12-31T21:48:00Z,42,180,Atlantic City
sin18,2.2546652986607465,0.10076234913588078,22.37606921629297,4.231368810124157e-23,8534720,1979-01-01T07:54:00Z,2025-12-31T21:48:00Z,42,180,Atlantic City
cos18,-0.4724324548836502,0.10001530381042076,-4.723601657793761,3.302528484783155e-5,8534720,1979-01-01T07:54:00Z,2025-12-31T21:48:00Z,42,180,Atlantic City
sin44,0.0428968603422518,0.09904878633198352,0.43308819755220074,0.667465026745439,8534720,1979-01-01T07:54:00Z,2025-12-31T21:48:00Z,42,180,Atlantic City
cos44,0.03155338776805355,0.09848455554656048,0.32038919801121585,0.7504757733901727,8534720,1979-01-01T07:54:00Z,2025-12-31T21:48:00Z,42,180,Atlantic City
amp18,2.303629317709849,NA,NA,NA,8534720,1979-01-01T07:54:00Z,2025-12-31T21:48:00Z,42,180,Atlantic City
phase18,0.6117669323699219,NA,NA,NA,8534720,1979-01-01T07:54:00Z,2025-12-31T21:48:00Z,42,180,Atlantic City
amp44,0.05325182538527488,NA,NA,NA,8534720,1979-01-01T07:54:00Z,2025-12-31T21:48:00Z,42,180,Atlantic City
phase44,-0.4466406044787225,NA,NA,NA,8534720,1979-01-01T07:54:00Z,2025-12-31T21:48:00Z,42,180,Atlantic City
(Intercept),73.56710671507804,0.10134642209528674,725.8974238469873,1.043505062839902e-87,8536110,1979-01-01T08:42:00Z,2025-12-31T22:54:00Z,47,1153,Cape May
sin18,2.01036523016814,0.1409979107134678,14.258120705444712,1.074742041443472e-17,8536110,1979-01-01T08:42:00Z,2025-12-31T22:54:00Z,47,1153,Cape May
cos18,-0.2147460962315945,0.1431383447545575,-1.5002695231653291,0.14102511172748672,8536110,1979-01-01T08:42:00Z,2025-12-31T22:54:00Z,47,1153,Cape May
sin44,0.08468877823375959,0.14027476595973137,0.603734945870957,0.5492669956750778,8536110,1979-01-01T08:42:00Z,2025-12-31T22:54:00Z,47,1153,Cape May
cos44,-0.00674594653890102,0.14165842218209526,-0.04762121753854796,0.9622438513498924,8536110,1979-01-01T08:42:00Z,2025-12-31T22:54:00Z,47,1153,Cape May
amp18,2.021802226854968,NA,NA,NA,8536110,1979-01-01T08:42:00Z,2025-12-31T22:54:00Z,47,1153,Cape May
phase18,0.3151904898882638,NA,NA,NA,8536110,1979-01-01T08:42:00Z,2025-12-31T22:54:00Z,47,1153,Cape May
amp44,0.08495703004126628,NA,NA,NA,8536110,1979-01-01T08:42:00Z,2025-12-31T22:54:00Z,47,1153,Cape May
phase44,0.05598019565679702,NA,NA,NA,8536110,1979-01-01T08:42:00Z,2025-12-31T22:54:00Z,47,1153,Cape May
(Intercept),94.60464572601948,0.28694429464801807,329.6969045579625,4.433139121422811e-58,8545240,1989-09-01T07:00:00Z,2025-12-31T23:12:00Z,37,135,Philadelphia
sin18,0.5326706226711939,0.4065752385727516,1.3101403433743029,0.1994754510209941,8545240,1989-09-01T07:00:00Z,2025-12-31T23:12:00Z,37,135,Philadelphia
cos18,-0.21908207302746996,0.4052228825118604,-0.5406458580755437,0.5924953594595858,8545240,1989-09-01T07:00:00Z,2025-12-31T23:12:00Z,37,135,Philadelphia
sin44,-0.33603544745430114,0.4086848253333032,-0.8222361747350105,0.4170273628700334,8545240,1989-09-01T07:00:00Z,2025-12-31T23:12:00Z,37,135,Philadelphia
cos44,-0.03592499970325541,0.4037676390635953,-0.08897444031565159,0.9296567549617194,8545240,1989-09-01T07:00:00Z,2025-12-31T23:12:00Z,37,135,Philadelphia
amp18,0.5759643625945369,NA,NA,NA,8545240,1989-09-01T07:00:00Z,2025-12-31T23:12:00Z,37,135,Philadelphia
phase18,1.1557261293937264,NA,NA,NA,8545240,1989-09-01T07:00:00Z,2025-12-31T23:12:00Z,37,135,Philadelphia
amp44,0.33795033296253946,NA,NA,NA,8545240,1989-09-01T07:00:00Z,2025-12-31T23:12:00Z,37,135,Philadelphia
phase44,2.137493543207646,NA,NA,NA,8545240,1989-09-01T07:00:00Z,2025-12-31T23:12:00Z,37,135,Philadelphia
(Intercept),81.98310957128456,0.2072223277015426,395.62874561163545,1.2231652321446596e-76,8551910,1979-06-28T18:42:00Z,2025-12-31T20:24:00Z,47,786,Reedy Point
sin18,0.8072436480709199,0.28829745199715234,2.8000374005348245,0.0076888009394733,8551910,1979-06-28T18:42:00Z,2025-12-31T20:24:00Z,47,786,Reedy Point
cos18,0.12437674407806336,0.2926739826641077,0.42496686226054625,0.6730302060874087,8551910,1979-06-28T18:42:00Z,2025-12-31T20:24:00Z,47,786,Reedy Point
sin44,0.22958156594811224,0.2868188429250577,0.8004410156835446,0.4279599844662037,8551910,1979-06-28T18:42:00Z,2025-12-31T20:24:00Z,47,786,Reedy Point
cos44,-0.05406966694405663,0.289647995224755,-0.1866737137334604,0.8528152584584426,8551910,1979-06-28T18:42:00Z,2025-12-31T20:24:00Z,47,786,Reedy Point
amp18,0.8167691729113601,NA,NA,NA,8551910,1979-06-28T18:42:00Z,2025-12-31T20:24:00Z,47,786,Reedy Point
phase18,-0.45279255133872753,NA,NA,NA,8551910,1979-06-28T18:42:00Z,2025-12-31T20:24:00Z,47,786,Reedy Point
amp44,0.235862723435961,NA,NA,NA,8551910,1979-06-28T18:42:00Z,2025-12-31T20:24:00Z,47,786,Reedy Point
phase44,0.16289476368874248,NA,NA,NA,8551910,1979-06-28T18:42:00Z,2025-12-31T20:24:00Z,47,786,Reedy Point
(Intercept),61.695703200486854,0.09932870996093927,621.1265929533214,7.268256253294445e-85,8557380,1979-06-01T06:00:00Z,2025-12-31T23:00:00Z,47,224,Lewes
sin18,1.8749409500379273,0.1381907746598958,13.567772195013625,6.007355047977047e-17,8557380,1979-06-01T06:00:00Z,2025-12-31T23:00:00Z,47,224,Lewes
cos18,-0.44642508603959014,0.14028859466836166,-3.1821908765636056,0.00274956261375931,8557380,1979-06-01T06:00:00Z,2025-12-31T23:00:00Z,47,224,Lewes
sin44,0.00882789877331247,0.1374820270394211,0.06421129338441597,0.9491066326015752,8557380,1979-06-01T06:00:00Z,2025-12-31T23:00:00Z,47,224,Lewes
cos44,-0.02415228512763985,0.13883813596517688,-0.1739600215728745,0.8627326703898548,8557380,1979-06-01T06:00:00Z,2025-12-31T23:00:00Z,47,224,Lewes
amp18,1.927355422223566,NA,NA,NA,8557380,1979-06-01T06:00:00Z,2025-12-31T23:00:00Z,47,224,Lewes
phase18,0.6923335390518279,NA,NA,NA,8557380,1979-06-01T06:00:00Z,2025-12-31T23:00:00Z,47,224,Lewes
amp44,0.02571506705491286,NA,NA,NA,8557380,1979-06-01T06:00:00Z,2025-12-31T23:00:00Z,47,224,Lewes
phase44,0.8594596710211937,NA,NA,NA,8557380,1979-06-01T06:00:00Z,2025-12-31T23:00:00Z,47,224,Lewes
(Intercept),51.50808186191722,0.18287456786998404,281.65798263724264,2.8267268991807456e-17,8570280,1979-08-01T05:48:00Z,1991-11-01T02:00:00Z,13,2292,"OCEAN CITY, FISHING PIER"
sin18,1.5862824397331463,0.26908998757159475,5.894988713807481,3.63794996905091e-4,8570280,1979-08-01T05:48:00Z,1991-11-01T02:00:00Z,13,2292,"OCEAN CITY, FISHING PIER"
cos18,0.02198146946422323,0.2229989642252174,0.09857206978783582,0.9239031648228972,8570280,1979-08-01T05:48:00Z,1991-11-01T02:00:00Z,13,2292,"OCEAN CITY, FISHING PIER"
sin44,0.23981232013277215,0.208694054811855,1.1491094959507655,0.2837045556948392,8570280,1979-08-01T05:48:00Z,1991-11-01T02:00:00Z,13,2292,"OCEAN CITY, FISHING PIER"
cos44,-0.16139225673509966,0.21013413173229023,-0.7680439888780778,0.46452575267972407,8570280,1979-08-01T05:48:00Z,1991-11-01T02:00:00Z,13,2292,"OCEAN CITY, FISHING PIER"
amp18,1.5864347334843467,NA,NA,NA,8570280,1979-08-01T05:48:00Z,1991-11-01T02:00:00Z,13,2292,"OCEAN CITY, FISHING PIER"
phase18,-0.04104071459852628,NA,NA,NA,8570280,1979-08-01T05:48:00Z,1991-11-01T02:00:00Z,13,2292,"OCEAN CITY, FISHING PIER"
amp44,0.28906298521518026,NA,NA,NA,8570280,1979-08-01T05:48:00Z,1991-11-01T02:00:00Z,13,2292,"OCEAN CITY, FISHING PIER"
phase44,0.41718307255026155,NA,NA,NA,8570280,1979-08-01T05:48:00Z,1991-11-01T02:00:00Z,13,2292,"OCEAN CITY, FISHING PIER"
(Intercept),24.67508939645806,0.07023870489497894,351.3033082451094,6.013246929396397e-73,8571892,1980-11-01T11:18:00Z,2025-12-31T18:36:00Z,46,1295,Cambridge
sin18,0.38433367514067635,0.09835957873999666,3.907435148300325,3.4190611310711065e-4,8571892,1980-11-01T11:18:00Z,2025-12-31T18:36:00Z,46,1295,Cambridge
cos18,-0.06325546709975902,0.0984889384474037,-0.642259609017306,0.524279847871361,8571892,1980-11-01T11:18:00Z,2025-12-31T18:36:00Z,46,1295,Cambridge
sin44,0.02224402568799407,0.09818941907908174,0.22654198279835772,0.8219056049148279,8571892,1980-11-01T11:18:00Z,2025-12-31T18:36:00Z,46,1295,Cambridge
cos44,0.08178957131129364,0.09712475319267068,0.8421084082349638,0.4046127481891333,8571892,1980-11-01T11:18:00Z,2025-12-31T18:36:00Z,46,1295,Cambridge
amp18,0.389504336259749,NA,NA,NA,8571892,1980-11-01T11:18:00Z,2025-12-31T18:36:00Z,46,1295,Cambridge
phase18,0.4831477961100203,NA,NA,NA,8571892,1980-11-01T11:18:00Z,2025-12-31T18:36:00Z,46,1295,Cambridge
amp44,0.08476043094565605,NA,NA,NA,8571892,1980-11-01T11:18:00Z,2025-12-31T18:36:00Z,46,1295,Cambridge
phase44,-0.9192379338641442,NA,NA,NA,8571892,1980-11-01T11:18:00Z,2025-12-31T18:36:00Z,46,1295,Cambridge
(Intercept),18.424125276150978,0.06730096026148136,273.75724216368627,1.5598597024325003e-52,8573364,1983-03-19T14:30:00Z,2025-12-31T21:42:00Z,35,2323,Tolchester Beach
sin18,0.25630898557517645,0.08756429401169918,2.9270947532670317,0.00646911642662601,8573364,1983-03-19T14:30:00Z,2025-12-31T21:42:00Z,35,2323,Tolchester Beach
cos18,-0.1559005354931263,0.1012636452370434,-1.5395508933950175,0.13415235428688924,8573364,1983-03-19T14:30:00Z,2025-12-31T21:42:00Z,35,2323,Tolchester Beach
sin44,0.04130967273608998,0.0926260561312792,0.44598328441774154,0.6588116344273564,8573364,1983-03-19T14:30:00Z,2025-12-31T21:42:00Z,35,2323,Tolchester Beach
cos44,0.02487783545121552,0.092455446439327807,0.2690791771530859,0.7897107511966563,8573364,1983-03-19T14:30:00Z,2025-12-31T21:42:00Z,35,2323,Tolchester Beach
amp18,0.2999987884202527,NA,NA,NA,8573364,1983-03-19T14:30:00Z,2025-12-31T21:42:00Z,35,2323,Tolchester Beach
phase18,1.6185610818303318,NA,NA,NA,8573364,1983-03-19T14:30:00Z,2025-12-31T21:42:00Z,35,2323,Tolchester Beach
amp44,0.04822235745274812,NA,NA,NA,8573364,1983-03-19T14:30:00Z,2025-12-31T21:42:00Z,35,2323,Tolchester Beach
phase44,-0.3817487078375882,NA,NA,NA,8573364,1983-03-19T14:30:00Z,2025-12-31T21:42:00Z,35,2323,Tolchester Beach
(Intercept),17.365288507541504,0.06176094264363559,281.1694213888586,2.0633463351175445e-70,8574680,1979-06-01T10:24:00Z,2025-12-31T21:24:00Z,47,148,"Baltimore, Fort McHenry, Patapsco River"
sin18,0.33894010505912275,0.08592472922487039,3.9446165046629975,2.9780514664501124e-4,8574680,1979-06-01T10:24:00Z,2025-12-31T21:24:00Z,47,148,"Baltimore, Fort McHenry, Patapsco River"
cos18,-0.08051147107914336,0.08722911887485661,-0.922988471254069,0.3612854769300111,8574680,1979-06-01T10:24:00Z,2025-12-31T21:24:00Z,47,148,"Baltimore, Fort McHenry, Patapsco River"
sin44,0.08445944418523131,0.08548404172219203,0.9880141659622216,0.32880371422013166,8574680,1979-06-01T10:24:00Z,2025-12-31T21:24:00Z,47,148,"Baltimore, Fort McHenry, Patapsco River"
cos44,0.01338505856728313,0.08632724773599267,0.15505021784335726,0.8775244834712613,8574680,1979-06-01T10:24:00Z,2025-12-31T21:24:00Z,47,148,"Baltimore, Fort McHenry, Patapsco River"
amp18,0.3483711982825459,NA,NA,NA,8574680,1979-06-01T10:24:00Z,2025-12-31T21:24:00Z,47,148,"Baltimore, Fort McHenry, Patapsco River"
phase18,0.6907582280876388,NA,NA,NA,8574680,1979-06-01T10:24:00Z,2025-12-31T21:24:00Z,47,148,"Baltimore, Fort McHenry, Patapsco River"
amp44,0.085513493116161493,NA,NA,NA,8574680,1979-06-01T10:24:00Z,2025-12-31T21:24:00Z,47,148,"Baltimore, Fort McHenry, Patapsco River"
phase44,-0.11069004790084884,NA,NA,NA,8574680,1979-06-01T10:24:00Z,2025-12-31T21:24:00Z,47,148,"Baltimore, Fort McHenry, Patapsco River"
(Intercept),14.891453780367208,0.0345059879457407,431.5614380838314,3.1780844211689334e-78,8575512,1979-06-01T02:30:00Z,2025-12-31T19:54:00Z,47,311,Annapolis
sin18,0.1519211152976087,0.04800635391823871,3.1646043262596204,0.0028868773631394,8575512,1979-06-01T02:30:00Z,2025-12-31T19:54:00Z,47,311,Annapolis
cos18,-0.02425187943420487,0.04873511956870295,-0.4976263452071042,0.621342912547072,8575512,1979-06-01T02:30:00Z,2025-12-31T19:54:00Z,47,311,Annapolis
sin44,-0.00147804475003374,0.04776014074524684,-0.03094724443794357,0.97545820996536,8575512,1979-06-01T02:30:00Z,2025-12-31T19:54:00Z,47,311,Annapolis
cos44,-7.492197859639106e-4,0.04823124198338476,-0.01553391028624165,0.9876797894356856,8575512,1979-06-01T02:30:00Z,2025-12-31T19:54:00Z,47,311,Annapolis
amp18,0.15384465843623082,NA,NA,NA,8575512,1979-06-01T02:30:00Z,2025-12-31T19:54:00Z,47,311,Annapolis
phase18,0.46886174751669346,NA,NA,NA,8575512,1979-06-01T02:30:00Z,2025-12-31T19:54:00Z,47,311,Annapolis
amp44,0.00165708978959563,NA,NA,NA,8575512,1979-06-01T02:30:00Z,2025-12-31T19:54:00Z,47,311,Annapolis
phase44,1.8820948826494508,NA,NA,NA,8575512,1979-06-01T02:30:00Z,2025-12-31T19:54:00Z,47,311,Annapolis
(Intercept),17.918477435860797,0.04741734731831259,377.88865150077,1.7292867517529328e-48,8577330,1996-01-01T03:48:00Z,2025-12-31T22:54:00Z,30,412,Solomons Island
sin18,0.40976608276114534,0.06289319419282564,6.515269068777687,7.984033211037201e-7,8577330,1996-01-01T03:48:00Z,2025-12-31T22:54:00Z,30,412,Solomons Island
cos18,-0.14184399129050945,0.069005479943027,-2.055546768280144,0.05041260945687205,8577330,1996-01-01T03:48:00Z,2025-12-31T22:54:00Z,30,412,Solomons Island
sin44,0.0784065696702486,0.06491004525792052,1.207926590694854,0.23837866344804456,8577330,1996-01-01T03:48:00Z,2025-12-31T22:54:00Z,30,412,Solomons Island
cos44,0.02456859775774515,0.06427753235009251,0.38222683509271016,0.7055231822609659,8577330,1996-01-01T03:48:00Z,2025-12-31T22:54:00Z,30,412,Solomons Island
amp18,0.4336219095555896,NA,NA,NA,8577330,1996-01-01T03:48:00Z,2025-12-31T22:54:00Z,30,412,Solomons Island
phase18,0.9870396333520528,NA,NA,NA,8577330,1996-01-01T03:48:00Z,2025-12-31T22:54:00Z,30,412,Solomons Island
amp44,0.08216572377358718,NA,NA,NA,8577330,1996-01-01T03:48:00Z,2025-12-31T22:54:00Z,30,412,Solomons Island
phase44,-0.21385429264236103,NA,NA,NA,8577330,1996-01-01T03:48:00Z,2025-12-31T22:54:00Z,30,412,Solomons Island
(Intercept),42.34336479425379,0.1316311494726994,321.6819496287685,7.251498728585236e-73,8594900,1979-06-01T05:18:00Z,2025-12-31T22:12:00Z,47,360,Washington
sin18,0.7403991847386561,0.18313144832101527,4.0429931152010194,2.2056211804444777e-4,8594900,1979-06-01T05:18:00Z,2025-12-31T22:12:00Z,47,360,Washington
cos18,-0.07920815447870762,0.1859114950890623,-0.42605302292234465,0.6722448198599423,8594900,1979-06-01T05:18:00Z,2025-12-31T22:12:00Z,47,360,Washington
sin44,-0.0450797315700937,0.18219221067254673,-0.2474295218422664,0.8057814285623189,8594900,1979-06-01T05:18:00Z,2025-12-31T22:12:00Z,47,360,Washington
cos44,-0.09436564266423988,0.1839893363653864,-0.5128864777078066,0.6107179330878283,8594900,1979-06-01T05:18:00Z,2025-12-31T22:12:00Z,47,360,Washington
amp18,0.7446239886664875,NA,NA,NA,8594900,1979-06-01T05:18:00Z,2025-12-31T22:12:00Z,47,360,Washington
phase18,0.3156616509294259,NA,NA,NA,8594900,1979-06-01T05:18:00Z,2025-12-31T22:12:00Z,47,360,Washington
amp44,0.10458038398221108,NA,NA,NA,8594900,1979-06-01T05:18:00Z,2025-12-31T22:12:00Z,47,360,Washington
phase44,1.4201107148841312,NA,NA,NA,8594900,1979-06-01T05:18:00Z,2025-12-31T22:12:00Z,47,360,Washington
(Intercept),39.45374320583075,0.07160618512270622,550.9823367663253,2.1480268970997517e-84,8632200,1978-10-01T06:24:00Z,2025-12-31T22:54:00Z,48,636,Kiptopeke
sin18,1.2329412143531673,0.09883381343311493,12.47489266603632,6.997926569212387e-16,8632200,1978-10-01T06:24:00Z,2025-12-31T22:54:00Z,48,636,Kiptopeke
cos18,-0.17802251272929046,0.10239443737922156,-1.7385955456738098,0.08926228839274088,8632200,1978-10-01T06:24:00Z,2025-12-31T22:54:00Z,48,636,Kiptopeke
sin44,0.09584014399376084,0.10035992218883404,0.9549643114851272,0.3449338229959106,8632200,1978-10-01T06:24:00Z,2025-12-31T22:54:00Z,48,636,Kiptopeke
cos44,-0.03869979302787596,0.09929109399654693,-0.38976096918845343,0.6986371920056829,8632200,1978-10-01T06:24:00Z,2025-12-31T22:54:00Z,48,636,Kiptopeke
amp18,1.2457271182281908,NA,NA,NA,8632200,1978-10-01T06:24:00Z,2025-12-31T22:54:00Z,48,636,Kiptopeke
phase18,0.4247250941981624,NA,NA,NA,8632200,1978-10-01T06:24:00Z,2025-12-31T22:54:00Z,48,636,Kiptopeke
amp44,0.10335863380069056,NA,NA,NA,8632200,1978-10-01T06:24:00Z,2025-12-31T22:54:00Z,48,636,Kiptopeke
phase44,0.27027680351223005,NA,NA,NA,8632200,1978-10-01T06:24:00Z,2025-12-31T22:54:00Z,48,636,Kiptopeke
(Intercept),18.914688888887436,0.03319870979064165,569.7416859922454,2.7310941763141926e-83,8635750,1979-07-01T05:12:00Z,2025-12-31T21:54:00Z,47,2324,Lewisetta
sin18,0.526622754270616,0.04618760704213271,11.40181940558701,1.9384131374481122e-14,8635750,1979-07-01T05:12:00Z,2025-12-31T21:54:00Z,47,2324,Lewisetta
cos18,-0.10162859965169985,0.04688876300883607,-2.1674404085377166,0.03591946033085836,8635750,1979-07-01T05:12:00Z,2025-12-31T21:54:00Z,47,2324,Lewisetta
sin44,0.06482883651976631,0.04595072178935735,1.4108339106608183,0.16565801289885515,8635750,1979-07-01T05:12:00Z,2025-12-31T21:54:00Z,47,2324,Lewisetta
cos44,0.00802285570796081,0.04640397510039269,0.1728915613501595,0.8635671763055878,8635750,1979-07-01T05:12:00Z,2025-12-31T21:54:00Z,47,2324,Lewisetta
amp18,0.5363393492768688,NA,NA,NA,8635750,1979-07-01T05:12:00Z,2025-12-31T21:54:00Z,47,2324,Lewisetta
phase18,0.5646464080794602,NA,NA,NA,8635750,1979-07-01T05:12:00Z,2025-12-31T21:54:00Z,47,2324,Lewisetta
amp44,0.06532338217068484,NA,NA,NA,8635750,1979-07-01T05:12:00Z,2025-12-31T21:54:00Z,47,2324,Lewisetta
phase44,-0.08671448349837417,NA,NA,NA,8635750,1979-07-01T05:12:00Z,2025-12-31T21:54:00Z,47,2324,Lewisetta
(Intercept),36.77282906205073,0.06085724656603167,604.2473351493363,2.3116454321673326e-84,8638610,1979-08-01T07:12:00Z,2025-12-31T23:30:00Z,47,299,Sewells Point
sin18,1.0619434158081336,0.08466746472329473,12.542520545273383,8.598463608786915e-16,8638610,1979-08-01T07:12:00Z,2025-12-31T23:30:00Z,47,299,Sewells Point
cos18,-0.17968369300191997,0.0859527683334651,-2.090493377767815,0.04266441974541164,8638610,1979-08-01T07:12:00Z,2025-12-31T23:30:00Z,47,299,Sewells Point
sin44,-0.01408276573598379,0.08423322543125843,-0.1671877773156929,0.8680246824279524,8638610,1979-08-01T07:12:00Z,2025-12-31T23:30:00Z,47,299,Sewells Point
cos44,0.01871236145175606,0.08506409351861777,0.21997955515343892,0.826952815634267,8638610,1979-08-01T07:12:00Z,2025-12-31T23:30:00Z,47,299,Sewells Point
amp18,1.0770376260414742,NA,NA,NA,8638610,1979-08-01T07:12:00Z,2025-12-31T23:30:00Z,47,299,Sewells Point
phase18,0.496454868831808,NA,NA,NA,8638610,1979-08-01T07:12:00Z,2025-12-31T23:30:00Z,47,299,Sewells Point
amp44,0.0234195807365496,NA,NA,NA,8638610,1979-08-01T07:12:00Z,2025-12-31T23:30:00Z,47,299,Sewells Point
phase44,-1.5606091357044736,NA,NA,NA,8638610,1979-08-01T07:12:00Z,2025-12-31T23:30:00Z,47,299,Sewells Point
(Intercept),41.87423392617506,0.14714112972297913,284.58551327566386,9.146698148691603e-10,8638660,1979-09-01T08:30:00Z,1987-04-03T11:48:00Z,9,399,"PORTSMOUTH, NORFOLK NAVAL SHIPYARD"
sin18,1.2146106311901406,0.10840750185957446,11.204119736690226,3.613442172405809e-4,8638660,1979-09-01T08:30:00Z,1987-04-03T11:48:00Z,9,399,"PORTSMOUTH, NORFOLK NAVAL SHIPYARD"
cos18,-0.5677879851472449,0.1949368739793076,-2.912676157962373,0.04356132951873778,8638660,1979-09-01T08:30:00Z,1987-04-03T11:48:00Z,9,399,"PORTSMOUTH, NORFOLK NAVAL SHIPYARD"
sin44,0.2005704087166158,0.08418256054683065,2.3825648378209965,0.07577760148701417,8638660,1979-09-01T08:30:00Z,1987-04-03T11:48:00Z,9,399,"PORTSMOUTH, NORFOLK NAVAL SHIPYARD"
cos44,0.24673411587571129,0.08496057853576258,2.9041011740739635,0.0439369615258087,8638660,1979-09-01T08:30:00Z,1987-04-03T11:48:00Z,9,399,"PORTSMOUTH, NORFOLK NAVAL SHIPYARD"
amp18,1.3407692499001012,NA,NA,NA,8638660,1979-09-01T08:30:00Z,1987-04-03T11:48:00Z,9,399,"PORTSMOUTH, NORFOLK NAVAL SHIPYARD"
phase18,1.2951755715108,NA,NA,NA,8638660,1979-09-01T08:30:00Z,1987-04-03T11:48:00Z,9,399,"PORTSMOUTH, NORFOLK NAVAL SHIPYARD"
amp44,0.3179720314583018,NA,NA,NA,8638660,1979-09-01T08:30:00Z,1987-04-03T11:48:00Z,9,399,"PORTSMOUTH, NORFOLK NAVAL SHIPYARD"
phase44,-0.625551243038701,NA,NA,NA,8638660,1979-09-01T08:30:00Z,1987-04-03T11:48:00Z,9,399,"PORTSMOUTH, NORFOLK NAVAL SHIPYARD"
(Intercept),38.79878959966453,0.04800468708746069,808.2291949737373,2.0492812274548435e-74,8638863,1979-11-01T16:36:00Z,2017-09-28T12:18:00Z,39,1635,Chesapeake Bay Bridge Tunnel
sin18,1.185320225694676,0.06767256421219132,17.515521090320064,1.3718061819050295e-18,8638863,1979-11-01T16:36:00Z,2017-09-28T12:18:00Z,39,1635,Chesapeake Bay Bridge Tunnel
cos18,-0.2971795853549367,0.06814038393908677,-4.361284280707849,1.136815317298271e-4,8638863,1979-11-01T16:36:00Z,2017-09-28T12:18:00Z,39,1635,Chesapeake Bay Bridge Tunnel
sin44,0.03695004270374132,0.06700658117254177,0.5514390087832576,0.5849389576933575,8638863,1979-11-01T16:36:00Z,2017-09-28T12:18:00Z,39,1635,Chesapeake Bay Bridge Tunnel
cos44,-0.05816283829388306,0.06861543807840384,-0.8476640231812401,0.402553045033043,8638863,1979-11-01T16:36:00Z,2017-09-28T12:18:00Z,39,1635,Chesapeake Bay Bridge Tunnel
amp18,1.222006441633026,NA,NA,NA,8638863,1979-11-01T16:36:00Z,2017-09-28T12:18:00Z,39,1635,Chesapeake Bay Bridge Tunnel
phase18,0.7275933999621126,NA,NA,NA,8638863,1979-11-01T16:36:00Z,2017-09-28T12:18:00Z,39,1635,Chesapeake Bay Bridge Tunnel
amp44,0.06890733933485385,NA,NA,NA,8638863,1979-11-01T16:36:00Z,2017-09-28T12:18:00Z,39,1635,Chesapeake Bay Bridge Tunnel
phase44,0.7076653260824888,NA,NA,NA,8638863,1979-11-01T16:36:00Z,2017-09-28T12:18:00Z,39,1635,Chesapeake Bay Bridge Tunnel
(Intercept),48.94781071878707,0.05966483699085886,820.3795264920655,6.120505771788711e-90,8651370,1979-11-01T09:30:00Z,2025-12-31T21:36:00Z,47,1636,Duck
sin18,1.6451886800037274,0.08300852842008687,19.81951386582605,6.203246206416136e-23,8651370,1979-11-01T09:30:00Z,2025-12-31T21:36:00Z,47,1636,Duck
cos18,-0.45953515198319766,0.08426864836819148,-5.45321612345519,2.418237540782543e-6,8651370,1979-11-01T09:30:00Z,2025-12-31T21:36:00Z,47,1636,Duck
sin44,0.04336016800707671,0.08258279741784279,0.5250508503325214,0.6023086737463277,8651370,1979-11-01T09:30:00Z,2025-12-31T21:36:00Z,47,1636,Duck
cos44,-0.03467249486039233,0.08339738584880987,-0.4157503800328908,0.6797093031056447,8651370,1979-11-01T09:30:00Z,2025-12-31T21:36:00Z,47,1636,Duck
amp18,1.708162272361917,NA,NA,NA,8651370,1979-11-01T09:30:00Z,2025-12-31T21:36:00Z,47,1636,Duck
phase18,0.8067510140490549,NA,NA,NA,8651370,1979-11-01T09:30:00Z,2025-12-31T21:36:00Z,47,1636,Duck
amp44,0.05551833993777057,NA,NA,NA,8651370,1979-11-01T09:30:00Z,2025-12-31T21:36:00Z,47,1636,Duck
phase44,0.47503855943593815,NA,NA,NA,8651370,1979-11-01T09:30:00Z,2025-12-31T21:36:00Z,47,1636,Duck
(Intercept),13.100769565912858,0.22439082790464815,58.383712419296614,1.2522207625471303e-31,8652587,1979-11-01T10:24:00Z,2025-12-31T21:48:00Z,34,2325,Oregon Inlet Marina
sin18,0.19807221604270708,0.2934885746256261,0.6748890184068252,0.5050917909426091,8652587,1979-11-01T10:24:00Z,2025-12-31T21:48:00Z,34,2325,Oregon Inlet Marina
cos18,1.1436094066633666,0.33214728617310124,3.4430791828519274,0.00176983145964016,8652587,1979-11-01T10:24:00Z,2025-12-31T21:48:00Z,34,2325,Oregon Inlet Marina
sin44,-0.24626602053905963,0.3060432936495918,-0.8046770690588144,0.4275540610279888,8652587,1979-11-01T10:24:00Z,2025-12-31T21:48:00Z,34,2325,Oregon Inlet Marina
cos44,0.1957944458842052,0.3064665078675732,0.6388771394517593,0.5279170127526944,8652587,1979-11-01T10:24:00Z,2025-12-31T21:48:00Z,34,2325,Oregon Inlet Marina
amp18,1.160635635234851,NA,NA,NA,8652587,1979-11-01T10:24:00Z,2025-12-31T21:48:00Z,34,2325,Oregon Inlet Marina
phase18,-4.1445451265759505,NA,NA,NA,8652587,1979-11-01T10:24:00Z,2025-12-31T21:48:00Z,34,2325,Oregon Inlet Marina
amp44,0.31461471343732084,NA,NA,NA,8652587,1979-11-01T10:24:00Z,2025-12-31T21:48:00Z,34,2325,Oregon Inlet Marina
phase44,-1.7394361944946768,NA,NA,NA,8652587,1979-11-01T10:24:00Z,2025-12-31T21:48:00Z,34,2325,Oregon Inlet Marina
(Intercept),45.57563343699275,0.07248281599880434,628.7784602317956,2.2401770103457107e-46,8654400,1978-09-22T22:48:00Z,2003-09-18T09:00:00Z,26,2294,Cape Hatteras Fishing Pier
sin18,1.368037218979802,0.1019544312525096,13.41812417737486,9.039402789109605e-12,8654400,1978-09-22T22:48:00Z,2003-09-18T09:00:00Z,26,2294,Cape Hatteras Fishing Pier
cos18,-0.1500680213749168,0.09931546502808564,-1.5110236994055128,0.14568470546952916,8654400,1978-09-22T22:48:00Z,2003-09-18T09:00:00Z,26,2294,Cape Hatteras Fishing Pier
sin44,-0.1311174682513841,0.09882563261039136,-1.3267556684235915,0.19883688311012593,8654400,1978-09-22T22:48:00Z,2003-09-18T09:00:00Z,26,2294,Cape Hatteras Fishing Pier
cos44,-0.12504457119094106,0.09769692238316058,-1.2799233398624872,0.21453150672298943,8654400,1978-09-22T22:48:00Z,2003-09-18T09:00:00Z,26,2294,Cape Hatteras Fishing Pier
amp18,1.3762435262530297,NA,NA,NA,8654400,1978-09-22T22:48:00Z,2003-09-18T09:00:00Z,26,2294,Cape Hatteras Fishing Pier
phase18,0.3236113786429653,NA,NA,NA,8654400,1978-09-22T22:48:00Z,2003-09-18T09:00:00Z,26,2294,Cape Hatteras Fishing Pier
amp44,0.18118480969711295,NA,NA,NA,8654400,1978-09-22T22:48:00Z,2003-09-18T09:00:00Z,26,2294,Cape Hatteras Fishing Pier
phase44,1.6760679545588335,NA,NA,NA,8654400,1978-09-22T22:48:00Z,2003-09-18T09:00:00Z,26,2294,Cape Hatteras Fishing Pier
(Intercept),47.818831490484875,0.16752988504427196,285.43463441073885,1.0967106978456848e-70,8656483,1979-06-01T05:18:00Z,2025-12-31T22:00:00Z,47,2295,"Beaufort, Duke Marine Lab"
sin18,0.8906815520647993,0.233075458264336,3.821430015401526,4.3207252438053886e-4,8656483,1979-06-01T05:18:00Z,2025-12-31T22:00:00Z,47,2295,"Beaufort, Duke Marine Lab"
cos18,-0.3077822695969324,0.2366136854798114,-1.3007796610445566,0.20042574348255648,8656483,1979-06-01T05:18:00Z,2025-12-31T22:00:00Z,47,2295,"Beaufort, Duke Marine Lab"
sin44,-0.15338487942382625,0.2318800696659114,-0.6614836697471258,0.5119150361535906,8656483,1979-06-01T05:18:00Z,2025-12-31T22:00:00Z,47,2295,"Beaufort, Duke Marine Lab"
cos44,0.00613989512342944,0.23416731141634503,0.02622012050397944,0.979205956030242,8656483,1979-06-01T05:18:00Z,2025-12-31T22:00:00Z,47,2295,"Beaufort, Duke Marine Lab"
amp18,0.942360627714676,NA,NA,NA,8656483,1979-06-01T05:18:00Z,2025-12-31T22:00:00Z,47,2295,"Beaufort, Duke Marine Lab"
phase18,0.9854515860961096,NA,NA,NA,8656483,1979-06-01T05:18:00Z,2025-12-31T22:00:00Z,47,2295,"Beaufort, Duke Marine Lab"
amp44,0.1535077182033152,NA,NA,NA,8656483,1979-06-01T05:18:00Z,2025-12-31T22:00:00Z,47,2295,"Beaufort, Duke Marine Lab"
phase44,-2.1843239565953234,NA,NA,NA,8656483,1979-06-01T05:18:00Z,2025-12-31T22:00:00Z,47,2295,"Beaufort, Duke Marine Lab"
(Intercept),67.0517629828847,0.2795226559550152,239.87952874086756,1.6208717996048107e-67,8658120,1979-09-01T04:12:00Z,2025-12-31T23:54:00Z,47,396,Wilmington
sin18,0.9456354109829318,0.3888850703548371,2.4316577906168764,0.0193749835869243,8658120,1979-09-01T04:12:00Z,2025-12-31T23:54:00Z,47,396,Wilmington
cos18,-0.13167980237360197,0.3947885822469432,-0.33354511324553776,0.7403823971593414,8658120,1979-09-01T04:12:00Z,2025-12-31T23:54:00Z,47,396,Wilmington
sin44,-0.0249795134931792,0.3868905713086421,-0.06456480293300244,0.9488268409683752,8658120,1979-09-01T04:12:00Z,2025-12-31T23:54:00Z,47,396,Wilmington
cos44,-0.0075211016374215,0.39070682110027455,-0.0192499880504805,0.9847328411756252,8658120,1979-09-01T04:12:00Z,2025-12-31T23:54:00Z,47,396,Wilmington
amp18,0.954759603700329,NA,NA,NA,8658120,1979-09-01T04:12:00Z,2025-12-31T23:54:00Z,47,396,Wilmington
phase18,0.4098058745925852,NA,NA,NA,8658120,1979-09-01T04:12:00Z,2025-12-31T23:54:00Z,47,396,Wilmington
amp44,0.02608722032329903,NA,NA,NA,8658120,1979-09-01T04:12:00Z,2025-12-31T23:54:00Z,47,396,Wilmington
phase44,2.0065338921893145,NA,NA,NA,8658120,1979-09-01T04:12:00Z,2025-12-31T23:54:00Z,47,396,Wilmington
(Intercept),76.3264846050705,0.08919926136449113,855.6851641762015,8.503707275191599e-89,8661070,1979-12-01T10:00:00Z,2025-12-31T21:42:00Z,46,1444,Springmaid Pier
sin18,2.633139894794449,0.1223244676494167,21.52586432945744,5.8379156528501706e-24,8661070,1979-12-01T10:00:00Z,2025-12-31T21:42:00Z,46,1444,Springmaid Pier
cos18,-0.7793243928648275,0.12695258848654978,-6.1387042371916225,2.74664812550049e-7,8661070,1979-12-01T10:00:00Z,2025-12-31T21:42:00Z,46,1444,Springmaid Pier
sin44,0.23610203206202493,0.12412914013970486,1.9020677320111683,0.06420349884561168,8661070,1979-12-01T10:00:00Z,2025-12-31T21:42:00Z,46,1444,Springmaid Pier
cos44,0.03882220152880041,0.12267552018987524,0.3164624977233601,0.7532571400716271,8661070,1979-12-01T10:00:00Z,2025-12-31T21:42:00Z,46,1444,Springmaid Pier
amp18,2.746046651983949,NA,NA,NA,8661070,1979-12-01T10:00:00Z,2025-12-31T21:42:00Z,46,1444,Springmaid Pier
phase18,0.8522890355727794,NA,NA,NA,8661070,1979-12-01T10:00:00Z,2025-12-31T21:42:00Z,46,1444,Springmaid Pier
amp44,0.23927250756273744,NA,NA,NA,8661070,1979-12-01T10:00:00Z,2025-12-31T21:42:00Z,46,1444,Springmaid Pier
phase44,-0.11477437192828638,NA,NA,NA,8661070,1979-12-01T10:00:00Z,2025-12-31T21:42:00Z,46,1444,Springmaid Pier
(Intercept),79.59489784899954,0.07052108945962408,1128.668012064257,9.287326573060526e-96,8665530,1979-12-01T04:12:00Z,2025-12-31T22:06:00Z,47,234,"Charleston, Cooper River Entrance"
sin18,2.329134539574006,0.09811225763545706,23.739485724893505,5.827640011253541e-26,8665530,1979-12-01T04:12:00Z,2025-12-31T22:06:00Z,47,234,"Charleston, Cooper River Entrance"
cos18,-0.8243037020559988,0.099601661379303,-8.276003538905698,2.3119572769817974e-10,8665530,1979-12-01T04:12:00Z,2025-12-31T22:06:00Z,47,234,"Charleston, Cooper River Entrance"
sin44,0.06436036177069983,0.09760906319784234,0.6593687067792955,0.5132583930216341,8665530,1979-12-01T04:12:00Z,2025-12-31T22:06:00Z,47,234,"Charleston, Cooper River Entrance"
cos44,-0.08581293317814156,0.09857186920738202,-0.8705620971598158,0.38894205872596455,8665530,1979-12-01T04:12:00Z,2025-12-31T22:06:00Z,47,234,"Charleston, Cooper River Entrance"
amp18,2.4706971276665706,NA,NA,NA,8665530,1979-12-01T04:12:00Z,2025-12-31T22:06:00Z,47,234,"Charleston, Cooper River Entrance"
phase18,1.007492358708871,NA,NA,NA,8665530,1979-12-01T04:12:00Z,2025-12-31T22:06:00Z,47,234,"Charleston, Cooper River Entrance"
amp44,0.10726656360624008,NA,NA,NA,8665530,1979-12-01T04:12:00Z,2025-12-31T22:06:00Z,47,234,"Charleston, Cooper River Entrance"
phase44,0.6530540315975245,NA,NA,NA,8665530,1979-12-01T04:12:00Z,2025-12-31T22:06:00Z,47,234,"Charleston, Cooper River Entrance"
(Intercept),105.53363387852484,0.09081011491229636,1162.1352310857478,2.7221275503473763e-96,8670870,1979-12-01T04:42:00Z,2025-12-31T22:00:00Z,47,395,Fort Pulaski
sin18,3.2430871948634823,0.1263393044329207,25.66966162604912,2.6888640547915374e-27,8670870,1979-12-01T04:42:00Z,2025-12-31T22:00:00Z,47,395,Fort Pulaski
cos18,-0.8633580167269123,0.1282572119151483,-6.731457855937863,3.5241714305300764e-8,8670870,1979-12-01T04:42:00Z,2025-12-31T22:00:00Z,47,395,Fort Pulaski
sin44,0.06518630805278827,0.12569134018487566,0.5186221099791575,0.6067461494632835,8670870,1979-12-01T04:42:00Z,2025-12-31T22:00:00Z,47,395,Fort Pulaski
cos44,-0.04594684940359376,0.1269311469580624,-0.3619824645465028,0.7191800959689225,8670870,1979-12-01T04:42:00Z,2025-12-31T22:00:00Z,47,395,Fort Pulaski
amp18,3.3560395734457775,NA,NA,NA,8670870,1979-12-01T04:42:00Z,2025-12-31T22:00:00Z,47,395,Fort Pulaski
phase18,0.7706218351375665,NA,NA,NA,8670870,1979-12-01T04:42:00Z,2025-12-31T22:00:00Z,47,395,Fort Pulaski
amp44,0.0797519136301414,NA,NA,NA,8670870,1979-12-01T04:42:00Z,2025-12-31T22:00:00Z,47,395,Fort Pulaski
phase44,0.4323994430461164,NA,NA,NA,8670870,1979-12-01T04:42:00Z,2025-12-31T22:00:00Z,47,395,Fort Pulaski
(Intercept),91.90802812969277,0.1292433053739793,711.1240916018595,2.474679666915693e-87,8720030,1979-11-01T10:48:00Z,2025-12-31T23:00:00Z,47,112,Fernandina Beach
sin18,2.8157783136899175,0.1798093672640987,15.659797687593134,3.853153752540689e-19,8720030,1979-11-01T10:48:00Z,2025-12-31T23:00:00Z,47,112,Fernandina Beach
cos18,-0.6155406284109448,0.182538982821176,-3.3721050643410133,0.00161155843733395,8720030,1979-11-01T10:48:00Z,2025-12-31T23:00:00Z,47,112,Fernandina Beach
sin44,0.1668329334079389,0.17888716777935643,0.932615432839288,0.3563491423766134,8720030,1979-11-01T10:48:00Z,2025-12-31T23:00:00Z,47,112,Fernandina Beach
cos44,0.0945492520699988,0.18065169286058175,0.5233787216318385,0.6034614122511355,8720030,1979-11-01T10:48:00Z,2025-12-31T23:00:00Z,47,112,Fernandina Beach
amp18,2.8822730226456645,NA,NA,NA,8720030,1979-11-01T10:48:00Z,2025-12-31T23:00:00Z,47,112,Fernandina Beach
phase18,0.6374497901708661,NA,NA,NA,8720030,1979-11-01T10:48:00Z,2025-12-31T23:00:00Z,47,112,Fernandina Beach
amp44,0.1917623235583412,NA,NA,NA,8720030,1979-11-01T10:48:00Z,2025-12-31T23:00:00Z,47,112,Fernandina Beach
phase44,-0.36311470200752055,NA,NA,NA,8720030,1979-11-01T10:48:00Z,2025-12-31T23:00:00Z,47,112,Fernandina Beach
(Intercept),69.35103172901712,0.12563306916541664,552.0125568030585,6.472011187070127e-49,8720218,1995-09-20T03:54:00Z,2025-12-31T22:48:00Z,28,2326,Mayport (Bar Pilots Dock)
sin18,1.755343081915871,0.1714797981393578,10.236442432066214,4.909860848783492e-10,8720218,1995-09-20T03:54:00Z,2025-12-31T22:48:00Z,28,2326,Mayport (Bar Pilots Dock)
cos18,-1.084043705246564,0.18458703597277928,-5.8728052028877364,5.507191849206701e-6,8720218,1995-09-20T03:54:00Z,2025-12-31T22:48:00Z,28,2326,Mayport (Bar Pilots Dock)
sin44,0.20106378443322823,0.17663431422575374,1.1383053474890024,0.26671164251441515,8720218,1995-09-20T03:54:00Z,2025-12-31T22:48:00Z,28,2326,Mayport (Bar Pilots Dock)
cos44,-0.1381954417341248,0.17438503588586404,-0.7924730527026096,0.4361832578362982,8720218,1995-09-20T03:54:00Z,2025-12-31T22:48:00Z,28,2326,Mayport (Bar Pilots Dock)
amp18,2.0630996316500587,NA,NA,NA,8720218,1995-09-20T03:54:00Z,2025-12-31T22:48:00Z,28,2326,Mayport (Bar Pilots Dock)
phase18,1.6386182752029832,NA,NA,NA,8720218,1995-09-20T03:54:00Z,2025-12-31T22:48:00Z,28,2326,Mayport (Bar Pilots Dock)
amp44,0.2439766905396939,NA,NA,NA,8720218,1995-09-20T03:54:00Z,2025-12-31T22:48:00Z,28,2326,Mayport (Bar Pilots Dock)
phase44,0.4240818434959481,NA,NA,NA,8720218,1995-09-20T03:54:00Z,2025-12-31T22:48:00Z,28,2326,Mayport (Bar Pilots Dock)
(Intercept),68.07174880793504,0.14525953306000008,468.6215587641859,2.1622166676804637e-36,8720220,1979-11-01T10:54:00Z,2000-11-30T22:30:00Z,22,316,Mayport (Ferry Depot)
sin18,1.2048791123165383,0.20934284031350672,5.755530547460523,2.330529169979153e-5,8720220,1979-11-01T10:54:00Z,2000-11-30T22:30:00Z,22,316,Mayport (Ferry Depot)
cos18,-0.841193798164513,0.20111762446385856,-4.182596132024611,6.246543951618265e-4,8720220,1979-11-01T10:54:00Z,2000-11-30T22:30:00Z,22,316,Mayport (Ferry Depot)
sin44,-0.20601273604337397,0.20176844657928256,-1.0210354469990115,0.3215489412792031,8720220,1979-11-01T10:54:00Z,2000-11-30T22:30:00Z,22,316,Mayport (Ferry Depot)
cos44,-0.3164449050868396,0.2020076853830174,-1.5664993363338782,0.13565584418682036,8720220,1979-11-01T10:54:00Z,2000-11-30T22:30:00Z,22,316,Mayport (Ferry Depot)
amp18,1.4694695237966418,NA,NA,NA,8720220,1979-11-01T10:54:00Z,2000-11-30T22:30:00Z,22,316,Mayport (Ferry Depot)
phase18,1.805224658852826,NA,NA,NA,8720220,1979-11-01T10:54:00Z,2000-11-30T22:30:00Z,22,316,Mayport (Ferry Depot)
amp44,0.3775958492455866,NA,NA,NA,8720220,1979-11-01T10:54:00Z,2000-11-30T22:30:00Z,22,316,Mayport (Ferry Depot)
phase44,1.5126743346932594,NA,NA,NA,8720220,1979-11-01T10:54:00Z,2000-11-30T22:30:00Z,22,316,Mayport (Ferry Depot)
(Intercept),52.06213030805887,0.05499711901471559,946.633773564186,1.407875483832253e-62,8721604,1994-10-21T13:36:00Z,2025-12-31T21:36:00Z,32,2123,"Trident Pier, Port Canaveral"
sin18,1.9619979584968728,0.07288782912242846,26.918046292767723,4.8681260233653404e-21,8721604,1994-10-21T13:36:00Z,2025-12-31T21:36:00Z,32,2123,"Trident Pier, Port Canaveral"
cos18,-0.28977105996908037,0.08156046713506554,-3.5528371789388418,0.00142560877488582,8721604,1994-10-21T13:36:00Z,2025-12-31T21:36:00Z,32,2123,"Trident Pier, Port Canaveral"
sin44,0.05363056580431002,0.07611550014442905,0.704594539910348,0.4870962946554779,8721604,1994-10-21T13:36:00Z,2025-12-31T21:36:00Z,32,2123,"Trident Pier, Port Canaveral"
cos44,-0.00342702838721848,0.07609506540947926,-0.04503614483773845,0.9644099401183022,8721604,1994-10-21T13:36:00Z,2025-12-31T21:36:00Z,32,2123,"Trident Pier, Port Canaveral"
amp18,1.9832809322790104,NA,NA,NA,8721604,1994-10-21T13:36:00Z,2025-12-31T21:36:00Z,32,2123,"Trident Pier, Port Canaveral"
phase18,0.4343048513412936,NA,NA,NA,8721604,1994-10-21T13:36:00Z,2025-12-31T21:36:00Z,32,2123,"Trident Pier, Port Canaveral"
amp44,0.05373994893984575,NA,NA,NA,8721604,1994-10-21T13:36:00Z,2025-12-31T21:36:00Z,32,2123,"Trident Pier, Port Canaveral"
phase44,0.04494161300727024,NA,NA,NA,8721604,1994-10-21T13:36:00Z,2025-12-31T21:36:00Z,32,2123,"Trident Pier, Port Canaveral"
(Intercept),10.854503348232898,0.05545274878374497,195.7432875070516,1.5364096266530699e-62,8723970,1980-01-01T11:24:00Z,2025-12-31T08:42:00Z,46,1701,"Vaca Key, Florida Bay"
sin18,-1.3030345469808997,0.0776538949358379,-16.780028201515734,5.705000589662857e-20,8723970,1980-01-01T11:24:00Z,2025-12-31T08:42:00Z,46,1701,"Vaca Key, Florida Bay"
cos18,0.33476515863084005,0.07775602311955522,4.305327680096443,1.012259501513119e-4,8723970,1980-01-01T11:24:00Z,2025-12-31T08:42:00Z,46,1701,"Vaca Key, Florida Bay"
sin44,-0.11354408845012284,0.07751955560051059,-1.464715420135548,0.15062509162862614,8723970,1980-01-01T11:24:00Z,2025-12-31T08:42:00Z,46,1701,"Vaca Key, Florida Bay"
cos44,-0.06279722292332235,0.07667901262600602,-0.8189623310567304,0.4175429195184954,8723970,1980-01-01T11:24:00Z,2025-12-31T08:42:00Z,46,1701,"Vaca Key, Florida Bay"
amp18,1.3453500444341056,NA,NA,NA,8723970,1980-01-01T11:24:00Z,2025-12-31T08:42:00Z,46,1701,"Vaca Key, Florida Bay"
phase18,-8.560167654497615,NA,NA,NA,8723970,1980-01-01T11:24:00Z,2025-12-31T08:42:00Z,46,1701,"Vaca Key, Florida Bay"
amp44,0.12975265403393782,NA,NA,NA,8723970,1980-01-01T11:24:00Z,2025-12-31T08:42:00Z,46,1701,"Vaca Key, Florida Bay"
phase44,1.8567124113846456,NA,NA,NA,8723970,1980-01-01T11:24:00Z,2025-12-31T08:42:00Z,46,1701,"Vaca Key, Florida Bay"
(Intercept),30.42315878491504,0.1306041125019837,232.9418132560945,2.7749143030598326e-64,8725110,1980-01-01T03:36:00Z,2024-01-12T12:00:00Z,45,1107,"Naples, Gulf of Mexico"
sin18,0.4115171375386735,0.18437458442105703,2.23196238695725,0.03128473568079567,8725110,1980-01-01T03:36:00Z,2024-01-12T12:00:00Z,45,1107,"Naples, Gulf of Mexico"
cos18,0.01353885643642857,0.18241246414872633,0.0742211147665323,0.9412043846049724,8725110,1980-01-01T03:36:00Z,2024-01-12T12:00:00Z,45,1107,"Naples, Gulf of Mexico"
sin44,-0.04128334083084111,0.1831349204139033,-0.225425826693984,0.8227958177152584,8725110,1980-01-01T03:36:00Z,2024-01-12T12:00:00Z,45,1107,"Naples, Gulf of Mexico"
cos44,0.1888010955505379,0.18070773942610177,1.0447869922458182,0.30239450846734883,8725110,1980-01-01T03:36:00Z,2024-01-12T12:00:00Z,45,1107,"Naples, Gulf of Mexico"
amp18,0.41173979054935866,NA,NA,NA,8725110,1980-01-01T03:36:00Z,2024-01-12T12:00:00Z,45,1107,"Naples, Gulf of Mexico"
phase18,-0.09741008935216648,NA,NA,NA,8725110,1980-01-01T03:36:00Z,2024-01-12T12:00:00Z,45,1107,"Naples, Gulf of Mexico"
amp44,0.1932619153150427,NA,NA,NA,8725110,1980-01-01T03:36:00Z,2024-01-12T12:00:00Z,45,1107,"Naples, Gulf of Mexico"
phase44,-1.257857789760425,NA,NA,NA,8725110,1980-01-01T03:36:00Z,2024-01-12T12:00:00Z,45,1107,"Naples, Gulf of Mexico"
(Intercept),14.399403427623136,0.09783642063726636,147.17835478680965,1.8068567597112927e-57,8725520,1980-01-01T07:24:00Z,2025-12-31T15:00:00Z,46,1106,Fort Myers
sin18,-0.7434658092802179,0.13700635758730448,-5.426505910913365,2.81895214381132e-6,8725520,1980-01-01T07:24:00Z,2025-12-31T15:00:00Z,46,1106,Fort Myers
cos18,0.24775377886747124,0.13718654443394854,1.805962675783832,0.07826925389551266,8725520,1980-01-01T07:24:00Z,2025-12-31T15:00:00Z,46,1106,Fort Myers
sin44,0.01074821849796859,0.13676933994602453,0.07858646171876192,0.9377438569371712,8725520,1980-01-01T07:24:00Z,2025-12-31T15:00:00Z,46,1106,Fort Myers
cos44,0.04991990230283013,0.1352863527574537,0.36899436850314343,0.7140306921409253,8725520,1980-01-01T07:24:00Z,2025-12-31T15:00:00Z,46,1106,Fort Myers
amp18,0.7836602226167928,NA,NA,NA,8725520,1980-01-01T07:24:00Z,2025-12-31T15:00:00Z,46,1106,Fort Myers
phase18,-8.352259946922524,NA,NA,NA,8725520,1980-01-01T07:24:00Z,2025-12-31T15:00:00Z,46,1106,Fort Myers
amp44,0.05106388985187262,NA,NA,NA,8725520,1980-01-01T07:24:00Z,2025-12-31T15:00:00Z,46,1106,Fort Myers
phase44,-0.9568962089558576,NA,NA,NA,8725520,1980-01-01T07:24:00Z,2025-12-31T15:00:00Z,46,1106,Fort Myers
(Intercept),24.222511639930165,0.05820896689239741,416.13024475605033,5.814469064285585e-76,8726520,1980-01-01T05:00:00Z,2025-12-31T11:30:00Z,46,520,"St. Petersburg, Tampa Bay"
sin18,-2.0828175249389353,0.08151359668415394,-25.551780434979023,8.337961948227518e-27,8726520,1980-01-01T05:00:00Z,2025-12-31T11:30:00Z,46,520,"St. Petersburg, Tampa Bay"
cos18,0.4735559584159466,0.08162080103732253,5.80190285316368,8.276209225081747e-7,8726520,1980-01-01T05:00:00Z,2025-12-31T11:30:00Z,46,520,"St. Petersburg, Tampa Bay"
sin44,-0.02819595774788972,0.08137258015938417,-0.34650440839730534,0.7307357428152407,8726520,1980-01-01T05:00:00Z,2025-12-31T11:30:00Z,46,520,"St. Petersburg, Tampa Bay"
cos44,0.00854545642237057,0.08049025891746737,0.10616758521217903,0.9159671531906508,8726520,1980-01-01T05:00:00Z,2025-12-31T11:30:00Z,46,520,"St. Petersburg, Tampa Bay"
amp18,2.1359738031970332,NA,NA,NA,8726520,1980-01-01T05:00:00Z,2025-12-31T11:30:00Z,46,520,"St. Petersburg, Tampa Bay"
phase18,-8.642835910935343,NA,NA,NA,8726520,1980-01-01T05:00:00Z,2025-12-31T11:30:00Z,46,520,"St. Petersburg, Tampa Bay"
amp44,0.02946246525305404,NA,NA,NA,8726520,1980-01-01T05:00:00Z,2025-12-31T11:30:00Z,46,520,"St. Petersburg, Tampa Bay"
phase44,-2.005254117026906,NA,NA,NA,8726520,1980-01-01T05:00:00Z,2025-12-31T11:30:00Z,46,520,"St. Petersburg, Tampa Bay"
(Intercept),28.559500648386056,0.11059671463124972,258.2310039100963,4.5079161385769845e-66,8726724,1980-01-11T05:06:00Z,2025-12-31T18:30:00Z,45,1638,Clearwater Beach
sin18,-0.5055434615706973,0.15497739165525665,-3.262046522858419,0.00226621111750602,8726724,1980-01-11T05:06:00Z,2025-12-31T18:30:00Z,45,1638,Clearwater Beach
cos18,0.31450902685685894,0.15427641165111625,2.0386073508638245,0.04813695899559771,8726724,1980-01-11T05:06:00Z,2025-12-31T18:30:00Z,45,1638,Clearwater Beach
sin44,-0.03748665788323162,0.15357818325736558,-0.2440884316258102,0.8084100091287973,8726724,1980-01-11T05:06:00Z,2025-12-31T18:30:00Z,45,1638,Clearwater Beach
cos44,0.11039510094869046,0.15193135107193179,0.7266117241096866,0.47169483980566473,8726724,1980-01-11T05:06:00Z,2025-12-31T18:30:00Z,45,1638,Clearwater Beach
amp18,0.5953907284391751,NA,NA,NA,8726724,1980-01-11T05:06:00Z,2025-12-31T18:30:00Z,45,1638,Clearwater Beach
phase18,-7.656640122663844,NA,NA,NA,8726724,1980-01-11T05:06:00Z,2025-12-31T18:30:00Z,45,1638,Clearwater Beach
amp44,0.11658613911064215,NA,NA,NA,8726724,1980-01-11T05:06:00Z,2025-12-31T18:30:00Z,45,1638,Clearwater Beach
phase44,-1.3367906558425722,NA,NA,NA,8726724,1980-01-11T05:06:00Z,2025-12-31T18:30:00Z,45,1638,Clearwater Beach
(Intercept),43.05444758201318,0.1452871269310053,296.34041564094736,6.419245732156862e-70,8727520,1980-01-01T05:30:00Z,2025-12-31T21:24:00Z,46,428,Cedar Key
sin18,0.4903694566693022,0.203454500230964,2.410216810700323,0.02051354720299631,8727520,1980-01-01T05:30:00Z,2025-12-31T21:24:00Z,46,428,Cedar Key
cos18,-0.03415969846386895,0.2037220777761067,-0.16767794063739577,0.8676610113784624,8727520,1980-01-01T05:30:00Z,2025-12-31T21:24:00Z,46,428,Cedar Key
sin44,0.12600212928087104,0.2031025289312248,0.6203868063284345,0.5384365024495582,8727520,1980-01-01T05:30:00Z,2025-12-31T21:24:00Z,46,428,Cedar Key
cos44,0.0489887777164251,0.20090029231525372,0.24384622417349036,0.8085659963743927,8727520,1980-01-01T05:30:00Z,2025-12-31T21:24:00Z,46,428,Cedar Key
amp18,0.4915578186066102,NA,NA,NA,8727520,1980-01-01T05:30:00Z,2025-12-31T21:24:00Z,46,428,Cedar Key
phase18,0.20599472417639,NA,NA,NA,8727520,1980-01-01T05:30:00Z,2025-12-31T21:24:00Z,46,428,Cedar Key
amp44,0.13519037290229896,NA,NA,NA,8727520,1980-01-01T05:30:00Z,2025-12-31T21:24:00Z,46,428,Cedar Key
phase44,-0.2611456235822518,NA,NA,NA,8727520,1980-01-01T05:30:00Z,2025-12-31T21:24:00Z,46,428,Cedar Key
(Intercept),17.024290940029235,0.07798744656254403,218.295273026745,8.477183627089006e-66,8728690,1979-10-01T05:54:00Z,2025-12-31T14:06:00Z,47,1193,Apalachicola
sin18,-1.0346513509638036,0.10849980492511448,-9.535974296708735,4.545238966688629e-12,8728690,1979-10-01T05:54:00Z,2025-12-31T14:06:00Z,47,1193,Apalachicola
cos18,0.36889707751749745,0.1101468979546364,3.3491372373412314,0.00172041541974731,8728690,1979-10-01T05:54:00Z,2025-12-31T14:06:00Z,47,1193,Apalachicola
sin44,-0.1282074559766264,0.10794333522768422,-1.1877292442946958,0.24161377592060057,8728690,1979-10-01T05:54:00Z,2025-12-31T14:06:00Z,47,1193,Apalachicola
cos44,-0.01399250883152836,0.10900807746003534,-0.12836212836299507,0.8984750894956413,8728690,1979-10-01T05:54:00Z,2025-12-31T14:06:00Z,47,1193,Apalachicola
amp18,1.098448210819324,NA,NA,NA,8728690,1979-10-01T05:54:00Z,2025-12-31T14:06:00Z,47,1193,Apalachicola
phase18,-8.290584072521483,NA,NA,NA,8728690,1979-10-01T05:54:00Z,2025-12-31T14:06:00Z,47,1193,Apalachicola
amp44,0.1289687639368502,NA,NA,NA,8728690,1979-10-01T05:54:00Z,2025-12-31T14:06:00Z,47,1193,Apalachicola
phase44,2.135940305649792,NA,NA,NA,8728690,1979-10-01T05:54:00Z,2025-12-31T14:06:00Z,47,1193,Apalachicola
(Intercept),18.766733307811,0.05880430561237563,319.1387622450125,1.011928020131179e-72,8729108,1979-11-01T06:42:00Z,2025-12-31T11:12:00Z,47,1641,Panama City
sin18,-2.060674913758615,0.0818113166788037,-25.188140191520844,5.680499704664902e-27,8729108,1979-11-01T06:42:00Z,2025-12-31T11:12:00Z,47,1641,Panama City
cos18,0.6031212208737712,0.08305326222451848,7.261860699021662,6.150924463419683e-9,8729108,1979-11-01T06:42:00Z,2025-12-31T11:12:00Z,47,1641,Panama City
sin44,0.07053957383414858,0.08139172589087514,0.8666676257574826,0.3910485314296739,8729108,1979-11-01T06:42:00Z,2025-12-31T11:12:00Z,47,1641,Panama City
cos44,0.05479614998021276,0.08219456571176048,0.6666639029686177,0.5086327627188367,8729108,1979-11-01T06:42:00Z,2025-12-31T11:12:00Z,47,1641,Panama City
amp18,2.147122797434358,NA,NA,NA,8729108,1979-11-01T06:42:00Z,2025-12-31T11:12:00Z,47,1641,Panama City
phase18,-8.461668624653628,NA,NA,NA,8729108,1979-11-01T06:42:00Z,2025-12-31T11:12:00Z,47,1641,Panama City
amp44,0.0893221670659488,NA,NA,NA,8729108,1979-11-01T06:42:00Z,2025-12-31T11:12:00Z,47,1641,Panama City
phase44,-0.465123696250331,NA,NA,NA,8729108,1979-11-01T06:42:00Z,2025-12-31T11:12:00Z,47,1641,Panama City
(Intercept),17.915089617380097,0.06953702850871746,257.6338103825386,8.094829034822454e-69,8729840,1979-09-16T00:12:00Z,2025-12-31T13:30:00Z,47,246,Pensacola
sin18,-1.6216101065510662,0.09674318574101871,-16.762008550060703,3.254549137935957e-20,8729840,1979-09-16T00:12:00Z,2025-12-31T13:30:00Z,47,246,Pensacola
cos18,0.6013347397523824,0.09821180614082271,6.122835567142998,2.643925475680909e-7,8729840,1979-09-16T00:12:00Z,2025-12-31T13:30:00Z,47,246,Pensacola
sin44,-0.06306216251032144,0.09624701294757546,-0.6552116328500565,0.5159043669184838,8729840,1979-09-16T00:12:00Z,2025-12-31T13:30:00Z,47,246,Pensacola
cos44,0.04858160915480408,0.09719638383005534,0.49982938912364694,0.6198038916860547,8729840,1979-09-16T00:12:00Z,2025-12-31T13:30:00Z,47,246,Pensacola
amp18,1.7295151941806193,NA,NA,NA,8729840,1979-09-16T00:12:00Z,2025-12-31T13:30:00Z,47,246,Pensacola
phase18,-8.253220901576045,NA,NA,NA,8729840,1979-09-16T00:12:00Z,2025-12-31T13:30:00Z,47,246,Pensacola
amp44,0.07960533329211263,NA,NA,NA,8729840,1979-09-16T00:12:00Z,2025-12-31T13:30:00Z,47,246,Pensacola
phase44,-1.7502127296146766,NA,NA,NA,8729840,1979-09-16T00:12:00Z,2025-12-31T13:30:00Z,47,246,Pensacola
(Intercept),17.785710035671368,0.06406563634101241,277.6170042392231,5.192486089266211e-63,8735180,1981-04-01T00:24:00Z,2025-12-31T11:36:00Z,42,1156,Dauphin Island
sin18,-1.8395320575888503,0.08957964672626206,-20.535156420186627,8.049613361217174e-22,8735180,1981-04-01T00:24:00Z,2025-12-31T11:36:00Z,42,1156,Dauphin Island
cos18,0.5005805204711504,0.0908550309738501,5.509662096920396,2.8973712556029587e-6,8735180,1981-04-01T00:24:00Z,2025-12-31T11:36:00Z,42,1156,Dauphin Island
sin44,0.00894498746647529,0.08770834687148917,0.10198558957657188,0.9193188237105454,8735180,1981-04-01T00:24:00Z,2025-12-31T11:36:00Z,42,1156,Dauphin Island
cos44,0.071924880202814,0.09047770937276566,0.7949458568461928,0.43171498382314955,8735180,1981-04-01T00:24:00Z,2025-12-31T11:36:00Z,42,1156,Dauphin Island
amp18,1.9064257258997104,NA,NA,NA,8735180,1981-04-01T00:24:00Z,2025-12-31T11:36:00Z,42,1156,Dauphin Island
phase18,-8.518058934495938,NA,NA,NA,8735180,1981-04-01T00:24:00Z,2025-12-31T11:36:00Z,42,1156,Dauphin Island
amp44,0.0724789706947094,NA,NA,NA,8735180,1981-04-01T00:24:00Z,2025-12-31T11:36:00Z,42,1156,Dauphin Island
phase44,-1.019111554197094,NA,NA,NA,8735180,1981-04-01T00:24:00Z,2025-12-31T11:36:00Z,42,1156,Dauphin Island
(Intercept),22.478351643126494,0.10339323675326131,217.40640247842387,9.696594224646434e-58,8747437,1978-05-31T22:12:00Z,2025-12-31T14:06:00Z,41,2215,Bay Waveland Yacht Club
sin18,-2.4219244689345,0.14096227770924327,-17.181365882368173,6.254775817718104e-19,8747437,1978-05-31T22:12:00Z,2025-12-31T14:06:00Z,41,2215,Bay Waveland Yacht Club
cos18,0.6038588959993841,0.15210576299730588,3.9699935367345662,3.290482123435981e-4,8747437,1978-05-31T22:12:00Z,2025-12-31T14:06:00Z,41,2215,Bay Waveland Yacht Club
sin44,0.1760883262163572,0.14656769831412925,1.2014129186838851,0.2374356032590522,8747437,1978-05-31T22:12:00Z,2025-12-31T14:06:00Z,41,2215,Bay Waveland Yacht Club
cos44,0.09893500808703531,0.14603029527205114,0.6774964599141682,0.5024221077325972,8747437,1978-05-31T22:12:00Z,2025-12-31T14:06:00Z,41,2215,Bay Waveland Yacht Club
amp18,2.496069650370609,NA,NA,NA,8747437,1978-05-31T22:12:00Z,2025-12-31T14:06:00Z,41,2215,Bay Waveland Yacht Club
phase18,-8.581271669632274,NA,NA,NA,8747437,1978-05-31T22:12:00Z,2025-12-31T14:06:00Z,41,2215,Bay Waveland Yacht Club
amp44,0.20197830194072824,NA,NA,NA,8747437,1978-05-31T22:12:00Z,2025-12-31T14:06:00Z,41,2215,Bay Waveland Yacht Club
phase44,-0.36050721962085264,NA,NA,NA,8747437,1978-05-31T22:12:00Z,2025-12-31T14:06:00Z,41,2215,Bay Waveland Yacht Club
(Intercept),16.158785373945157,0.07226032696721067,223.61904591543677,3.083994545268581e-66,8761724,1979-11-10T06:42:00Z,2025-12-31T11:06:00Z,47,526,Grand Isle
sin18,-1.786622178133012,0.10053196668619832,-17.771682351642397,3.753993099612207e-21,8761724,1979-11-10T06:42:00Z,2025-12-31T11:06:00Z,47,526,Grand Isle
cos18,0.6579824378299409,0.1020581030851278,6.44713567996762,9.027323850955872e-8,8761724,1979-11-10T06:42:00Z,2025-12-31T11:06:00Z,47,526,Grand Isle
sin44,0.06931798019100743,0.10001636213628648,0.6930664014409149,0.4920828294092645,8761724,1979-11-10T06:42:00Z,2025-12-31T11:06:00Z,47,526,Grand Isle
cos44,0.0971980192911171,0.1010029135011114,0.9623288667811308,0.3413924709716968,8761724,1979-11-10T06:42:00Z,2025-12-31T11:06:00Z,47,526,Grand Isle
amp18,1.9039326920585664,NA,NA,NA,8761724,1979-11-10T06:42:00Z,2025-12-31T11:06:00Z,47,526,Grand Isle
phase18,-8.259847371580552,NA,NA,NA,8761724,1979-11-10T06:42:00Z,2025-12-31T11:06:00Z,47,526,Grand Isle
amp44,0.11938357228646355,NA,NA,NA,8761724,1979-11-10T06:42:00Z,2025-12-31T11:06:00Z,47,526,Grand Isle
phase44,-0.6699567933953732,NA,NA,NA,8761724,1979-11-10T06:42:00Z,2025-12-31T11:06:00Z,47,526,Grand Isle
(Intercept),16.500453967408593,0.06411764340356962,257.3465444378756,3.4652963264813763e-53,8770570,1985-01-28T22:30:00Z,2020-09-30T10:12:00Z,36,1835,Sabine Pass North
sin18,-1.1176576235197266,0.0902657978052032,-12.381850608927996,1.54957504654528e-13,8770570,1985-01-28T22:30:00Z,2020-09-30T10:12:00Z,36,1835,Sabine Pass North
cos18,0.24881362184598063,0.09112321518660224,2.730518467071862,0.0103351767667709,8770570,1985-01-28T22:30:00Z,2020-09-30T10:12:00Z,36,1835,Sabine Pass North
sin44,0.04779380196074667,0.09140923647163368,0.522855280336776,0.6047921936227132,8770570,1985-01-28T22:30:00Z,2020-09-30T10:12:00Z,36,1835,Sabine Pass North
cos44,0.15498007643215586,0.08982626357326852,1.7253314372332027,0.09442526579161234,8770570,1985-01-28T22:30:00Z,2020-09-30T10:12:00Z,36,1835,Sabine Pass North
amp18,1.145018245194319,NA,NA,NA,8770570,1985-01-28T22:30:00Z,2020-09-30T10:12:00Z,36,1835,Sabine Pass North
phase18,-8.656205895017532,NA,NA,NA,8770570,1985-01-28T22:30:00Z,2020-09-30T10:12:00Z,36,1835,Sabine Pass North
amp44,0.16218221726434728,NA,NA,NA,8770570,1985-01-28T22:30:00Z,2020-09-30T10:12:00Z,36,1835,Sabine Pass North
phase44,-0.8955822736232963,NA,NA,NA,8770570,1985-01-28T22:30:00Z,2020-09-30T10:12:00Z,36,1835,Sabine Pass North
(Intercept),15.895400552232635,0.12141623806848044,130.91659571323078,1.7392958975513465e-56,8771450,1979-03-10T13:12:00Z,2025-12-31T21:12:00Z,47,161,Galveston Pier 21
sin18,-1.739330463952822,0.16891998296939303,-10.296771485395988,4.652173614487229e-13,8771450,1979-03-10T13:12:00Z,2025-12-31T21:12:00Z,47,161,Galveston Pier 21
cos18,0.3550801289369079,0.171484291049835,2.070627733672224,0.04457671483279939,8771450,1979-03-10T13:12:00Z,2025-12-31T21:12:00Z,47,161,Galveston Pier 21
sin44,-0.036053609385561,0.16805363254712474,-0.21453632890351856,0.8311670954684347,8771450,1979-03-10T13:12:00Z,2025-12-31T21:12:00Z,47,161,Galveston Pier 21
cos44,0.0532357568627456,0.1697112967233846,0.31368422662821016,0.7553135672357885,8771450,1979-03-10T13:12:00Z,2025-12-31T21:12:00Z,47,161,Galveston Pier 21
amp18,1.7752048785422458,NA,NA,NA,8771450,1979-03-10T13:12:00Z,2025-12-31T21:12:00Z,47,161,Galveston Pier 21
phase18,-8.70853663906909,NA,NA,NA,8771450,1979-03-10T13:12:00Z,2025-12-31T21:12:00Z,47,161,Galveston Pier 21
amp44,0.0642954785228011,NA,NA,NA,8771450,1979-03-10T13:12:00Z,2025-12-31T21:12:00Z,47,161,Galveston Pier 21
phase44,-1.5254891861914854,NA,NA,NA,8771450,1979-03-10T13:12:00Z,2025-12-31T21:12:00Z,47,161,Galveston Pier 21
(Intercept),21.885320143790956,0.1208909010898204,181.03364228818543,3.4792541401837534e-43,8771510,1980-01-01T07:12:00Z,2011-07-20T12:24:00Z,32,828,Galveston Pleasure Pier
sin18,-2.421763021718228,0.1792089567518898,-13.513627140138407,1.5635559812511612e-13,8771510,1980-01-01T07:12:00Z,2011-07-20T12:24:00Z,32,828,Galveston Pleasure Pier
cos18,0.7794413268134595,0.16029720473745213,4.862476099256329,4.407590130378177e-5,8771510,1980-01-01T07:12:00Z,2011-07-20T12:24:00Z,32,828,Galveston Pleasure Pier
sin44,-0.04662236742826409,0.16949943979271406,-0.2750591240022975,0.7853647648075012,8771510,1980-01-01T07:12:00Z,2011-07-20T12:24:00Z,32,828,Galveston Pleasure Pier
cos44,0.1505941815051417,0.16504981632834265,0.9124165349300144,0.36962494487737185,8771510,1980-01-01T07:12:00Z,2011-07-20T12:24:00Z,32,828,Galveston Pleasure Pier
amp18,2.544103951356259,NA,NA,NA,8771510,1980-01-01T07:12:00Z,2011-07-20T12:24:00Z,32,828,Galveston Pleasure Pier
phase18,-8.382734680347319,NA,NA,NA,8771510,1980-01-01T07:12:00Z,2011-07-20T12:24:00Z,32,828,Galveston Pleasure Pier
amp44,0.15764597250744983,NA,NA,NA,8771510,1980-01-01T07:12:00Z,2011-07-20T12:24:00Z,32,828,Galveston Pleasure Pier
phase44,-1.3176909111587998,NA,NA,NA,8771510,1980-01-01T07:12:00Z,2011-07-20T12:24:00Z,32,828,Galveston Pleasure Pier
(Intercept),20.50721921212878,0.15934025128063015,128.70080878692386,5.33678740921981e-38,8772440,1978-01-02T03:42:00Z,2008-03-19T13:48:00Z,31,725,Freeport
sin18,-2.100531026005703,0.21845299922607228,-9.615482659644828,4.766104533772886e-10,8772440,1978-01-02T03:42:00Z,2008-03-19T13:48:00Z,31,725,Freeport
cos18,0.6063541031048456,0.22820806674261412,2.6570230919519853,0.01329667665840156,8772440,1978-01-02T03:42:00Z,2008-03-19T13:48:00Z,31,725,Freeport
sin44,0.01685176741616148,0.21898177004422137,0.07695511554572977,0.9392483963668776,8772440,1978-01-02T03:42:00Z,2008-03-19T13:48:00Z,31,725,Freeport
cos44,0.19660319621192543,0.21871619611730853,0.8988963766838612,0.37695767545102055,8772440,1978-01-02T03:42:00Z,2008-03-19T13:48:00Z,31,725,Freeport
amp18,2.186297301275527,NA,NA,NA,8772440,1978-01-02T03:42:00Z,2008-03-19T13:48:00Z,31,725,Freeport
phase18,-8.472632267913333,NA,NA,NA,8772440,1978-01-02T03:42:00Z,2008-03-19T13:48:00Z,31,725,Freeport
amp44,0.1973240959077052,NA,NA,NA,8772440,1978-01-02T03:42:00Z,2008-03-19T13:48:00Z,31,725,Freeport
phase44,-1.0460317578613223,NA,NA,NA,8772440,1978-01-02T03:42:00Z,2008-03-19T13:48:00Z,31,725,Freeport
(Intercept),5.546667416341416,0.03587935682549162,154.5921640490671,1.6384821311182696e-59,8774770,1979-06-01T23:00:00Z,2025-12-31T16:30:00Z,47,538,Rockport
sin18,-0.252741161737341,0.04991704932001335,-5.063223190878972,8.668073645848994e-6,8774770,1979-06-01T23:00:00Z,2025-12-31T16:30:00Z,47,538,Rockport
cos18,0.06978881166535195,0.05067482048878219,1.3771891245436378,0.17574977471786915,8774770,1979-06-01T23:00:00Z,2025-12-31T16:30:00Z,47,538,Rockport
sin44,0.01662932768899425,0.04966103664468283,0.3348566363601019,0.7393998952202174,8774770,1979-06-01T23:00:00Z,2025-12-31T16:30:00Z,47,538,Rockport
cos44,-0.00854158070371166,0.05015088812931963,-0.1703176358848571,0.8655781506377332,8774770,1979-06-01T23:00:00Z,2025-12-31T16:30:00Z,47,538,Rockport
amp18,0.26219949097967893,NA,NA,NA,8774770,1979-06-01T23:00:00Z,2025-12-31T16:30:00Z,47,538,Rockport
phase18,-8.50702912299401,NA,NA,NA,8774770,1979-06-01T23:00:00Z,2025-12-31T16:30:00Z,47,538,Rockport
amp44,0.01869473563081249,NA,NA,NA,8774770,1979-06-01T23:00:00Z,2025-12-31T16:30:00Z,47,538,Rockport
phase44,0.33417475535447677,NA,NA,NA,8774770,1979-06-01T23:00:00Z,2025-12-31T16:30:00Z,47,538,Rockport
(Intercept),20.034191471178644,0.18957297922475444,105.68062786746869,1.927608718165629e-45,8775870,1983-12-01T12:00:00Z,2022-04-14T13:48:00Z,40,1903,"Bob Hall Pier, Corpus Christi"
sin18,-2.9500224668391386,0.270117168230493,-10.92126978142264,8.041862603246511e-13,8775870,1983-12-01T12:00:00Z,2022-04-14T13:48:00Z,40,1903,"Bob Hall Pier, Corpus Christi"
cos18,0.5701852916174422,0.2660094236906309,2.143477790022086,0.03910311922353055,8775870,1983-12-01T12:00:00Z,2022-04-14T13:48:00Z,40,1903,"Bob Hall Pier, Corpus Christi"
sin44,0.23181305249841777,0.26782365380436507,0.8655436112739628,0.39263486563798267,8775870,1983-12-01T12:00:00Z,2022-04-14T13:48:00Z,40,1903,"Bob Hall Pier, Corpus Christi"
cos44,-0.09972564429298073,0.26625068694607656,-0.37455544410737257,0.7102510216505712,8775870,1983-12-01T12:00:00Z,2022-04-14T13:48:00Z,40,1903,"Bob Hall Pier, Corpus Christi"
amp18,3.004620412237217,NA,NA,NA,8775870,1983-12-01T12:00:00Z,2022-04-14T13:48:00Z,40,1903,"Bob Hall Pier, Corpus Christi"
phase18,-8.739497290515015,NA,NA,NA,8775870,1983-12-01T12:00:00Z,2022-04-14T13:48:00Z,40,1903,"Bob Hall Pier, Corpus Christi"
amp44,0.2523539091004622,NA,NA,NA,8775870,1983-12-01T12:00:00Z,2022-04-14T13:48:00Z,40,1903,"Bob Hall Pier, Corpus Christi"
phase44,0.2861168873034778,NA,NA,NA,8775870,1983-12-01T12:00:00Z,2022-04-14T13:48:00Z,40,1903,"Bob Hall Pier, Corpus Christi"
(Intercept),17.229253110421663,0.06238381978261422,276.1814388804594,2.5751960502199515e-74,8779770,1976-12-01T12:00:00Z,2025-12-31T23:54:00Z,50,497,Port Isabel
sin18,-2.1363178757020003,0.08496045794483333,-25.144848878865012,3.9122876651310444e-28,8779770,1976-12-01T12:00:00Z,2025-12-31T23:54:00Z,50,497,Port Isabel
cos18,0.6825004850173262,0.09078762277605636,7.517549905462705,1.7519255315290761e-9,8779770,1976-12-01T12:00:00Z,2025-12-31T23:54:00Z,50,497,Port Isabel
sin44,-0.01704241306398164,0.08767829611578268,-0.19437436422665488,0.8467576136493198,8779770,1976-12-01T12:00:00Z,2025-12-31T23:54:00Z,50,497,Port Isabel
cos44,0.02006713932420853,0.08699831614560696,0.23066123820859535,0.8186234635354387,8779770,1976-12-01T12:00:00Z,2025-12-31T23:54:00Z,50,497,Port Isabel
amp18,2.2426905667284536,NA,NA,NA,8779770,1976-12-01T12:00:00Z,2025-12-31T23:54:00Z,50,497,Port Isabel
phase18,-8.389109400004997,NA,NA,NA,8779770,1976-12-01T12:00:00Z,2025-12-31T23:54:00Z,50,497,Port Isabel
amp44,0.0263274367096489,NA,NA,NA,8779770,1976-12-01T12:00:00Z,2025-12-31T23:54:00Z,50,497,Port Isabel
phase44,-1.6020987242109594,NA,NA,NA,8779770,1976-12-01T12:00:00Z,2025-12-31T23:54:00Z,50,497,Port Isabel
(Intercept),61.68256107542314,0.04687457377679321,1315.9066015008996,1.4733188191451292e-98,9410170,1979-08-01T10:48:00Z,2025-12-31T21:30:00Z,47,158,"San Diego, San Diego Bay"
sin18,0.4829640670128777,0.0652141124616921,7.405821359549731,3.840887906141182e-9,9410170,1979-08-01T10:48:00Z,2025-12-31T21:30:00Z,47,158,"San Diego, San Diego Bay"
cos18,0.13039095113727228,0.06620410235279144,1.9695297799287277,0.05551145509966135,9410170,1979-08-01T10:48:00Z,2025-12-31T21:30:00Z,47,158,"San Diego, San Diego Bay"
sin44,-0.1177296485758791,0.06487964478725908,-1.8145852826709463,0.07673433444215041,9410170,1979-08-01T10:48:00Z,2025-12-31T21:30:00Z,47,158,"San Diego, San Diego Bay"
cos44,-0.04622321528051084,0.0655196110962417,-0.7054867162232328,0.4844020738606782,9410170,1979-08-01T10:48:00Z,2025-12-31T21:30:00Z,47,158,"San Diego, San Diego Bay"
amp18,0.5002560246154982,NA,NA,NA,9410170,1979-08-01T10:48:00Z,2025-12-31T21:30:00Z,47,158,"San Diego, San Diego Bay"
phase18,-0.7810276642521358,NA,NA,NA,9410170,1979-08-01T10:48:00Z,2025-12-31T21:30:00Z,47,158,"San Diego, San Diego Bay"
amp44,0.1264786771937011,NA,NA,NA,9410170,1979-08-01T10:48:00Z,2025-12-31T21:30:00Z,47,158,"San Diego, San Diego Bay"
phase44,1.9490152267883776,NA,NA,NA,9410170,1979-08-01T10:48:00Z,2025-12-31T21:30:00Z,47,158,"San Diego, San Diego Bay"
(Intercept),56.38751013093463,0.04899613685306261,1150.8562460758576,4.10013086782427e-96,9410230,1979-07-01T08:30:00Z,2025-12-31T21:24:00Z,47,256,La Jolla
sin18,0.12447225320458163,0.06816573083179671,1.8260238933214823,0.0749613782780822,9410230,1979-07-01T08:30:00Z,2025-12-31T21:24:00Z,47,256,La Jolla
cos18,0.18676621248702016,0.06920052808496054,2.698913110283191,0.00997840816112573,9410230,1979-07-01T08:30:00Z,2025-12-31T21:24:00Z,47,256,La Jolla
sin44,-0.10667888904911405,0.0678161250086594,-1.5730608175488097,0.12320854755779868,9410230,1979-07-01T08:30:00Z,2025-12-31T21:24:00Z,47,256,La Jolla
cos44,-0.08757333667597073,0.06848505646402733,-1.278721829220799,0.20801579031806972,9410230,1979-07-01T08:30:00Z,2025-12-31T21:24:00Z,47,256,La Jolla
amp18,0.22444366764195475,NA,NA,NA,9410230,1979-07-01T08:30:00Z,2025-12-31T21:24:00Z,47,256,La Jolla
phase18,-2.9113340173939815,NA,NA,NA,9410230,1979-07-01T08:30:00Z,2025-12-31T21:24:00Z,47,256,La Jolla
amp44,0.1380198343185359,NA,NA,NA,9410230,1979-07-01T08:30:00Z,2025-12-31T21:24:00Z,47,256,La Jolla
phase44,1.7284200332587707,NA,NA,NA,9410230,1979-07-01T08:30:00Z,2025-12-31T21:24:00Z,47,256,La Jolla
(Intercept),58.000819807150656,0.04806067351106775,1206.8249479232495,5.580189015614958e-97,9410660,1979-08-01T10:48:00Z,2025-12-31T21:30:00Z,47,245,Los Angeles
sin18,0.2141882000468347,0.0668642702173677,3.2033281654093377,0.00259269802880019,9410660,1979-08-01T10:48:00Z,2025-12-31T21:30:00Z,47,245,Los Angeles
cos18,0.18887593362008367,0.06787931050684202,2.7825258125013743,0.00804671499416945,9410660,1979-08-01T10:48:00Z,2025-12-31T21:30:00Z,47,245,Los Angeles
sin44,-0.10007923603645048,0.06652133927622515,-1.504468146993832,0.1399444586668806,9410660,1979-08-01T10:48:00Z,2025-12-31T21:30:00Z,47,245,Los Angeles
cos44,0.00346664022060385,0.06717749909499077,0.05160418692726166,0.9590887399752324,9410660,1979-08-01T10:48:00Z,2025-12-31T21:30:00Z,47,245,Los Angeles
amp18,0.28557083769208846,NA,NA,NA,9410660,1979-08-01T10:48:00Z,2025-12-31T21:30:00Z,47,245,Los Angeles
phase18,-2.1404894729565997,NA,NA,NA,9410660,1979-08-01T10:48:00Z,2025-12-31T21:30:00Z,47,245,Los Angeles
amp44,0.10013925843573378,NA,NA,NA,9410660,1979-08-01T10:48:00Z,2025-12-31T21:30:00Z,47,245,Los Angeles
phase44,-2.188114897255317,NA,NA,NA,9410660,1979-08-01T10:48:00Z,2025-12-31T21:30:00Z,47,245,Los Angeles
(Intercept),57.651182274463,0.46026545301340593,125.25637520047331,1.3258077410009354e-54,9410840,1979-08-01T10:54:00Z,2025-12-31T21:36:00Z,46,377,Santa Monica
sin18,-0.25440746912942735,0.642042255325921,-0.3962472360955154,0.6939774135144867,9410840,1979-08-01T10:54:00Z,2025-12-31T21:36:00Z,46,377,Santa Monica
cos18,-0.8973208785285067,0.653403499929875,-1.373302834503962,0.17712208991438402,9410840,1979-08-01T10:54:00Z,2025-12-31T21:36:00Z,46,377,Santa Monica
sin44,0.4574065120957056,0.6419721904657668,0.7125020661157391,0.48018931630037454,9410840,1979-08-01T10:54:00Z,2025-12-31T21:36:00Z,46,377,Santa Monica
cos44,0.4921706893888104,0.6456286562443225,0.7623123364006327,0.4502371006732475,9410840,1979-08-01T10:54:00Z,2025-12-31T21:36:00Z,46,377,Santa Monica
amp18,0.9326885436157194,NA,NA,NA,9410840,1979-08-01T10:54:00Z,2025-12-31T21:36:00Z,46,377,Santa Monica
phase18,5.470773323430989,NA,NA,NA,9410840,1979-08-01T10:54:00Z,2025-12-31T21:36:00Z,46,377,Santa Monica
amp44,0.6719023030180918,NA,NA,NA,9410840,1979-08-01T10:54:00Z,2025-12-31T21:36:00Z,46,377,Santa Monica
phase44,-0.5788965872644751,NA,NA,NA,9410840,1979-08-01T10:54:00Z,2025-12-31T21:36:00Z,46,377,Santa Monica
(Intercept),55.013699190336794,0.5687982285127021,96.71918165811984,6.649323410807826e-37,9411340,1979-08-01T11:30:00Z,2025-12-31T21:54:00Z,33,2126,Santa Barbara
sin18,0.4118138877082294,0.7826618641165939,0.5261708875684802,0.6029127083251575,9411340,1979-08-01T11:30:00Z,2025-12-31T21:54:00Z,33,2126,Santa Barbara
cos18,1.1946004881704524,0.8151167468251271,1.465557532492629,0.15390928859518405,9411340,1979-08-01T11:30:00Z,2025-12-31T21:54:00Z,33,2126,Santa Barbara
sin44,0.9642938304123194,0.779996840536547,1.2362791492193703,0.22662548703368587,9411340,1979-08-01T11:30:00Z,2025-12-31T21:54:00Z,33,2126,Santa Barbara
cos44,0.07006865552781172,0.8009826685882008,0.08747836660600111,0.9309139147086476,9411340,1979-08-01T11:30:00Z,2025-12-31T21:54:00Z,33,2126,Santa Barbara
amp18,1.2635905208755127,NA,NA,NA,9411340,1979-08-01T11:30:00Z,2025-12-31T21:54:00Z,33,2126,Santa Barbara
phase18,-3.66924183210564,NA,NA,NA,9411340,1979-08-01T11:30:00Z,2025-12-31T21:54:00Z,33,2126,Santa Barbara
amp44,0.966836184603544,NA,NA,NA,9411340,1979-08-01T11:30:00Z,2025-12-31T21:54:00Z,33,2126,Santa Barbara
phase44,-0.05108403535681037,NA,NA,NA,9411340,1979-08-01T11:30:00Z,2025-12-31T21:54:00Z,33,2126,Santa Barbara
(Intercept),54.43935676651591,0.04559792697752436,1193.8998190279476,8.771054829442654e-97,9412110,1979-08-01T11:54:00Z,2025-12-31T22:06:00Z,47,508,Port San Luis
sin18,0.4959695485983715,0.06343798136900586,7.8181798647314675,1.005641960002239e-9,9412110,1979-08-01T11:54:00Z,2025-12-31T22:06:00Z,47,508,Port San Luis
cos18,-0.04301562950025996,0.064401008509856,-0.6679340975487488,0.5078296966228354,9412110,1979-08-01T11:54:00Z,2025-12-31T22:06:00Z,47,508,Port San Luis
sin44,-0.09759647394126313,0.06311262304857053,-1.546385956200146,0.1295140462984701,9412110,1979-08-01T11:54:00Z,2025-12-31T22:06:00Z,47,508,Port San Luis
cos44,-0.10718564567580384,0.06373515963234876,-1.6817349527967889,0.10004246664481764,9412110,1979-08-01T11:54:00Z,2025-12-31T22:06:00Z,47,508,Port San Luis
amp18,0.49783143484333736,NA,NA,NA,9412110,1979-08-01T11:54:00Z,2025-12-31T22:06:00Z,47,508,Port San Luis
phase18,0.25624320879263024,NA,NA,NA,9412110,1979-08-01T11:54:00Z,2025-12-31T22:06:00Z,47,508,Port San Luis
amp44,0.14496149269618677,NA,NA,NA,9412110,1979-08-01T11:54:00Z,2025-12-31T22:06:00Z,47,508,Port San Luis
phase44,1.6264212118431736,NA,NA,NA,9412110,1979-08-01T11:54:00Z,2025-12-31T22:06:00Z,47,508,Port San Luis
(Intercept),54.02821761855518,0.04310795662650572,1253.3235589583696,1.1404410170695467e-97,9413450,1979-08-01T12:18:00Z,2025-12-31T22:30:00Z,47,1352,Monterey
sin18,0.7242400016295709,0.05997381746490651,12.075936337608615,3.0140246630442272e-15,9413450,1979-08-01T12:18:00Z,2025-12-31T22:30:00Z,47,1352,Monterey
cos18,-0.10318499460429724,0.06088425649075035,-1.6947730095049005,0.09752189675921208,9413450,1979-08-01T12:18:00Z,2025-12-31T22:30:00Z,47,1352,Monterey
sin44,-0.02592052729028784,0.05966622601733232,-0.4344254534006934,0.6662033319909886,9413450,1979-08-01T12:18:00Z,2025-12-31T22:30:00Z,47,1352,Monterey
cos44,-0.12450741254451958,0.06025476768645584,-2.066349557472554,0.04499820835180854,9413450,1979-08-01T12:18:00Z,2025-12-31T22:30:00Z,47,1352,Monterey
amp18,0.7315536364969351,NA,NA,NA,9413450,1979-08-01T12:18:00Z,2025-12-31T22:30:00Z,47,1352,Monterey
phase18,0.41916743595611344,NA,NA,NA,9413450,1979-08-01T12:18:00Z,2025-12-31T22:30:00Z,47,1352,Monterey
amp44,0.12717692209492157,NA,NA,NA,9413450,1979-08-01T12:18:00Z,2025-12-31T22:30:00Z,47,1352,Monterey
phase44,1.2508014996349548,NA,NA,NA,9413450,1979-08-01T12:18:00Z,2025-12-31T22:30:00Z,47,1352,Monterey
(Intercept),62.343534162225986,0.1435107486890719,434.41717593780027,2.4092884240214387e-78,9414290,1979-10-01T08:54:00Z,2025-12-31T23:18:00Z,47,10,San Francisco
sin18,1.069321839018984,0.19965890567956932,5.355743263138628,3.331273827259263e-6,9414290,1979-10-01T08:54:00Z,2025-12-31T23:18:00Z,47,10,San Francisco
cos18,0.1742816957468993,0.2026898493024981,0.8598442218327277,0.39475649454484296,9414290,1979-10-01T08:54:00Z,2025-12-31T23:18:00Z,47,10,San Francisco
sin44,0.11464283701006008,0.19863490263265648,0.577153538933053,0.5669167894457001,9414290,1979-10-01T08:54:00Z,2025-12-31T23:18:00Z,47,10,San Francisco
cos44,-0.04426207230803719,0.2005942173898468,-0.22065477701191977,0.8264303993270175,9414290,1979-10-01T08:54:00Z,2025-12-31T23:18:00Z,47,10,San Francisco
amp18,1.0834312644904414,NA,NA,NA,9414290,1979-10-01T08:54:00Z,2025-12-31T23:18:00Z,47,10,San Francisco
phase18,-0.4785286336490195,NA,NA,NA,9414290,1979-10-01T08:54:00Z,2025-12-31T23:18:00Z,47,10,San Francisco
amp44,0.12289064701073518,NA,NA,NA,9414290,1979-10-01T08:54:00Z,2025-12-31T23:18:00Z,47,10,San Francisco
phase44,0.2594882753223088,NA,NA,NA,9414290,1979-10-01T08:54:00Z,2025-12-31T23:18:00Z,47,10,San Francisco
(Intercept),96.77728665972872,0.16605288011925382,582.810045753054,4.7952644705240936e-55,9414523,1983-08-16T01:48:00Z,2025-12-31T16:42:00Z,31,2329,Redwood City
sin18,1.8555292930927505,0.22179493987389143,8.365967655293534,7.568829653764002e-9,9414523,1983-08-16T01:48:00Z,2025-12-31T16:42:00Z,31,2329,Redwood City
cos18,-0.4040943524893152,0.2314438885241533,-1.7459711512198528,0.09262366979149336,9414523,1983-08-16T01:48:00Z,2025-12-31T16:42:00Z,31,2329,Redwood City
sin44,0.01842078359860133,0.217926311951922,0.08452757922441806,0.933284481589523,9414523,1983-08-16T01:48:00Z,2025-12-31T16:42:00Z,31,2329,Redwood City
cos44,-0.13126730095966113,0.2216844573333138,-0.5921357885830223,0.5588743271831454,9414523,1983-08-16T01:48:00Z,2025-12-31T16:42:00Z,31,2329,Redwood City
amp18,1.899021117112456,NA,NA,NA,9414523,1983-08-16T01:48:00Z,2025-12-31T16:42:00Z,31,2329,Redwood City
phase18,0.6351155972630759,NA,NA,NA,9414523,1983-08-16T01:48:00Z,2025-12-31T16:42:00Z,31,2329,Redwood City
amp44,0.13255349701015345,NA,NA,NA,9414523,1983-08-16T01:48:00Z,2025-12-31T16:42:00Z,31,2329,Redwood City
phase44,1.008062049908058,NA,NA,NA,9414523,1983-08-16T01:48:00Z,2025-12-31T16:42:00Z,31,2329,Redwood City
(Intercept),73.71835173981296,0.13966180343960716,527.8347402386967,6.75627629040658e-82,9414750,1979-08-01T14:06:00Z,2025-12-31T23:54:00Z,47,437,Alameda
sin18,1.0204677188882016,0.1943040719577156,5.251911133958507,4.682020802945167e-6,9414750,1979-08-01T14:06:00Z,2025-12-31T23:54:00Z,47,437,Alameda
cos18,0.190394943756102,0.1972537259478787,0.9652286304919327,0.339955445848812,9414750,1979-08-01T14:06:00Z,2025-12-31T23:54:00Z,47,437,Alameda
sin44,0.05172185948569948,0.1933075325795444,0.26756256621513896,0.790345642658199,9414750,1979-08-01T14:06:00Z,2025-12-31T23:54:00Z,47,437,Alameda
cos44,-0.04236651174708313,0.1952142986928472,-0.2170256586262832,0.8292391628536913,9414750,1979-08-01T14:06:00Z,2025-12-31T23:54:00Z,47,437,Alameda
amp18,1.0380773573779456,NA,NA,NA,9414750,1979-08-01T14:06:00Z,2025-12-31T23:54:00Z,47,437,Alameda
phase18,-0.5463333586211201,NA,NA,NA,9414750,1979-08-01T14:06:00Z,2025-12-31T23:54:00Z,47,437,Alameda
amp44,0.06685859754941151,NA,NA,NA,9414750,1979-08-01T14:06:00Z,2025-12-31T23:54:00Z,47,437,Alameda
phase44,0.4833287241196826,NA,NA,NA,9414750,1979-08-01T14:06:00Z,2025-12-31T23:54:00Z,47,437,Alameda
(Intercept),59.52177598382925,0.03989053754912985,1492.127698467869,7.51529207588042e-101,9415020,1979-07-01T10:36:00Z,2025-12-31T22:30:00Z,47,1394,Point Reyes
sin18,1.1835896168604148,0.05549759266662873,21.32686410328063,3.747827625890162e-24,9415020,1979-07-01T10:36:00Z,2025-12-31T22:30:00Z,47,1394,Point Reyes
cos18,-0.1159103342721884,0.05634007987754622,-2.057333509716647,0.04589789807832742,9415020,1979-07-01T10:36:00Z,2025-12-31T22:30:00Z,47,1394,Point Reyes
sin44,0.03499958074364488,0.05521295871156659,0.6339015615244107,0.5295824993475293,9415020,1979-07-01T10:36:00Z,2025-12-31T22:30:00Z,47,1394,Point Reyes
cos44,0.00328653373769681,0.055757573798633,0.05894327019260276,0.953276857231744,9415020,1979-07-01T10:36:00Z,2025-12-31T22:30:00Z,47,1394,Point Reyes
amp18,1.1892516919184406,NA,NA,NA,9415020,1979-07-01T10:36:00Z,2025-12-31T22:30:00Z,47,1394,Point Reyes
phase18,0.2891378072484272,NA,NA,NA,9415020,1979-07-01T10:36:00Z,2025-12-31T22:30:00Z,47,1394,Point Reyes
amp44,0.03515354827382204,NA,NA,NA,9415020,1979-07-01T10:36:00Z,2025-12-31T22:30:00Z,47,1394,Point Reyes
phase44,-0.06593819158237099,NA,NA,NA,9415020,1979-07-01T10:36:00Z,2025-12-31T22:30:00Z,47,1394,Point Reyes
(Intercept),55.06861198142491,0.15209044065179697,362.0780618783372,5.051470786884012e-75,9415144,1979-11-01T13:24:00Z,2025-12-31T18:24:00Z,47,2330,Port Chicago
sin18,1.3945667703760267,0.21159537680799237,6.590724199241348,5.612193082086974e-8,9415144,1979-11-01T13:24:00Z,2025-12-31T18:24:00Z,47,2330,Port Chicago
cos18,-0.1916215568215087,0.21480752332254188,-0.8920616645897519,0.3774424159421747,9415144,1979-11-01T13:24:00Z,2025-12-31T18:24:00Z,47,2330,Port Chicago
sin44,0.03286411597896488,0.2105101544392402,0.1561165354066114,0.8766891462089461,9415144,1979-11-01T13:24:00Z,2025-12-31T18:24:00Z,47,2330,Port Chicago
cos44,0.06626634937461857,0.21258660548920488,0.3117146031949015,0.756799589174661,9415144,1979-11-01T13:24:00Z,2025-12-31T18:24:00Z,47,2330,Port Chicago
amp18,1.4076701666497446,NA,NA,NA,9415144,1979-11-01T13:24:00Z,2025-12-31T18:24:00Z,47,2330,Port Chicago
phase18,0.4044459135308439,NA,NA,NA,9415144,1979-11-01T13:24:00Z,2025-12-31T18:24:00Z,47,2330,Port Chicago
amp44,0.07396809567994748,NA,NA,NA,9415144,1979-11-01T13:24:00Z,2025-12-31T18:24:00Z,47,2330,Port Chicago
phase44,-0.7820125450322353,NA,NA,NA,9415144,1979-11-01T13:24:00Z,2025-12-31T18:24:00Z,47,2330,Port Chicago
(Intercept),63.138546667641585,2.023101515723341,31.208788178415748,1.158731223015886e-27,9416841,1979-08-01T12:42:00Z,2025-12-31T22:54:00Z,41,2125,Arena Cove
sin18,-0.44741431469218435,2.909937320153472,-0.1537539353832499,0.878662435033446,9416841,1979-08-01T12:42:00Z,2025-12-31T22:54:00Z,41,2125,Arena Cove
cos18,-3.178203789950189,2.772461860377185,-1.1463471636424258,0.25921421827975444,9416841,1979-08-01T12:42:00Z,2025-12-31T22:54:00Z,41,2125,Arena Cove
sin44,2.7909833369653554,2.7838288810003173,1.0025700056543947,0.3227599459520225,9416841,1979-08-01T12:42:00Z,2025-12-31T22:54:00Z,41,2125,Arena Cove
cos44,2.5139444225554244,2.844613806584797,0.8837559660070801,0.3826920714751807,9416841,1979-08-01T12:42:00Z,2025-12-31T22:54:00Z,41,2125,Arena Cove
amp18,3.209541851954142,NA,NA,NA,9416841,1979-08-01T12:42:00Z,2025-12-31T22:54:00Z,41,2125,Arena Cove
phase18,5.066738113297518,NA,NA,NA,9416841,1979-08-01T12:42:00Z,2025-12-31T22:54:00Z,41,2125,Arena Cove
amp44,3.756262044495271,NA,NA,NA,9416841,1979-08-01T12:42:00Z,2025-12-31T22:54:00Z,41,2125,Arena Cove
phase44,-0.5163798210066635,NA,NA,NA,9416841,1979-08-01T12:42:00Z,2025-12-31T22:54:00Z,41,2125,Arena Cove
(Intercept),74.53347081549828,0.04685363849583443,1590.7723115703116,5.1083514717494254e-102,9418767,1979-09-04T23:54:00Z,2025-12-31T23:24:00Z,47,1639,North Spit
sin18,1.7319141833013805,0.06518498631382857,26.569219098446997,6.869584644813153e-28,9418767,1979-09-04T23:54:00Z,2025-12-31T23:24:00Z,47,1639,North Spit
cos18,-0.1839478919329385,0.06617453405228849,-2.779738377720804,0.00810509201154518,9418767,1979-09-04T23:54:00Z,2025-12-31T23:24:00Z,47,1639,North Spit
sin44,0.0081894428873307,0.06485066802048155,0.1262815501722244,0.9001116645355673,9418767,1979-09-04T23:54:00Z,2025-12-31T23:24:00Z,47,1639,North Spit
cos44,0.03384266712066521,0.06549034850554293,0.5167580856254086,0.6080356285567614,9418767,1979-09-04T23:54:00Z,2025-12-31T23:24:00Z,47,1639,North Spit
amp18,1.7416554094501755,NA,NA,NA,9418767,1979-09-04T23:54:00Z,2025-12-31T23:24:00Z,47,1639,North Spit
phase18,0.31340781916224,NA,NA,NA,9418767,1979-09-04T23:54:00Z,2025-12-31T23:24:00Z,47,1639,North Spit
amp44,0.03481943555896628,NA,NA,NA,9418767,1979-09-04T23:54:00Z,2025-12-31T23:24:00Z,47,1639,North Spit
phase44,-0.9390432281924846,NA,NA,NA,9418767,1979-09-04T23:54:00Z,2025-12-31T23:24:00Z,47,1639,North Spit
(Intercept),76.0118747498875,0.03847620929381577,1975.5551844891536,5.7137969261458745e-106,9419750,1979-08-01T13:24:00Z,2025-12-31T23:18:00Z,47,378,Crescent City
sin18,1.9594168030711048,0.05352991265445409,36.60414721241034,1.7084033442869355e-33,9419750,1979-08-01T13:24:00Z,2025-12-31T23:18:00Z,47,378,Crescent City
cos18,-0.3225034029782085,0.05434252928602242,-5.934641011660832,4.931978125995794e-7,9419750,1979-08-01T13:24:00Z,2025-12-31T23:18:00Z,47,378,Crescent City
sin44,0.14795887226448184,0.05325537046224599,2.778290170178676,0.00813557646880061,9419750,1979-08-01T13:24:00Z,2025-12-31T23:18:00Z,47,378,Crescent City
cos44,0.00841350724580348,0.05378067609516027,0.15644108361368503,0.8764349281860089,9419750,1979-08-01T13:24:00Z,2025-12-31T23:18:00Z,47,378,Crescent City
amp18,1.9857801119685716,NA,NA,NA,9419750,1979-08-01T13:24:00Z,2025-12-31T23:18:00Z,47,378,Crescent City
phase18,0.48316729886328913,NA,NA,NA,9419750,1979-08-01T13:24:00Z,2025-12-31T23:18:00Z,47,378,Crescent City
amp44,0.14819789130062697,NA,NA,NA,9419750,1979-08-01T13:24:00Z,2025-12-31T23:18:00Z,47,378,Crescent City
phase44,-0.04000387168686359,NA,NA,NA,9419750,1979-08-01T13:24:00Z,2025-12-31T23:18:00Z,47,378,Crescent City
(Intercept),79.62669153937259,0.09890034698067676,805.1204466949961,1.0330568391533023e-87,9431647,1978-08-01T12:18:00Z,2025-12-31T23:24:00Z,46,1640,Port Orford
sin18,2.292459990073697,0.13466567041529126,17.0233436851727,3.398975041891985e-20,9431647,1978-08-01T12:18:00Z,2025-12-31T23:24:00Z,46,1640,Port Orford
cos18,-0.7179267778142621,0.144581340055497,-4.965556257389014,1.2529697026328084e-5,9431647,1978-08-01T12:18:00Z,2025-12-31T23:24:00Z,46,1640,Port Orford
sin44,0.1892618179852837,0.13940174287769558,1.3576718201531592,0.1819937777737837,9431647,1978-08-01T12:18:00Z,2025-12-31T23:24:00Z,46,1640,Port Orford
cos44,0.1699309583418236,0.13837566450162458,1.228040775477747,0.22643511650935627,9431647,1978-08-01T12:18:00Z,2025-12-31T23:24:00Z,46,1640,Port Orford
amp18,2.4022472113401365,NA,NA,NA,9431647,1978-08-01T12:18:00Z,2025-12-31T23:24:00Z,46,1640,Port Orford
phase18,0.898910787218434,NA,NA,NA,9431647,1978-08-01T12:18:00Z,2025-12-31T23:24:00Z,46,1640,Port Orford
amp44,0.2543551972145748,NA,NA,NA,9431647,1978-08-01T12:18:00Z,2025-12-31T23:24:00Z,46,1640,Port Orford
phase44,-0.515259977465923,NA,NA,NA,9431647,1978-08-01T12:18:00Z,2025-12-31T23:24:00Z,46,1640,Port Orford
(Intercept),86.64633400061142,0.05039316809322652,1719.4063655675934,1.2046012121648753e-105,9432780,1978-07-01T11:30:00Z,2025-12-31T23:42:00Z,48,1269,Charleston
sin18,2.172920314734001,0.06955473141174538,31.240438581681737,3.433736047825647e-31,9432780,1978-07-01T11:30:00Z,2025-12-31T23:42:00Z,48,1269,Charleston
cos18,-0.3671937178492136,0.07206053619279106,-5.095628443102643,7.3963728579589795e-6,9432780,1978-07-01T11:30:00Z,2025-12-31T23:42:00Z,48,1269,Charleston
sin44,0.1024901907981784,0.07062873716870215,1.4511117557343938,0.154005525724683,9432780,1978-07-01T11:30:00Z,2025-12-31T23:42:00Z,48,1269,Charleston
cos44,0.0141723329553078,0.06987654462186552,0.2028196017991572,0.8402326985562527,9432780,1978-07-01T11:30:00Z,2025-12-31T23:42:00Z,48,1269,Charleston
amp18,2.203727279091412,NA,NA,NA,9432780,1978-07-01T11:30:00Z,2025-12-31T23:42:00Z,48,1269,Charleston
phase18,0.4958316757399363,NA,NA,NA,9432780,1978-07-01T11:30:00Z,2025-12-31T23:42:00Z,48,1269,Charleston
amp44,0.10346542529387832,NA,NA,NA,9432780,1978-07-01T11:30:00Z,2025-12-31T23:42:00Z,48,1269,Charleston
phase44,-0.0967714006124244,NA,NA,NA,9432780,1978-07-01T11:30:00Z,2025-12-31T23:42:00Z,48,1269,Charleston
(Intercept),95.40996415321868,0.05131085175316992,1859.4500167759224,7.272907071192359e-105,9435380,1979-06-01T06:18:00Z,2025-12-31T23:54:00Z,47,1196,South Beach
sin18,2.6170813716751056,0.07138607110691375,36.6609526353614,1.6037782361418074e-33,9435380,1979-06-01T06:18:00Z,2025-12-31T23:54:00Z,47,1196,South Beach
cos18,-0.5235498595115528,0.07246975508409975,-7.224391180899994,6.954553711161927e-9,9435380,1979-06-01T06:18:00Z,2025-12-31T23:54:00Z,47,1196,South Beach
sin44,0.04989796489822919,0.07101994892432535,0.7025908305199925,0.4861868573423602,9435380,1979-06-01T06:18:00Z,2025-12-31T23:54:00Z,47,1196,South Beach
cos44,0.10639703096149997,0.0717204825774652,1.4834957481857522,0.14540883102398172,9435380,1979-06-01T06:18:00Z,2025-12-31T23:54:00Z,47,1196,South Beach
amp18,2.6689359979893523,NA,NA,NA,9435380,1979-06-01T06:18:00Z,2025-12-31T23:54:00Z,47,1196,South Beach
phase18,0.5848060443266427,NA,NA,NA,9435380,1979-06-01T06:18:00Z,2025-12-31T23:54:00Z,47,1196,South Beach
amp44,0.11751653117075612,NA,NA,NA,9435380,1979-06-01T06:18:00Z,2025-12-31T23:54:00Z,47,1196,South Beach
phase44,-0.7974146549638192,NA,NA,NA,9435380,1979-06-01T06:18:00Z,2025-12-31T23:54:00Z,47,1196,South Beach
(Intercept),103.53509637969417,0.15530426803137556,666.659697715309,3.7251775812168266e-86,9439040,1979-09-01T10:30:00Z,2025-12-31T17:42:00Z,47,265,Astoria
sin18,2.041210084579555,0.21606660466730712,9.44713361753682,5.959505625391933e-12,9439040,1979-09-01T10:30:00Z,2025-12-31T17:42:00Z,47,265,Astoria
cos18,-0.514237991033985,0.21934662714021033,-2.344408016382558,0.02386087648049083,9439040,1979-09-01T10:30:00Z,2025-12-31T17:42:00Z,47,265,Astoria
sin44,0.3918647265795692,0.2149584504341545,1.8229789328501145,0.07542992197676447,9439040,1979-09-01T10:30:00Z,2025-12-31T17:42:00Z,47,265,Astoria
cos44,0.08361775194154518,0.2170787790296647,0.3851954222117606,0.7020365711339611,9439040,1979-09-01T10:30:00Z,2025-12-31T17:42:00Z,47,265,Astoria
amp18,2.104989149808602,NA,NA,NA,9439040,1979-09-01T10:30:00Z,2025-12-31T17:42:00Z,47,265,Astoria
phase18,0.7309679689897193,NA,NA,NA,9439040,1979-09-01T10:30:00Z,2025-12-31T17:42:00Z,47,265,Astoria
amp44,0.40068677589488566,NA,NA,NA,9439040,1979-09-01T10:30:00Z,2025-12-31T17:42:00Z,47,265,Astoria
phase44,-0.14805760158897202,NA,NA,NA,9439040,1979-09-01T10:30:00Z,2025-12-31T17:42:00Z,47,265,Astoria
(Intercept),103.79620427802,0.10181072430512228,1019.501678103648,6.657510092537941e-94,9440910,1979-08-01T08:42:00Z,2025-12-31T17:24:00Z,47,1354,Toke Point
sin18,1.9969627081643224,0.14164386979295954,14.098476065948192,1.5921808292993855e-17,9440910,1979-08-01T08:42:00Z,2025-12-31T17:24:00Z,47,1354,Toke Point
cos18,-0.6305230509451829,0.14379410988575525,-4.384901797758857,7.623621772234836e-5,9440910,1979-08-01T08:42:00Z,2025-12-31T17:24:00Z,47,1354,Toke Point
sin44,0.15086413121860587,0.1409174120687181,1.0705854514631397,0.2904698014206772,9440910,1979-08-01T08:42:00Z,2025-12-31T17:24:00Z,47,1354,Toke Point
cos44,-0.00719112528093828,0.1423074072878459,-0.05053233291217762,0.959937746560328,9440910,1979-08-01T08:42:00Z,2025-12-31T17:24:00Z,47,1354,Toke Point
amp18,2.0941392923041686,NA,NA,NA,9440910,1979-08-01T08:42:00Z,2025-12-31T17:24:00Z,47,1354,Toke Point
phase18,0.9058440305446152,NA,NA,NA,9440910,1979-08-01T08:42:00Z,2025-12-31T17:24:00Z,47,1354,Toke Point
amp44,0.15103542091559477,NA,NA,NA,9440910,1979-08-01T08:42:00Z,2025-12-31T17:24:00Z,47,1354,Toke Point
phase44,0.03354406361563458,NA,NA,NA,9440910,1979-08-01T08:42:00Z,2025-12-31T17:24:00Z,47,1354,Toke Point
(Intercept),83.98816242396828,0.04989616572439565,1683.2588477415625,4.758778652762365e-103,9443090,1979-08-01T08:54:00Z,2025-12-31T16:54:00Z,47,385,Neah Bay
sin18,1.6282024721550694,0.06941789334346826,23.455083318345498,9.338217903610278e-26,9443090,1979-08-01T08:54:00Z,2025-12-31T16:54:00Z,47,385,Neah Bay
cos18,-0.15129477422036694,0.0704716991851381,-2.146886991086966,0.03762217391736122,9443090,1979-08-01T08:54:00Z,2025-12-31T16:54:00Z,47,385,Neah Bay
sin44,0.01515402537798942,0.0690618654765818,0.21942681787430143,0.8273805252202939,9443090,1979-08-01T08:54:00Z,2025-12-31T16:54:00Z,47,385,Neah Bay
cos44,0.02792083934509466,0.06974308479098196,0.4003384626414594,0.6909363506109926,9443090,1979-08-01T08:54:00Z,2025-12-31T16:54:00Z,47,385,Neah Bay
amp18,1.6352166214414137,NA,NA,NA,9443090,1979-08-01T08:54:00Z,2025-12-31T16:54:00Z,47,385,Neah Bay
phase18,0.2744332447771497,NA,NA,NA,9443090,1979-08-01T08:54:00Z,2025-12-31T16:54:00Z,47,385,Neah Bay
amp44,0.03176818778103865,NA,NA,NA,9443090,1979-08-01T08:54:00Z,2025-12-31T16:54:00Z,47,385,Neah Bay
phase44,-0.756049590889517,NA,NA,NA,9443090,1979-08-01T08:54:00Z,2025-12-31T16:54:00Z,47,385,Neah Bay
(Intercept),69.66548589962478,0.14216891735879586,490.0191068052376,1.5327108028146276e-80,9444090,1979-08-01T11:12:00Z,2025-12-31T17:54:00Z,47,2127,Port Angeles
sin18,-6.244909062336621,0.1977920868004488,-31.573098617626044,6.8676756209974845e-31,9444090,1979-08-01T11:12:00Z,2025-12-31T17:54:00Z,47,2127,Port Angeles
cos18,2.594385733422542,0.20079469097737304,12.92058928846329,3.174833714513317e-16,9444090,1979-08-01T11:12:00Z,2025-12-31T17:54:00Z,47,2127,Port Angeles
sin44,-0.00316265039618133,0.19677765822362409,-0.01607220263078447,0.9872528975530076,9444090,1979-08-01T11:12:00Z,2025-12-31T17:54:00Z,47,2127,Port Angeles
cos44,0.1593269534758776,0.19871865330823876,0.8017715036984503,0.4271983118431882,9444090,1979-08-01T11:12:00Z,2025-12-31T17:54:00Z,47,2127,Port Angeles
amp18,6.762375805191581,NA,NA,NA,9444090,1979-08-01T11:12:00Z,2025-12-31T17:54:00Z,47,2127,Port Angeles
phase18,-8.138775478766135,NA,NA,NA,9444090,1979-08-01T11:12:00Z,2025-12-31T17:54:00Z,47,2127,Port Angeles
amp44,0.15935833979253466,NA,NA,NA,9444090,1979-08-01T11:12:00Z,2025-12-31T17:54:00Z,47,2127,Port Angeles
phase44,-1.1202277835335583,NA,NA,NA,9444090,1979-08-01T11:12:00Z,2025-12-31T17:54:00Z,47,2127,Port Angeles
(Intercept),81.34569876005524,0.06148652952460453,1322.9840647861552,1.1761373628854284e-98,9444900,1979-08-01T12:06:00Z,2025-12-31T19:36:00Z,47,1325,Port Townsend
sin18,-2.2604327311612664,0.08554295278268513,-26.424534782002567,8.531715821329963e-28,9444900,1979-08-01T12:06:00Z,2025-12-31T19:36:00Z,47,1325,Port Townsend
cos18,0.2744768019580166,0.0868415468340784,3.160662286249216,0.00291853379592577,9444900,1979-08-01T12:06:00Z,2025-12-31T19:36:00Z,47,1325,Port Townsend
sin44,0.01384041913554227,0.08510422332058955,0.16262905171468522,0.8715904610745655,9444900,1979-08-01T12:06:00Z,2025-12-31T19:36:00Z,47,1325,Port Townsend
cos44,0.23393391422062695,0.08594368284377124,2.7219442602415924,0.00940748052070359,9444900,1979-08-01T12:06:00Z,2025-12-31T19:36:00Z,47,1325,Port Townsend
amp18,2.2770361540648145,NA,NA,NA,9444900,1979-08-01T12:06:00Z,2025-12-31T19:36:00Z,47,1325,Port Townsend
phase18,-8.947101727066268,NA,NA,NA,9444900,1979-08-01T12:06:00Z,2025-12-31T19:36:00Z,47,1325,Port Townsend
amp44,0.23434298245185653,NA,NA,NA,9444900,1979-08-01T12:06:00Z,2025-12-31T19:36:00Z,47,1325,Port Townsend
phase44,-1.064631780152649,NA,NA,NA,9444900,1979-08-01T12:06:00Z,2025-12-31T19:36:00Z,47,1325,Port Townsend
(Intercept),116.800047090687,0.06799404378809087,1717.798215601121,7.848585374140653e-108,9447130,1977-10-18T10:18:00Z,2025-12-31T20:48:00Z,49,127,Seattle
sin18,2.106918299054644,0.0930802724942244,22.635497754751174,7.126224779271054e-26,9447130,1977-10-18T10:18:00Z,2025-12-31T20:48:00Z,49,127,Seattle
cos18,-0.5441345601462337,0.09833566359003358,-5.533440669244462,1.6284413018710518e-6,9447130,1977-10-18T10:18:00Z,2025-12-31T20:48:00Z,49,127,Seattle
sin44,0.14841667013532692,0.09457538633847146,1.569294886136287,0.12374361629541256,9447130,1977-10-18T10:18:00Z,2025-12-31T20:48:00Z,49,127,Seattle
cos44,0.12629770460715695,0.09542113731098724,1.3235820507519191,0.1924781089782831,9447130,1977-10-18T10:18:00Z,2025-12-31T20:48:00Z,49,127,Seattle
amp18,2.1760485147249935,NA,NA,NA,9447130,1977-10-18T10:18:00Z,2025-12-31T20:48:00Z,49,127,Seattle
phase18,0.7485790603771917,NA,NA,NA,9447130,1977-10-18T10:18:00Z,2025-12-31T20:48:00Z,49,127,Seattle
amp44,0.19488103592472797,NA,NA,NA,9447130,1977-10-18T10:18:00Z,2025-12-31T20:48:00Z,49,127,Seattle
phase44,-0.49654265154177674,NA,NA,NA,9447130,1977-10-18T10:18:00Z,2025-12-31T20:48:00Z,49,127,Seattle
(Intercept),73.46086455239312,0.0909404707318269,807.7906784650461,1.1717658655549516e-89,9449880,1979-09-01T13:42:00Z,2025-12-31T19:54:00Z,47,384,Friday Harbor
sin18,-6.208316275288956,0.1265206615822226,-49.06958434812109,1.017924930480934e-38,9449880,1979-09-01T13:42:00Z,2025-12-31T19:54:00Z,47,384,Friday Harbor
cos18,1.2243099387914622,0.12844132217628,9.532056491221349,4.599771115641553e-12,9449880,1979-09-01T13:42:00Z,2025-12-31T19:54:00Z,47,384,Friday Harbor
sin44,-0.02535642578021597,0.12587176719648682,-0.2014464907021953,0.8413219539878574,9449880,1979-09-01T13:42:00Z,2025-12-31T19:54:00Z,47,384,Friday Harbor
cos44,0.18931322880418183,0.1271133536836199,1.4893260489010067,0.1438730169187508,9449880,1979-09-01T13:42:00Z,2025-12-31T19:54:00Z,47,384,Friday Harbor
amp18,6.327884780891739,NA,NA,NA,9449880,1979-09-01T13:42:00Z,2025-12-31T19:54:00Z,47,384,Friday Harbor
phase18,-8.728304113096673,NA,NA,NA,9449880,1979-09-01T13:42:00Z,2025-12-31T19:54:00Z,47,384,Friday Harbor
amp44,0.1910037877336785,NA,NA,NA,9449880,1979-09-01T13:42:00Z,2025-12-31T19:54:00Z,47,384,Friday Harbor
phase44,-1.200019892502782,NA,NA,NA,9449880,1979-09-01T13:42:00Z,2025-12-31T19:54:00Z,47,384,Friday Harbor
(Intercept),197.55252564539813,0.16930185076682652,1166.8657179505983,2.0896170141566788e-98,9450460,1976-09-20T11:36:00Z,2025-12-31T18:24:00Z,48,225,Ketchikan
sin18,5.938795120666939,0.2342555046802332,25.351784705224315,1.7322518851442404e-27,9450460,1976-09-20T11:36:00Z,2025-12-31T18:24:00Z,48,225,Ketchikan
cos18,-1.0551891143415353,0.2409148532405823,-4.379925522017535,7.482621645528065e-5,9450460,1976-09-20T11:36:00Z,2025-12-31T18:24:00Z,48,225,Ketchikan
sin44,-0.07294806614820702,0.2369598180125848,-0.307849941648473,0.7596827966058322,9450460,1976-09-20T11:36:00Z,2025-12-31T18:24:00Z,48,225,Ketchikan
cos44,-0.01063842358203959,0.2359756268150232,-0.04508272199814456,0.9642500911416908,9450460,1976-09-20T11:36:00Z,2025-12-31T18:24:00Z,48,225,Ketchikan
amp18,6.031808315280114,NA,NA,NA,9450460,1976-09-20T11:36:00Z,2025-12-31T18:24:00Z,48,225,Ketchikan
phase18,0.5208224382153516,NA,NA,NA,9450460,1976-09-20T11:36:00Z,2025-12-31T18:24:00Z,48,225,Ketchikan
amp44,0.07371971521292037,NA,NA,NA,9450460,1976-09-20T11:36:00Z,2025-12-31T18:24:00Z,48,225,Ketchikan
phase44,2.1105127100271557,NA,NA,NA,9450460,1976-09-20T11:36:00Z,2025-12-31T18:24:00Z,48,225,Ketchikan
(Intercept),117.2040949732526,0.05759822167866659,2034.8561389120632,1.6499068133269465e-106,9451600,1979-01-01T11:42:00Z,2025-12-31T18:06:00Z,47,426,Sitka
sin18,3.3763381936342434,0.08013335596462903,42.133992180791275,5.4073541994223054e-36,9451600,1979-01-01T11:42:00Z,2025-12-31T18:06:00Z,47,426,Sitka
cos18,-0.8231598639590152,0.08134982904614872,-10.118765750473148,7.877712019092734e-13,9451600,1979-01-01T11:42:00Z,2025-12-31T18:06:00Z,47,426,Sitka
sin44,0.07765028911094576,0.0797223710381724,0.974008776956289,0.33562883380316144,9451600,1979-01-01T11:42:00Z,2025-12-31T18:06:00Z,47,426,Sitka
cos44,-0.0022608363913853,0.08050874451022107,-0.02808187365408828,0.9777298642331822,9451600,1979-01-01T11:42:00Z,2025-12-31T18:06:00Z,47,426,Sitka
amp18,3.4752340582220316,NA,NA,NA,9451600,1979-01-01T11:42:00Z,2025-12-31T18:06:00Z,47,426,Sitka
phase18,0.7082944832198684,NA,NA,NA,9451600,1979-01-01T11:42:00Z,2025-12-31T18:06:00Z,47,426,Sitka
amp44,0.07768319496649242,NA,NA,NA,9451600,1979-01-01T11:42:00Z,2025-12-31T18:06:00Z,47,426,Sitka
phase44,0.02049919420521937,NA,NA,NA,9451600,1979-01-01T11:42:00Z,2025-12-31T18:06:00Z,47,426,Sitka
(Intercept),209.43055818765265,0.1136491739084511,1842.7811746027933,1.0615909940096763e-104,9452210,1979-10-01T11:48:00Z,2025-12-31T18:48:00Z,47,405,Juneau
sin18,6.379789216119347,0.15811407787378015,40.349280101498785,3.1903960665605865e-35,9452210,1979-10-01T11:48:00Z,2025-12-31T18:48:00Z,47,405,Juneau
cos18,-1.4486479441585762,0.16051434574260198,-9.02503721680804,2.187260651424545e-11,9452210,1979-10-01T11:48:00Z,2025-12-31T18:48:00Z,47,405,Juneau
sin44,0.27134649606671146,0.15730314836902565,1.7249908783144352,0.09188180164814204,9452210,1979-10-01T11:48:00Z,2025-12-31T18:48:00Z,47,405,Juneau
cos44,0.08518258682576778,0.15885477084758826,0.5362293267697665,0.5946289563140335,9452210,1979-10-01T11:48:00Z,2025-12-31T18:48:00Z,47,405,Juneau
amp18,6.542193157361496,NA,NA,NA,9452210,1979-10-01T11:48:00Z,2025-12-31T18:48:00Z,47,405,Juneau
phase18,0.6613336698734502,NA,NA,NA,9452210,1979-10-01T11:48:00Z,2025-12-31T18:48:00Z,47,405,Juneau
amp44,0.2844028727457079,NA,NA,NA,9452210,1979-10-01T11:48:00Z,2025-12-31T18:48:00Z,47,405,Juneau
phase44,-0.21422412670054963,NA,NA,NA,9452210,1979-10-01T11:48:00Z,2025-12-31T18:48:00Z,47,405,Juneau
(Intercept),214.96609589306857,0.20099743345054205,1069.496720444262,9.797232782814072e-89,9452400,1982-01-01T14:00:00Z,2025-12-31T18:42:00Z,44,495,"Skagway, Taiya Inlet"
sin18,6.005531318237825,0.2806338906194812,21.399879055879538,3.698738713565329e-23,9452400,1982-01-01T14:00:00Z,2025-12-31T18:42:00Z,44,495,"Skagway, Taiya Inlet"
cos18,-0.9332358155018726,0.285002465877507,-3.274483301849654,0.00222434371493644,9452400,1982-01-01T14:00:00Z,2025-12-31T18:42:00Z,44,495,"Skagway, Taiya Inlet"
sin44,0.25982977707758154,0.28127314593125063,0.923763184776586,0.3612900189618048,9452400,1982-01-01T14:00:00Z,2025-12-31T18:42:00Z,44,495,"Skagway, Taiya Inlet"
cos44,-0.15502186186867073,0.27968608629042074,-0.5542709110945868,0.5825580800796115,9452400,1982-01-01T14:00:00Z,2025-12-31T18:42:00Z,44,495,"Skagway, Taiya Inlet"
amp18,6.077609357442348,NA,NA,NA,9452400,1982-01-01T14:00:00Z,2025-12-31T18:42:00Z,44,495,"Skagway, Taiya Inlet"
phase18,0.45661139259623573,NA,NA,NA,9452400,1982-01-01T14:00:00Z,2025-12-31T18:42:00Z,44,495,"Skagway, Taiya Inlet"
amp44,0.3025612181252167,NA,NA,NA,9452400,1982-01-01T14:00:00Z,2025-12-31T18:42:00Z,44,495,"Skagway, Taiya Inlet"
phase44,0.37884770713974975,NA,NA,NA,9452400,1982-01-01T14:00:00Z,2025-12-31T18:42:00Z,44,495,"Skagway, Taiya Inlet"
(Intercept),119.10501379214098,0.07692346942309701,1548.3572788044132,7.571845995490423e-106,9453220,1976-08-19T03:24:00Z,2025-12-31T18:24:00Z,49,445,"Yakutat, Yakutat Bay"
sin18,3.421287110309762,0.10555664375960248,32.41185953298679,2.394547333285195e-32,9453220,1976-08-19T03:24:00Z,2025-12-31T18:24:00Z,49,445,"Yakutat, Yakutat Bay"
cos18,-0.8071440383466489,0.11074181915337426,-7.28852067373733,4.3268905564305404e-9,9453220,1976-08-19T03:24:00Z,2025-12-31T18:24:00Z,49,445,"Yakutat, Yakutat Bay"
sin44,0.23285183622901875,0.106931699263119,2.17757538535002,0.03484263082717719,9453220,1976-08-19T03:24:00Z,2025-12-31T18:24:00Z,49,445,"Yakutat, Yakutat Bay"
cos44,0.02311911890697143,0.10838073625348672,0.21331391265786565,0.8320674492405767,9453220,1976-08-19T03:24:00Z,2025-12-31T18:24:00Z,49,445,"Yakutat, Yakutat Bay"
amp18,3.515207958259406,NA,NA,NA,9453220,1976-08-19T03:24:00Z,2025-12-31T18:24:00Z,49,445,"Yakutat, Yakutat Bay"
phase18,0.6862126783743423,NA,NA,NA,9453220,1976-08-19T03:24:00Z,2025-12-31T18:24:00Z,49,445,"Yakutat, Yakutat Bay"
amp44,0.23399673351194553,NA,NA,NA,9453220,1976-08-19T03:24:00Z,2025-12-31T18:24:00Z,49,445,"Yakutat, Yakutat Bay"
phase44,-0.06969538227318985,NA,NA,NA,9453220,1976-08-19T03:24:00Z,2025-12-31T18:24:00Z,49,445,"Yakutat, Yakutat Bay"
(Intercept),155.25490493488826,0.08869500093932849,1750.4358001088456,4.4317729776015744e-97,9454050,1982-01-01T14:24:00Z,2025-12-31T18:54:00Z,44,566,Cordova
sin18,4.598585850472175,0.12383652251075632,37.13432642678372,4.761065755395605e-32,9454050,1982-01-01T14:24:00Z,2025-12-31T18:54:00Z,44,566,Cordova
cos18,-1.1301340772227817,0.12576426248216974,-8.986130518461131,4.8256788274117965e-11,9454050,1982-01-01T14:24:00Z,2025-12-31T18:54:00Z,44,566,Cordova
sin44,0.05620765328449716,0.12411860944840772,0.45285435870002194,0.6531629782200449,9454050,1982-01-01T14:24:00Z,2025-12-31T18:54:00Z,44,566,Cordova
cos44,-0.0464820938569099,0.12341828082272498,-0.3766224383215616,0.7084955912836867,9454050,1982-01-01T14:24:00Z,2025-12-31T18:54:00Z,44,566,Cordova
amp18,4.7354191848940985,NA,NA,NA,9454050,1982-01-01T14:24:00Z,2025-12-31T18:54:00Z,44,566,Cordova
phase18,0.713755714768254,NA,NA,NA,9454050,1982-01-01T14:24:00Z,2025-12-31T18:54:00Z,44,566,Cordova
amp44,0.07293754408446192,NA,NA,NA,9454050,1982-01-01T14:24:00Z,2025-12-31T18:54:00Z,44,566,Cordova
phase44,0.4866241119036211,NA,NA,NA,9454050,1982-01-01T14:24:00Z,2025-12-31T18:54:00Z,44,566,Cordova
(Intercept),147.8608186749018,0.07042033205408364,2099.68931361106,2.2361308426626388e-109,9454240,1978-09-01T15:30:00Z,2025-12-31T18:48:00Z,48,1353,Valdez
sin18,4.344694306631481,0.09719705006215068,44.69985769993384,1.1083856048283145e-37,9454240,1978-09-01T15:30:00Z,2025-12-31T18:48:00Z,48,1353,Valdez
cos18,-0.9207258054131005,0.1006987073585822,-9.14337263669582,1.2164992627337183e-11,9454240,1978-09-01T15:30:00Z,2025-12-31T18:48:00Z,48,1353,Valdez
sin44,0.16944462307943312,0.09869788529229488,1.7168009484460685,0.09321179219287412,9454240,1978-09-01T15:30:00Z,2025-12-31T18:48:00Z,48,1353,Valdez
cos44,0.05687320940007904,0.09764675771049948,0.5824382778657663,0.5633133131069885,9454240,1978-09-01T15:30:00Z,2025-12-31T18:48:00Z,48,1353,Valdez
amp18,4.441182795926059,NA,NA,NA,9454240,1978-09-01T15:30:00Z,2025-12-31T18:48:00Z,48,1353,Valdez
phase18,0.6185280039938866,NA,NA,NA,9454240,1978-09-01T15:30:00Z,2025-12-31T18:48:00Z,48,1353,Valdez
amp44,0.17873455804067775,NA,NA,NA,9454240,1978-09-01T15:30:00Z,2025-12-31T18:48:00Z,48,1353,Valdez
phase44,-0.22806032642049023,NA,NA,NA,9454240,1978-09-01T15:30:00Z,2025-12-31T18:48:00Z,48,1353,Valdez
(Intercept),127.04898642856234,0.06065366744050253,2094.6628916246405,1.2722996004385132e-111,9455090,1977-08-01T10:54:00Z,2025-12-31T18:48:00Z,49,266,Seward
sin18,3.359091679697635,0.0830316830505215,40.455541261927216,1.8997991430938996e-36,9455090,1977-08-01T10:54:00Z,2025-12-31T18:48:00Z,49,266,Seward
cos18,-0.7784410085464082,0.0877197222674333,-8.874184600963005,2.3248572545629845e-11,9455090,1977-08-01T10:54:00Z,2025-12-31T18:48:00Z,49,266,Seward
sin44,0.11035473914371868,0.08436539013488431,1.308057000237684,0.19764669982825897,9455090,1977-08-01T10:54:00Z,2025-12-31T18:48:00Z,49,266,Seward
cos44,0.09077803849438032,0.08511983707415338,1.0664733582055348,0.2920267430081729,9455090,1977-08-01T10:54:00Z,2025-12-31T18:48:00Z,49,266,Seward
amp18,3.448110687956613,NA,NA,NA,9455090,1977-08-01T10:54:00Z,2025-12-31T18:48:00Z,49,266,Seward
phase18,0.6744831000443342,NA,NA,NA,9455090,1977-08-01T10:54:00Z,2025-12-31T18:48:00Z,49,266,Seward
amp44,0.14289443909531746,NA,NA,NA,9455090,1977-08-01T10:54:00Z,2025-12-31T18:48:00Z,49,266,Seward
phase44,-0.4847929870603154,NA,NA,NA,9455090,1977-08-01T10:54:00Z,2025-12-31T18:48:00Z,49,266,Seward
(Intercept),236.74106818905489,0.1215175277448134,1948.2051073834443,1.0261493825144829e-105,9455500,1979-10-01T13:18:00Z,2025-12-31T20:06:00Z,47,1070,Seldovia
sin18,7.875923148477336,0.16906090193273207,46.58630741016099,8.675178293321868e-38,9455500,1979-10-01T13:18:00Z,2025-12-31T20:06:00Z,47,1070,Seldovia
cos18,-1.869801346504416,0.17162734924874598,-10.894541893754022,8.175212095697692e-14,9455500,1979-10-01T13:18:00Z,2025-12-31T20:06:00Z,47,1070,Seldovia
sin44,0.22851406391501117,0.16819382877061234,1.3586352459260875,0.1815147732478367,9455500,1979-10-01T13:18:00Z,2025-12-31T20:06:00Z,47,1070,Seldovia
cos44,0.18697850063949387,0.1698528758283595,1.1008262281554786,0.27724151140727493,9455500,1979-10-01T13:18:00Z,2025-12-31T20:06:00Z,47,1070,Seldovia
amp18,8.094833075246882,NA,NA,NA,9455500,1979-10-01T13:18:00Z,2025-12-31T20:06:00Z,47,1070,Seldovia
phase18,0.6903890514242274,NA,NA,NA,9455500,1979-10-01T13:18:00Z,2025-12-31T20:06:00Z,47,1070,Seldovia
amp44,0.29526198046539454,NA,NA,NA,9455500,1979-10-01T13:18:00Z,2025-12-31T20:06:00Z,47,1070,Seldovia
phase44,-0.4829552729221758,NA,NA,NA,9455500,1979-10-01T13:18:00Z,2025-12-31T20:06:00Z,47,1070,Seldovia
(Intercept),269.1275954209707,0.34284483171425295,784.9836734458271,2.6334432013981977e-64,9455760,1980-05-01T14:06:00Z,2025-12-31T22:24:00Z,34,1350,Nikiski
sin18,6.688585016088826,0.4544102385910375,14.719265650412542,5.46290107864331e-15,9455760,1980-05-01T14:06:00Z,2025-12-31T22:24:00Z,34,1350,Nikiski
cos18,-0.8862714519269143,0.4893548822446757,-1.811101685266893,0.08049598620849258,9455760,1980-05-01T14:06:00Z,2025-12-31T22:24:00Z,34,1350,Nikiski
sin44,0.2049285292139029,0.4621181459682045,0.4434548415850408,0.6607276922281395,9455760,1980-05-01T14:06:00Z,2025-12-31T22:24:00Z,34,1350,Nikiski
cos44,0.1912933646754605,0.45385114007512695,0.421489223633536,0.6765057709148374,9455760,1980-05-01T14:06:00Z,2025-12-31T22:24:00Z,34,1350,Nikiski
amp18,6.747047250757075,NA,NA,NA,9455760,1980-05-01T14:06:00Z,2025-12-31T22:24:00Z,34,1350,Nikiski
phase18,0.39019025968678256,NA,NA,NA,9455760,1980-05-01T14:06:00Z,2025-12-31T22:24:00Z,34,1350,Nikiski
amp44,0.28033703546736766,NA,NA,NA,9455760,1980-05-01T14:06:00Z,2025-12-31T22:24:00Z,34,1350,Nikiski
phase44,-0.5288988740819125,NA,NA,NA,9455760,1980-05-01T14:06:00Z,2025-12-31T22:24:00Z,34,1350,Nikiski
(Intercept),398.11672159346807,1.05900854949395,375.93343489408954,1.356932340541083e-72,9455920,1978-10-02T10:36:00Z,2025-12-31T19:30:00Z,45,1067,Anchorage
sin18,7.521633362531239,1.4448679176500048,5.205758443833916,6.13300847197787e-6,9455920,1978-10-02T10:36:00Z,2025-12-31T19:30:00Z,45,1067,Anchorage
cos18,-0.8664417078708601,1.5502679132183774,-0.5588980462558341,0.5793470774773075,9455920,1978-10-02T10:36:00Z,2025-12-31T19:30:00Z,45,1067,Anchorage
sin44,-0.6895484665075869,1.4900562667539397,-0.46276673028580034,0.6460393590367015,9455920,1978-10-02T10:36:00Z,2025-12-31T19:30:00Z,45,1067,Anchorage
cos44,-1.1547366280418343,1.491725020554856,-0.7740948312392879,0.44342617135927265,9455920,1978-10-02T10:36:00Z,2025-12-31T19:30:00Z,45,1067,Anchorage
amp18,7.571373037532966,NA,NA,NA,9455920,1978-10-02T10:36:00Z,2025-12-31T19:30:00Z,45,1067,Anchorage
phase18,0.33969072970303094,NA,NA,NA,9455920,1978-10-02T10:36:00Z,2025-12-31T19:30:00Z,45,1067,Anchorage
amp44,1.3449512139123825,NA,NA,NA,9455920,1978-10-02T10:36:00Z,2025-12-31T19:30:00Z,45,1067,Anchorage
phase44,1.485367349091696,NA,NA,NA,9455920,1978-10-02T10:36:00Z,2025-12-31T19:30:00Z,45,1067,Anchorage
(Intercept),102.92619348381864,0.07524216868971641,1367.9323081218672,1.2362086633092646e-88,9457292,1984-07-11T03:00:00Z,2025-12-31T19:42:00Z,42,567,Kodiak Island
sin18,2.794744290745041,0.103174203115557,27.087626619367985,5.357583768393951e-26,9457292,1984-07-11T03:00:00Z,2025-12-31T19:42:00Z,42,567,Kodiak Island
cos18,-0.4584815628949592,0.10888556249872088,-4.210673595044754,1.5610565416379762e-4,9457292,1984-07-11T03:00:00Z,2025-12-31T19:42:00Z,42,567,Kodiak Island
sin44,0.0947828232869742,0.105329427628982,0.899870296654818,0.37400897003969713,9457292,1984-07-11T03:00:00Z,2025-12-31T19:42:00Z,42,567,Kodiak Island
cos44,0.06796892136928201,0.10543430471279544,0.6446566091978349,0.5231268078973798,9457292,1984-07-11T03:00:00Z,2025-12-31T19:42:00Z,42,567,Kodiak Island
amp18,2.8321018686068844,NA,NA,NA,9457292,1984-07-11T03:00:00Z,2025-12-31T19:42:00Z,42,567,Kodiak Island
phase18,0.48160941759721654,NA,NA,NA,9457292,1984-07-11T03:00:00Z,2025-12-31T19:42:00Z,42,567,Kodiak Island
amp44,0.1166342911083761,NA,NA,NA,9457292,1984-07-11T03:00:00Z,2025-12-31T19:42:00Z,42,567,Kodiak Island
phase44,-0.4381287217882079,NA,NA,NA,9457292,1984-07-11T03:00:00Z,2025-12-31T19:42:00Z,42,567,Kodiak Island
(Intercept),79.01493450033142,0.04814176196005525,1641.297104287388,3.860280924790364e-109,9459450,1976-01-01T22:12:00Z,2025-10-13T21:42:00Z,50,1634,Sand Point
sin18,1.5004831913190728,0.06556421451347769,22.885703770776153,2.002099731785461e-26,9459450,1976-01-01T22:12:00Z,2025-10-13T21:42:00Z,50,1634,Sand Point
cos18,-0.16034261080792095,0.07006105332816222,-2.2886126198657726,0.02684968201271966,9459450,1976-01-01T22:12:00Z,2025-10-13T21:42:00Z,50,1634,Sand Point
sin44,0.00165943050870863,0.06766157755934009,0.02452544809871295,0.98054192108113,9459450,1976-01-01T22:12:00Z,2025-10-13T21:42:00Z,50,1634,Sand Point
cos44,0.03070965135253385,0.06713683518261683,0.4574188114319282,0.6495708849198294,9459450,1976-01-01T22:12:00Z,2025-10-13T21:42:00Z,50,1634,Sand Point
amp18,1.509026030349301,NA,NA,NA,9459450,1976-01-01T22:12:00Z,2025-10-13T21:42:00Z,50,1634,Sand Point
phase18,0.31531116252997377,NA,NA,NA,9459450,1976-01-01T22:12:00Z,2025-10-13T21:42:00Z,50,1634,Sand Point
amp44,0.03075445326789954,NA,NA,NA,9459450,1976-01-01T22:12:00Z,2025-10-13T21:42:00Z,50,1634,Sand Point
phase44,-1.0682314607999768,NA,NA,NA,9459450,1976-01-01T22:12:00Z,2025-10-13T21:42:00Z,50,1634,Sand Point
(Intercept),43.38399022510466,0.32273604307056547,134.42561237456474,3.612143434183867e-59,9461380,1977-01-22T02:54:00Z,2025-12-31T21:42:00Z,49,487,Adak Island
sin18,-5.142601218266927,0.44180868145361774,-11.639882678056455,5.047051832992288e-15,9461380,1977-01-22T02:54:00Z,2025-12-31T21:42:00Z,49,487,Adak Island
cos18,1.4792026477601197,0.46675357416121704,3.169129771353828,0.00278102010706525,9461380,1977-01-22T02:54:00Z,2025-12-31T21:42:00Z,49,487,Adak Island
sin44,0.3786313444764663,0.4489052902027039,0.8434548505888507,0.4035363029565569,9461380,1977-01-22T02:54:00Z,2025-12-31T21:42:00Z,49,487,Adak Island
cos44,0.9572677693311956,0.45291967597954497,2.1135486491305104,0.04025951195349015,9461380,1977-01-22T02:54:00Z,2025-12-31T21:42:00Z,49,487,Adak Island
amp18,5.351110890577865,NA,NA,NA,9461380,1977-01-22T02:54:00Z,2025-12-31T21:42:00Z,49,487,Adak Island
phase18,-8.475449119272232,NA,NA,NA,9461380,1977-01-22T02:54:00Z,2025-12-31T21:42:00Z,49,487,Adak Island
amp44,1.0294286168648994,NA,NA,NA,9461380,1977-01-22T02:54:00Z,2025-12-31T21:42:00Z,49,487,Adak Island
phase44,-0.8409902988095964,NA,NA,NA,9461380,1977-01-22T02:54:00Z,2025-12-31T21:42:00Z,49,487,Adak Island
(Intercept),36.305662993494096,0.09054564981709257,400.9652928311148,4.0384571301422385e-72,9462620,1982-01-01T12:36:00Z,2025-12-31T22:24:00Z,44,757,Unalaska
sin18,-1.9148636981835292,0.12642041020435368,-15.146792318488972,6.304257346000704e-18,9462620,1982-01-01T12:36:00Z,2025-12-31T22:24:00Z,44,757,Unalaska
cos18,0.7310728261718561,0.12838837307194992,5.694229225586937,1.3769711756963543e-6,9462620,1982-01-01T12:36:00Z,2025-12-31T22:24:00Z,44,757,Unalaska
sin44,-0.16252102523572928,0.12670838297400316,-1.2826383023850427,0.20718993051977905,9462620,1982-01-01T12:36:00Z,2025-12-31T22:24:00Z,44,757,Unalaska
cos44,-0.03451594079127879,0.12599344177296148,-0.2739502969803465,0.7855685948315237,9462620,1982-01-01T12:36:00Z,2025-12-31T22:24:00Z,44,757,Unalaska
amp18,2.049675696247581,NA,NA,NA,9462620,1982-01-01T12:36:00Z,2025-12-31T22:24:00Z,44,757,Unalaska
phase18,-8.224778503520866,NA,NA,NA,9462620,1982-01-01T12:36:00Z,2025-12-31T22:24:00Z,44,757,Unalaska
amp44,0.1661458209296268,NA,NA,NA,9462620,1982-01-01T12:36:00Z,2025-12-31T22:24:00Z,44,757,Unalaska
phase44,2.0651201129570187,NA,NA,NA,9462620,1982-01-01T12:36:00Z,2025-12-31T22:24:00Z,44,757,Unalaska
(Intercept),15.701520074145671,0.1276210541354548,123.03236468710207,1.161548554201329e-38,9468756,1992-10-01T17:00:00Z,2025-12-31T22:42:00Z,32,1800,"Nome, Norton Sound"
sin18,0.15127458621391862,0.17835453550722383,0.8481678684744836,0.403801325638152,9468756,1992-10-01T17:00:00Z,2025-12-31T22:42:00Z,32,1800,"Nome, Norton Sound"
cos18,-0.23838362034268143,0.17915702524770888,-1.3305848320102645,0.1944547917854005,9468756,1992-10-01T17:00:00Z,2025-12-31T22:42:00Z,32,1800,"Nome, Norton Sound"
sin44,0.22816426614574983,0.17646751817952708,1.2929533349793572,0.20698174587214,9468756,1992-10-01T17:00:00Z,2025-12-31T22:42:00Z,32,1800,"Nome, Norton Sound"
cos44,0.12000453431109964,0.180702787159204,0.6640989671364196,0.5122587783873929,9468756,1992-10-01T17:00:00Z,2025-12-31T22:42:00Z,32,1800,"Nome, Norton Sound"
amp18,0.28233092441650093,NA,NA,NA,9468756,1992-10-01T17:00:00Z,2025-12-31T22:42:00Z,32,1800,"Nome, Norton Sound"
phase18,2.9776731596464026,NA,NA,NA,9468756,1992-10-01T17:00:00Z,2025-12-31T22:42:00Z,32,1800,"Nome, Norton Sound"
amp44,0.257798410780696,NA,NA,NA,9468756,1992-10-01T17:00:00Z,2025-12-31T22:42:00Z,32,1800,"Nome, Norton Sound"
phase44,-0.34100068749861046,NA,NA,NA,9468756,1992-10-01T17:00:00Z,2025-12-31T22:42:00Z,32,1800,"Nome, Norton Sound"
(Intercept),7.931285446963565,0.05893913360969553,134.56739115789892,8.456387298137161e-47,9497645,1988-09-01T15:42:00Z,2025-12-31T18:42:00Z,38,1857,Prudhoe Bay
sin18,-0.02568027101563962,0.08290450123666754,-0.30975725844282126,0.7586932027526612,9497645,1988-09-01T15:42:00Z,2025-12-31T18:42:00Z,38,1857,Prudhoe Bay
cos18,0.17634998798610055,0.08384214714027483,2.103357249320589,0.04314043220126284,9497645,1988-09-01T15:42:00Z,2025-12-31T18:42:00Z,38,1857,Prudhoe Bay
sin44,-0.01776111234832304,0.08281266215825413,-0.21447338952081685,0.8314977470204429,9497645,1988-09-01T15:42:00Z,2025-12-31T18:42:00Z,38,1857,Prudhoe Bay
cos44,-0.05237635181341874,0.08401771944630086,-0.6233964949131308,0.5373092566850954,9497645,1988-09-01T15:42:00Z,2025-12-31T18:42:00Z,38,1857,Prudhoe Bay
amp18,0.17820997329592558,NA,NA,NA,9497645,1988-09-01T15:42:00Z,2025-12-31T18:42:00Z,38,1857,Prudhoe Bay
phase18,-5.080800628011715,NA,NA,NA,9497645,1988-09-01T15:42:00Z,2025-12-31T18:42:00Z,38,1857,Prudhoe Bay
amp44,0.05530587076552331,NA,NA,NA,9497645,1988-09-01T15:42:00Z,2025-12-31T18:42:00Z,38,1857,Prudhoe Bay
phase44,1.3364985282130688,NA,NA,NA,9497645,1988-09-01T15:42:00Z,2025-12-31T18:42:00Z,38,1857,Prudhoe Bay
(Intercept),10.366816854966352,0.05343002125453912,194.02606646138372,7.839456821225826e-60,9751401,1982-02-02T23:42:00Z,2025-12-31T13:00:00Z,44,1447,Lime Tree Bay
sin18,-1.135004167967911,0.0745993343453931,-15.214668842926525,5.4274809475002604e-18,9751401,1982-02-02T23:42:00Z,2025-12-31T13:00:00Z,44,1447,Lime Tree Bay
cos18,0.3983950655017966,0.07576060822278222,5.258604370364518,5.521649007054575e-6,9751401,1982-02-02T23:42:00Z,2025-12-31T13:00:00Z,44,1447,Lime Tree Bay
sin44,-0.00185633229759106,0.07476926400224777,-0.02482747854165394,0.9803191757160408,9751401,1982-02-02T23:42:00Z,2025-12-31T13:00:00Z,44,1447,Lime Tree Bay
cos44,-0.06938283670319788,0.07434738483251882,-0.9332249797285472,0.356445862185769,9751401,1982-02-02T23:42:00Z,2025-12-31T13:00:00Z,44,1447,Lime Tree Bay
amp18,1.202893631839786,NA,NA,NA,9751401,1982-02-02T23:42:00Z,2025-12-31T13:00:00Z,44,1447,Lime Tree Bay
phase18,-8.305153973955509,NA,NA,NA,9751401,1982-02-02T23:42:00Z,2025-12-31T13:00:00Z,44,1447,Lime Tree Bay
amp44,0.06940766527251657,NA,NA,NA,9751401,1982-02-02T23:42:00Z,2025-12-31T13:00:00Z,44,1447,Lime Tree Bay
phase44,1.125087943125023,NA,NA,NA,9751401,1982-02-02T23:42:00Z,2025-12-31T13:00:00Z,44,1447,Lime Tree Bay
(Intercept),10.445070627973994,0.05202244261794853,200.78008840688855,1.498069800153969e-65,9751639,1978-10-01T06:42:00Z,2025-12-31T11:24:00Z,48,1393,Charlotte Amalie
sin18,-0.9521207663037842,0.0718035233859549,-13.260084204865404,8.612693868070084e-17,9751639,1978-10-01T06:42:00Z,2025-12-31T11:24:00Z,48,1393,Charlotte Amalie
cos18,0.31646203170036297,0.07439034398815578,4.254074046905189,1.1128343106133158e-4,9751639,1978-10-01T06:42:00Z,2025-12-31T11:24:00Z,48,1393,Charlotte Amalie
sin44,-0.17219881052227468,0.07291225310025401,-2.36172663990375,0.02278904684024348,9751639,1978-10-01T06:42:00Z,2025-12-31T11:24:00Z,48,1393,Charlotte Amalie
cos44,-0.070793725197938,0.0721357412220354,-0.9813959626481604,0.33188727744123925,9751639,1978-10-01T06:42:00Z,2025-12-31T11:24:00Z,48,1393,Charlotte Amalie
amp18,1.0033355227115337,NA,NA,NA,9751639,1978-10-01T06:42:00Z,2025-12-31T11:24:00Z,48,1393,Charlotte Amalie
phase18,-8.354568413354137,NA,NA,NA,9751639,1978-10-01T06:42:00Z,2025-12-31T11:24:00Z,48,1393,Charlotte Amalie
amp44,0.18618319438845016,NA,NA,NA,9751639,1978-10-01T06:42:00Z,2025-12-31T11:24:00Z,48,1393,Charlotte Amalie
phase44,1.937801419815196,NA,NA,NA,9751639,1978-10-01T06:42:00Z,2025-12-31T11:24:00Z,48,1393,Charlotte Amalie
(Intercept),9.77795408729552,0.03454769715139691,283.0276659091344,1.5648775534646236e-70,9759110,1979-08-01T23:12:00Z,2025-12-31T12:48:00Z,47,759,Magueyes Island
sin18,-1.077602193626647,0.04806438172754326,-22.41997410338325,5.4201957302761195e-25,9759110,1979-08-01T23:12:00Z,2025-12-31T12:48:00Z,47,759,Magueyes Island
cos18,0.3211068988276567,0.04879402827544588,6.580864711865653,5.798286518242586e-8,9759110,1979-08-01T23:12:00Z,2025-12-31T12:48:00Z,47,759,Magueyes Island
sin44,-0.05919183956154132,0.0478178709437169,-1.2378602056794192,0.2226432165545588,9759110,1979-08-01T23:12:00Z,2025-12-31T12:48:00Z,47,759,Magueyes Island
cos44,0.03951186030332701,0.04828954162674238,0.8182281084533145,0.41784513569702286,9759110,1979-08-01T23:12:00Z,2025-12-31T12:48:00Z,47,759,Magueyes Island
amp18,1.1244270221689252,NA,NA,NA,9759110,1979-08-01T23:12:00Z,2025-12-31T12:48:00Z,47,759,Magueyes Island
phase18,-8.447226304177878,NA,NA,NA,9759110,1979-08-01T23:12:00Z,2025-12-31T12:48:00Z,47,759,Magueyes Island
amp44,0.07116783666312246,NA,NA,NA,9759110,1979-08-01T23:12:00Z,2025-12-31T12:48:00Z,47,759,Magueyes Island
phase44,-1.797976011373707,NA,NA,NA,9759110,1979-08-01T23:12:00Z,2025-12-31T12:48:00Z,47,759,Magueyes Island
