psmsl_id,noaa_id,noaa_name
0,0,GMSL
0,0,GMSL
0,0,GMSL
0,0,GMSL
0,0,GMSL
0,0,GMSL
0,0,GMSL
0,0,GMSL
0,0,GMSL
0,0,GMSL
0,0,GMSL
0,0,GMSL
0,0,GMSL
0,0,GMSL
0,0,GMSL
756,1611400,Nawiliwili
756,1611400,Nawiliwili
756,1611400,Nawiliwili
756,1611400,Nawiliwili
756,1611400,Nawiliwili
756,1611400,Nawiliwili
756,1611400,Nawiliwili
756,1611400,Nawiliwili
756,1611400,Nawiliwili
756,1611400,Nawiliwili
756,1611400,Nawiliwili
756,1611400,Nawiliwili
756,1611400,Nawiliwili
756,1611400,Nawiliwili
756,1611400,Nawiliwili
155,1612340,Honolulu
155,1612340,Honolulu
155,1612340,Honolulu
155,1612340,Honolulu
155,1612340,Honolulu
155,1612340,Honolulu
155,1612340,Honolulu
155,1612340,Honolulu
155,1612340,Honolulu
155,1612340,Honolulu
155,1612340,Honolulu
155,1612340,Honolulu
155,1612340,Honolulu
155,1612340,Honolulu
155,1612340,Honolulu
823,1612480,Mokuoloe
823,1612480,Mokuoloe
823,1612480,Mokuoloe
823,1612480,Mokuoloe
823,1612480,Mokuoloe
823,1612480,Mokuoloe
823,1612480,Mokuoloe
823,1612480,Mokuoloe
823,1612480,Mokuoloe
823,1612480,Mokuoloe
823,1612480,Mokuoloe
823,1612480,Mokuoloe
823,1612480,Mokuoloe
823,1612480,Mokuoloe
823,1612480,Mokuoloe
521,1615680,"Kahului, Kahului Harbor"
521,1615680,"Kahului, Kahului Harbor"
521,1615680,"Kahului, Kahului Harbor"
521,1615680,"Kahului, Kahului Harbor"
521,1615680,"Kahului, Kahului Harbor"
521,1615680,"Kahului, Kahului Harbor"
521,1615680,"Kahului, Kahului Harbor"
521,1615680,"Kahului, Kahului Harbor"
521,1615680,"Kahului, Kahului Harbor"
521,1615680,"Kahului, Kahului Harbor"
521,1615680,"Kahului, Kahului Harbor"
521,1615680,"Kahului, Kahului Harbor"
521,1615680,"Kahului, Kahului Harbor"
521,1615680,"Kahului, Kahului Harbor"
521,1615680,"Kahului, Kahului Harbor"
2128,1617433,Kawaihae
2128,1617433,Kawaihae
2128,1617433,Kawaihae
2128,1617433,Kawaihae
2128,1617433,Kawaihae
2128,1617433,Kawaihae
2128,1617433,Kawaihae
2128,1617433,Kawaihae
2128,1617433,Kawaihae
2128,1617433,Kawaihae
2128,1617433,Kawaihae
2128,1617433,Kawaihae
2128,1617433,Kawaihae
2128,1617433,Kawaihae
2128,1617433,Kawaihae
300,1617760,"Hilo, Hilo Bay, Kuhio Bay"
300,1617760,"Hilo, Hilo Bay, Kuhio Bay"
300,1617760,"Hilo, Hilo Bay, Kuhio Bay"
300,1617760,"Hilo, Hilo Bay, Kuhio Bay"
300,1617760,"Hilo, Hilo Bay, Kuhio Bay"
300,1617760,"Hilo, Hilo Bay, Kuhio Bay"
300,1617760,"Hilo, Hilo Bay, Kuhio Bay"
300,1617760,"Hilo, Hilo Bay, Kuhio Bay"
300,1617760,"Hilo, Hilo Bay, Kuhio Bay"
300,1617760,"Hilo, Hilo Bay, Kuhio Bay"
300,1617760,"Hilo, Hilo Bay, Kuhio Bay"
300,1617760,"Hilo, Hilo Bay, Kuhio Bay"
300,1617760,"Hilo, Hilo Bay, Kuhio Bay"
300,1617760,"Hilo, Hilo Bay, Kuhio Bay"
300,1617760,"Hilo, Hilo Bay, Kuhio Bay"
598,1619000,Johnston Atoll
598,1619000,Johnston Atoll
598,1619000,Johnston Atoll
598,1619000,Johnston Atoll
598,1619000,Johnston Atoll
598,1619000,Johnston Atoll
598,1619000,Johnston Atoll
598,1619000,Johnston Atoll
598,1619000,Johnston Atoll
598,1619000,Johnston Atoll
598,1619000,Johnston Atoll
598,1619000,Johnston Atoll
598,1619000,Johnston Atoll
598,1619000,Johnston Atoll
598,1619000,Johnston Atoll
523,1619910,"Sand Island, Midway Islands"
523,1619910,"Sand Island, Midway Islands"
523,1619910,"Sand Island, Midway Islands"
523,1619910,"Sand Island, Midway Islands"
523,1619910,"Sand Island, Midway Islands"
523,1619910,"Sand Island, Midway Islands"
523,1619910,"Sand Island, Midway Islands"
523,1619910,"Sand Island, Midway Islands"
523,1619910,"Sand Island, Midway Islands"
523,1619910,"Sand Island, Midway Islands"
523,1619910,"Sand Island, Midway Islands"
523,1619910,"Sand Island, Midway Islands"
523,1619910,"Sand Island, Midway Islands"
523,1619910,"Sand Island, Midway Islands"
523,1619910,"Sand Island, Midway Islands"
540,1630000,"Apra Harbor, Guam"
540,1630000,"Apra Harbor, Guam"
540,1630000,"Apra Harbor, Guam"
540,1630000,"Apra Harbor, Guam"
540,1630000,"Apra Harbor, Guam"
540,1630000,"Apra Harbor, Guam"
540,1630000,"Apra Harbor, Guam"
540,1630000,"Apra Harbor, Guam"
540,1630000,"Apra Harbor, Guam"
540,1630000,"Apra Harbor, Guam"
540,1630000,"Apra Harbor, Guam"
540,1630000,"Apra Harbor, Guam"
540,1630000,"Apra Harbor, Guam"
540,1630000,"Apra Harbor, Guam"
540,1630000,"Apra Harbor, Guam"
539,1770000,"Pago Pago, American Samoa"
539,1770000,"Pago Pago, American Samoa"
539,1770000,"Pago Pago, American Samoa"
539,1770000,"Pago Pago, American Samoa"
539,1770000,"Pago Pago, American Samoa"
539,1770000,"Pago Pago, American Samoa"
539,1770000,"Pago Pago, American Samoa"
539,1770000,"Pago Pago, American Samoa"
539,1770000,"Pago Pago, American Samoa"
539,1770000,"Pago Pago, American Samoa"
539,1770000,"Pago Pago, American Samoa"
539,1770000,"Pago Pago, American Samoa"
539,1770000,"Pago Pago, American Samoa"
539,1770000,"Pago Pago, American Samoa"
539,1770000,"Pago Pago, American Samoa"
513,1820000,"Kwajalein, Marshall Islands"
513,1820000,"Kwajalein, Marshall Islands"
513,1820000,"Kwajalein, Marshall Islands"
513,1820000,"Kwajalein, Marshall Islands"
513,1820000,"Kwajalein, Marshall Islands"
513,1820000,"Kwajalein, Marshall Islands"
513,1820000,"Kwajalein, Marshall Islands"
513,1820000,"Kwajalein, Marshall Islands"
513,1820000,"Kwajalein, Marshall Islands"
513,1820000,"Kwajalein, Marshall Islands"
513,1820000,"Kwajalein, Marshall Islands"
513,1820000,"Kwajalein, Marshall Islands"
513,1820000,"Kwajalein, Marshall Islands"
513,1820000,"Kwajalein, Marshall Islands"
513,1820000,"Kwajalein, Marshall Islands"
595,1890000,"Wake Island, Pacific Ocean"
595,1890000,"Wake Island, Pacific Ocean"
595,1890000,"Wake Island, Pacific Ocean"
595,1890000,"Wake Island, Pacific Ocean"
595,1890000,"Wake Island, Pacific Ocean"
595,1890000,"Wake Island, Pacific Ocean"
595,1890000,"Wake Island, Pacific Ocean"
595,1890000,"Wake Island, Pacific Ocean"
595,1890000,"Wake Island, Pacific Ocean"
595,1890000,"Wake Island, Pacific Ocean"
595,1890000,"Wake Island, Pacific Ocean"
595,1890000,"Wake Island, Pacific Ocean"
595,1890000,"Wake Island, Pacific Ocean"
595,1890000,"Wake Island, Pacific Ocean"
595,1890000,"Wake Island, Pacific Ocean"
332,8410140,Eastport
332,8410140,Eastport
332,8410140,Eastport
332,8410140,Eastport
332,8410140,Eastport
332,8410140,Eastport
332,8410140,Eastport
332,8410140,Eastport
332,8410140,Eastport
332,8410140,Eastport
332,8410140,Eastport
332,8410140,Eastport
332,8410140,Eastport
332,8410140,Eastport
332,8410140,Eastport
1524,8411250,Cutler Naval Base
1524,8411250,Cutler Naval Base
1524,8411250,Cutler Naval Base
1524,8411250,Cutler Naval Base
1524,8411250,Cutler Naval Base
1524,8411250,Cutler Naval Base
1524,8411250,Cutler Naval Base
1524,8411250,Cutler Naval Base
1524,8411250,Cutler Naval Base
1524,8411250,Cutler Naval Base
1524,8411250,Cutler Naval Base
1524,8411250,Cutler Naval Base
1524,8411250,Cutler Naval Base
1524,8411250,Cutler Naval Base
1524,8411250,Cutler Naval Base
525,8413320,Bar Harbor
525,8413320,Bar Harbor
525,8413320,Bar Harbor
525,8413320,Bar Harbor
525,8413320,Bar Harbor
525,8413320,Bar Harbor
525,8413320,Bar Harbor
525,8413320,Bar Harbor
525,8413320,Bar Harbor
525,8413320,Bar Harbor
525,8413320,Bar Harbor
525,8413320,Bar Harbor
525,8413320,Bar Harbor
525,8413320,Bar Harbor
525,8413320,Bar Harbor
183,8418150,Portland
183,8418150,Portland
183,8418150,Portland
183,8418150,Portland
183,8418150,Portland
183,8418150,Portland
183,8418150,Portland
183,8418150,Portland
183,8418150,Portland
183,8418150,Portland
183,8418150,Portland
183,8418150,Portland
183,8418150,Portland
183,8418150,Portland
183,8418150,Portland
235,8443970,Boston
235,8443970,Boston
235,8443970,Boston
235,8443970,Boston
235,8443970,Boston
235,8443970,Boston
235,8443970,Boston
235,8443970,Boston
235,8443970,Boston
235,8443970,Boston
235,8443970,Boston
235,8443970,Boston
235,8443970,Boston
235,8443970,Boston
235,8443970,Boston
367,8447930,Woods Hole
367,8447930,Woods Hole
367,8447930,Woods Hole
367,8447930,Woods Hole
367,8447930,Woods Hole
367,8447930,Woods Hole
367,8447930,Woods Hole
367,8447930,Woods Hole
367,8447930,Woods Hole
367,8447930,Woods Hole
367,8447930,Woods Hole
367,8447930,Woods Hole
367,8447930,Woods Hole
367,8447930,Woods Hole
367,8447930,Woods Hole
1111,8449130,Nantucket Island
1111,8449130,Nantucket Island
1111,8449130,Nantucket Island
1111,8449130,Nantucket Island
1111,8449130,Nantucket Island
1111,8449130,Nantucket Island
1111,8449130,Nantucket Island
1111,8449130,Nantucket Island
1111,8449130,Nantucket Island
1111,8449130,Nantucket Island
1111,8449130,Nantucket Island
1111,8449130,Nantucket Island
1111,8449130,Nantucket Island
1111,8449130,Nantucket Island
1111,8449130,Nantucket Island
351,8452660,Newport
351,8452660,Newport
351,8452660,Newport
351,8452660,Newport
351,8452660,Newport
351,8452660,Newport
351,8452660,Newport
351,8452660,Newport
351,8452660,Newport
351,8452660,Newport
351,8452660,Newport
351,8452660,Newport
351,8452660,Newport
351,8452660,Newport
351,8452660,Newport
430,8454000,Providence
430,8454000,Providence
430,8454000,Providence
430,8454000,Providence
430,8454000,Providence
430,8454000,Providence
430,8454000,Providence
430,8454000,Providence
430,8454000,Providence
430,8454000,Providence
430,8454000,Providence
430,8454000,Providence
430,8454000,Providence
430,8454000,Providence
430,8454000,Providence
429,8461490,New London
429,8461490,New London
429,8461490,New London
429,8461490,New London
429,8461490,New London
429,8461490,New London
429,8461490,New London
429,8461490,New London
429,8461490,New London
429,8461490,New London
429,8461490,New London
429,8461490,New London
429,8461490,New London
429,8461490,New London
429,8461490,New London
1068,8467150,Bridgeport
1068,8467150,Bridgeport
1068,8467150,Bridgeport
1068,8467150,Bridgeport
1068,8467150,Bridgeport
1068,8467150,Bridgeport
1068,8467150,Bridgeport
1068,8467150,Bridgeport
1068,8467150,Bridgeport
1068,8467150,Bridgeport
1068,8467150,Bridgeport
1068,8467150,Bridgeport
1068,8467150,Bridgeport
1068,8467150,Bridgeport
1068,8467150,Bridgeport
519,8510560,Montauk
519,8510560,Montauk
519,8510560,Montauk
519,8510560,Montauk
519,8510560,Montauk
519,8510560,Montauk
519,8510560,Montauk
519,8510560,Montauk
519,8510560,Montauk
519,8510560,Montauk
519,8510560,Montauk
519,8510560,Montauk
519,8510560,Montauk
519,8510560,Montauk
519,8510560,Montauk
848,8514560,PORT JEFFERSON
848,8514560,PORT JEFFERSON
848,8514560,PORT JEFFERSON
848,8514560,PORT JEFFERSON
848,8514560,PORT JEFFERSON
848,8514560,PORT JEFFERSON
848,8514560,PORT JEFFERSON
848,8514560,PORT JEFFERSON
848,8514560,PORT JEFFERSON
848,8514560,PORT JEFFERSON
848,8514560,PORT JEFFERSON
848,8514560,PORT JEFFERSON
848,8514560,PORT JEFFERSON
848,8514560,PORT JEFFERSON
848,8514560,PORT JEFFERSON
2322,8516945,Kings Point
2322,8516945,Kings Point
2322,8516945,Kings Point
2322,8516945,Kings Point
2322,8516945,Kings Point
2322,8516945,Kings Point
2322,8516945,Kings Point
2322,8516945,Kings Point
2322,8516945,Kings Point
2322,8516945,Kings Point
2322,8516945,Kings Point
2322,8516945,Kings Point
2322,8516945,Kings Point
2322,8516945,Kings Point
2322,8516945,Kings Point
12,8518750,The Battery
12,8518750,The Battery
12,8518750,The Battery
12,8518750,The Battery
12,8518750,The Battery
12,8518750,The Battery
12,8518750,The Battery
12,8518750,The Battery
12,8518750,The Battery
12,8518750,The Battery
12,8518750,The Battery
12,8518750,The Battery
12,8518750,The Battery
12,8518750,The Battery
12,8518750,The Battery
1637,8519483,Bergen Point West Reach
1637,8519483,Bergen Point West Reach
1637,8519483,Bergen Point West Reach
1637,8519483,Bergen Point West Reach
1637,8519483,Bergen Point West Reach
1637,8519483,Bergen Point West Reach
1637,8519483,Bergen Point West Reach
1637,8519483,Bergen Point West Reach
1637,8519483,Bergen Point West Reach
1637,8519483,Bergen Point West Reach
1637,8519483,Bergen Point West Reach
1637,8519483,Bergen Point West Reach
1637,8519483,Bergen Point West Reach
1637,8519483,Bergen Point West Reach
1637,8519483,Bergen Point West Reach
366,8531680,Sandy Hook
366,8531680,Sandy Hook
366,8531680,Sandy Hook
366,8531680,Sandy Hook
366,8531680,Sandy Hook
366,8531680,Sandy Hook
366,8531680,Sandy Hook
366,8531680,Sandy Hook
366,8531680,Sandy Hook
366,8531680,Sandy Hook
366,8531680,Sandy Hook
366,8531680,Sandy Hook
366,8531680,Sandy Hook
366,8531680,Sandy Hook
366,8531680,Sandy Hook
180,8534720,Atlantic City
180,8534720,Atlantic City
180,8534720,Atlantic City
180,8534720,Atlantic City
180,8534720,Atlantic City
180,8534720,Atlantic City
180,8534720,Atlantic City
180,8534720,Atlantic City
180,8534720,Atlantic City
180,8534720,Atlantic City
180,8534720,Atlantic City
180,8534720,Atlantic City
180,8534720,Atlantic City
180,8534720,Atlantic City
180,8534720,Atlantic City
1153,8536110,Cape May
1153,8536110,Cape May
1153,8536110,Cape May
1153,8536110,Cape May
1153,8536110,Cape May
1153,8536110,Cape May
1153,8536110,Cape May
1153,8536110,Cape May
1153,8536110,Cape May
1153,8536110,Cape May
1153,8536110,Cape May
1153,8536110,Cape May
1153,8536110,Cape May
1153,8536110,Cape May
1153,8536110,Cape May
135,8545240,Philadelphia
135,8545240,Philadelphia
135,8545240,Philadelphia
135,8545240,Philadelphia
135,8545240,Philadelphia
135,8545240,Philadelphia
135,8545240,Philadelphia
135,8545240,Philadelphia
135,8545240,Philadelphia
135,8545240,Philadelphia
135,8545240,Philadelphia
135,8545240,Philadelphia
135,8545240,Philadelphia
135,8545240,Philadelphia
135,8545240,Philadelphia
786,8551910,Reedy Point
786,8551910,Reedy Point
786,8551910,Reedy Point
786,8551910,Reedy Point
786,8551910,Reedy Point
786,8551910,Reedy Point
786,8551910,Reedy Point
786,8551910,Reedy Point
786,8551910,Reedy Point
786,8551910,Reedy Point
786,8551910,Reedy Point
786,8551910,Reedy Point
786,8551910,Reedy Point
786,8551910,Reedy Point
786,8551910,Reedy Point
224,8557380,Lewes
224,8557380,Lewes
224,8557380,Lewes
224,8557380,Lewes
224,8557380,Lewes
224,8557380,Lewes
224,8557380,Lewes
224,8557380,Lewes
224,8557380,Lewes
224,8557380,Lewes
224,8557380,Lewes
224,8557380,Lewes
224,8557380,Lewes
224,8557380,Lewes
224,8557380,Lewes
2292,8570280,"OCEAN CITY, FISHING PIER"
2292,8570280,"OCEAN CITY, FISHING PIER"
2292,8570280,"OCEAN CITY, FISHING PIER"
2292,8570280,"OCEAN CITY, FISHING PIER"
2292,8570280,"OCEAN CITY, FISHING PIER"
2292,8570280,"OCEAN CITY, FISHING PIER"
2292,8570280,"OCEAN CITY, FISHING PIER"
2292,8570280,"OCEAN CITY, FISHING PIER"
2292,8570280,"OCEAN CITY, FISHING PIER"
2292,8570280,"OCEAN CITY, FISHING PIER"
2292,8570280,"OCEAN CITY, FISHING PIER"
2292,8570280,"OCEAN CITY, FISHING PIER"
2292,8570280,"OCEAN CITY, FISHING PIER"
2292,8570280,"OCEAN CITY, FISHING PIER"
2292,8570280,"OCEAN CITY, FISHING PIER"
1295,8571892,Cambridge
1295,8571892,Cambridge
1295,8571892,Cambridge
1295,8571892,Cambridge
1295,8571892,Cambridge
1295,8571892,Cambridge
1295,8571892,Cambridge
1295,8571892,Cambridge
1295,8571892,Cambridge
1295,8571892,Cambridge
1295,8571892,Cambridge
1295,8571892,Cambridge
1295,8571892,Cambridge
1295,8571892,Cambridge
1295,8571892,Cambridge
2323,8573364,Tolchester Beach
2323,8573364,Tolchester Beach
2323,8573364,Tolchester Beach
2323,8573364,Tolchester Beach
2323,8573364,Tolchester Beach
2323,8573364,Tolchester Beach
2323,8573364,Tolchester Beach
2323,8573364,Tolchester Beach
2323,8573364,Tolchester Beach
2323,8573364,Tolchester Beach
2323,8573364,Tolchester Beach
2323,8573364,Tolchester Beach
2323,8573364,Tolchester Beach
2323,8573364,Tolchester Beach
2323,8573364,Tolchester Beach
148,8574680,"Baltimore, Fort McHenry, Patapsco River"
148,8574680,"Baltimore, Fort McHenry, Patapsco River"
148,8574680,"Baltimore, Fort McHenry, Patapsco River"
148,8574680,"Baltimore, Fort McHenry, Patapsco River"
148,8574680,"Baltimore, Fort McHenry, Patapsco River"
148,8574680,"Baltimore, Fort McHenry, Patapsco River"
148,8574680,"Baltimore, Fort McHenry, Patapsco River"
148,8574680,"Baltimore, Fort McHenry, Patapsco River"
148,8574680,"Baltimore, Fort McHenry, Patapsco River"
148,8574680,"Baltimore, Fort McHenry, Patapsco River"
148,8574680,"Baltimore, Fort McHenry, Patapsco River"
148,8574680,"Baltimore, Fort McHenry, Patapsco River"
148,8574680,"Baltimore, Fort McHenry, Patapsco River"
148,8574680,"Baltimore, Fort McHenry, Patapsco River"
148,8574680,"Baltimore, Fort McHenry, Patapsco River"
311,8575512,Annapolis
311,8575512,Annapolis
311,8575512,Annapolis
311,8575512,Annapolis
311,8575512,Annapolis
311,8575512,Annapolis
311,8575512,Annapolis
311,8575512,Annapolis
311,8575512,Annapolis
311,8575512,Annapolis
311,8575512,Annapolis
311,8575512,Annapolis
311,8575512,Annapolis
311,8575512,Annapolis
311,8575512,Annapolis
412,8577330,Solomons Island
412,8577330,Solomons Island
412,8577330,Solomons Island
412,8577330,Solomons Island
412,8577330,Solomons Island
412,8577330,Solomons Island
412,8577330,Solomons Island
412,8577330,Solomons Island
412,8577330,Solomons Island
412,8577330,Solomons Island
412,8577330,Solomons Island
412,8577330,Solomons Island
412,8577330,Solomons Island
412,8577330,Solomons Island
412,8577330,Solomons Island
360,8594900,Washington
360,8594900,Washington
360,8594900,Washington
360,8594900,Washington
360,8594900,Washington
360,8594900,Washington
360,8594900,Washington
360,8594900,Washington
360,8594900,Washington
360,8594900,Washington
360,8594900,Washington
360,8594900,Washington
360,8594900,Washington
360,8594900,Washington
360,8594900,Washington
636,8632200,Kiptopeke
636,8632200,Kiptopeke
636,8632200,Kiptopeke
636,8632200,Kiptopeke
636,8632200,Kiptopeke
636,8632200,Kiptopeke
636,8632200,Kiptopeke
636,8632200,Kiptopeke
636,8632200,Kiptopeke
636,8632200,Kiptopeke
636,8632200,Kiptopeke
636,8632200,Kiptopeke
636,8632200,Kiptopeke
636,8632200,Kiptopeke
636,8632200,Kiptopeke
2324,8635750,Lewisetta
2324,8635750,Lewisetta
2324,8635750,Lewisetta
2324,8635750,Lewisetta
2324,8635750,Lewisetta
2324,8635750,Lewisetta
2324,8635750,Lewisetta
2324,8635750,Lewisetta
2324,8635750,Lewisetta
2324,8635750,Lewisetta
2324,8635750,Lewisetta
2324,8635750,Lewisetta
2324,8635750,Lewisetta
2324,8635750,Lewisetta
2324,8635750,Lewisetta
299,8638610,Sewells Point
299,8638610,Sewells Point
299,8638610,Sewells Point
299,8638610,Sewells Point
299,8638610,Sewells Point
299,8638610,Sewells Point
299,8638610,Sewells Point
299,8638610,Sewells Point
299,8638610,Sewells Point
299,8638610,Sewells Point
299,8638610,Sewells Point
299,8638610,Sewells Point
299,8638610,Sewells Point
299,8638610,Sewells Point
299,8638610,Sewells Point
399,8638660,"PORTSMOUTH, NORFOLK NAVAL SHIPYARD"
399,8638660,"PORTSMOUTH, NORFOLK NAVAL SHIPYARD"
399,8638660,"PORTSMOUTH, NORFOLK NAVAL SHIPYARD"
399,8638660,"PORTSMOUTH, NORFOLK NAVAL SHIPYARD"
399,8638660,"PORTSMOUTH, NORFOLK NAVAL SHIPYARD"
399,8638660,"PORTSMOUTH, NORFOLK NAVAL SHIPYARD"
399,8638660,"PORTSMOUTH, NORFOLK NAVAL SHIPYARD"
399,8638660,"PORTSMOUTH, NORFOLK NAVAL SHIPYARD"
399,8638660,"PORTSMOUTH, NORFOLK NAVAL SHIPYARD"
399,8638660,"PORTSMOUTH, NORFOLK NAVAL SHIPYARD"
399,8638660,"PORTSMOUTH, NORFOLK NAVAL SHIPYARD"
399,8638660,"PORTSMOUTH, NORFOLK NAVAL SHIPYARD"
399,8638660,"PORTSMOUTH, NORFOLK NAVAL SHIPYARD"
399,8638660,"PORTSMOUTH, NORFOLK NAVAL SHIPYARD"
399,8638660,"PORTSMOUTH, NORFOLK NAVAL SHIPYARD"
1635,8638863,Chesapeake Bay Bridge Tunnel
1635,8638863,Chesapeake Bay Bridge Tunnel
1635,8638863,Chesapeake Bay Bridge Tunnel
1635,8638863,Chesapeake Bay Bridge Tunnel
1635,8638863,Chesapeake Bay Bridge Tunnel
1635,8638863,Chesapeake Bay Bridge Tunnel
1635,8638863,Chesapeake Bay Bridge Tunnel
1635,8638863,Chesapeake Bay Bridge Tunnel
1635,8638863,Chesapeake Bay Bridge Tunnel
1635,8638863,Chesapeake Bay Bridge Tunnel
1635,8638863,Chesapeake Bay Bridge Tunnel
1635,8638863,Chesapeake Bay Bridge Tunnel
1635,8638863,Chesapeake Bay Bridge Tunnel
1635,8638863,Chesapeake Bay Bridge Tunnel
1635,8638863,Chesapeake Bay Bridge Tunnel
1636,8651370,Duck
1636,8651370,Duck
1636,8651370,Duck
1636,8651370,Duck
1636,8651370,Duck
1636,8651370,Duck
1636,8651370,Duck
1636,8651370,Duck
1636,8651370,Duck
1636,8651370,Duck
1636,8651370,Duck
1636,8651370,Duck
1636,8651370,Duck
1636,8651370,Duck
1636,8651370,Duck
2325,8652587,Oregon Inlet Marina
2325,8652587,Oregon Inlet Marina
2325,8652587,Oregon Inlet Marina
2325,8652587,Oregon Inlet Marina
2325,8652587,Oregon Inlet Marina
2325,8652587,Oregon Inlet Marina
2325,8652587,Oregon Inlet Marina
2325,8652587,Oregon Inlet Marina
2325,8652587,Oregon Inlet Marina
2325,8652587,Oregon Inlet Marina
2325,8652587,Oregon Inlet Marina
2325,8652587,Oregon Inlet Marina
2325,8652587,Oregon Inlet Marina
2325,8652587,Oregon Inlet Marina
2325,8652587,Oregon Inlet Marina
2294,8654400,Cape Hatteras Fishing Pier
2294,8654400,Cape Hatteras Fishing Pier
2294,8654400,Cape Hatteras Fishing Pier
2294,8654400,Cape Hatteras Fishing Pier
2294,8654400,Cape Hatteras Fishing Pier
2294,8654400,Cape Hatteras Fishing Pier
2294,8654400,Cape Hatteras Fishing Pier
2294,8654400,Cape Hatteras Fishing Pier
2294,8654400,Cape Hatteras Fishing Pier
2294,8654400,Cape Hatteras Fishing Pier
2294,8654400,Cape Hatteras Fishing Pier
2294,8654400,Cape Hatteras Fishing Pier
2294,8654400,Cape Hatteras Fishing Pier
2294,8654400,Cape Hatteras Fishing Pier
2294,8654400,Cape Hatteras Fishing Pier
2295,8656483,"Beaufort, Duke Marine Lab"
2295,8656483,"Beaufort, Duke Marine Lab"
2295,8656483,"Beaufort, Duke Marine Lab"
2295,8656483,"Beaufort, Duke Marine Lab"
2295,8656483,"Beaufort, Duke Marine Lab"
2295,8656483,"Beaufort, Duke Marine Lab"
2295,8656483,"Beaufort, Duke Marine Lab"
2295,8656483,"Beaufort, Duke Marine Lab"
2295,8656483,"Beaufort, Duke Marine Lab"
2295,8656483,"Beaufort, Duke Marine Lab"
2295,8656483,"Beaufort, Duke Marine Lab"
2295,8656483,"Beaufort, Duke Marine Lab"
2295,8656483,"Beaufort, Duke Marine Lab"
2295,8656483,"Beaufort, Duke Marine Lab"
2295,8656483,"Beaufort, Duke Marine Lab"
396,8658120,Wilmington
396,8658120,Wilmington
396,8658120,Wilmington
396,8658120,Wilmington
396,8658120,Wilmington
396,8658120,Wilmington
396,8658120,Wilmington
396,8658120,Wilmington
396,8658120,Wilmington
396,8658120,Wilmington
396,8658120,Wilmington
396,8658120,Wilmington
396,8658120,Wilmington
396,8658120,Wilmington
396,8658120,Wilmington
1444,8661070,Springmaid Pier
1444,8661070,Springmaid Pier
1444,8661070,Springmaid Pier
1444,8661070,Springmaid Pier
1444,8661070,Springmaid Pier
1444,8661070,Springmaid Pier
1444,8661070,Springmaid Pier
1444,8661070,Springmaid Pier
1444,8661070,Springmaid Pier
1444,8661070,Springmaid Pier
1444,8661070,Springmaid Pier
1444,8661070,Springmaid Pier
1444,8661070,Springmaid Pier
1444,8661070,Springmaid Pier
1444,8661070,Springmaid Pier
234,8665530,"Charleston, Cooper River Entrance"
234,8665530,"Charleston, Cooper River Entrance"
234,8665530,"Charleston, Cooper River Entrance"
234,8665530,"Charleston, Cooper River Entrance"
234,8665530,"Charleston, Cooper River Entrance"
234,8665530,"Charleston, Cooper River Entrance"
234,8665530,"Charleston, Cooper River Entrance"
234,8665530,"Charleston, Cooper River Entrance"
234,8665530,"Charleston, Cooper River Entrance"
234,8665530,"Charleston, Cooper River Entrance"
234,8665530,"Charleston, Cooper River Entrance"
234,8665530,"Charleston, Cooper River Entrance"
234,8665530,"Charleston, Cooper River Entrance"
234,8665530,"Charleston, Cooper River Entrance"
234,8665530,"Charleston, Cooper River Entrance"
395,8670870,Fort Pulaski
395,8670870,Fort Pulaski
395,8670870,Fort Pulaski
395,8670870,Fort Pulaski
395,8670870,Fort Pulaski
395,8670870,Fort Pulaski
395,8670870,Fort Pulaski
395,8670870,Fort Pulaski
395,8670870,Fort Pulaski
395,8670870,Fort Pulaski
395,8670870,Fort Pulaski
395,8670870,Fort Pulaski
395,8670870,Fort Pulaski
395,8670870,Fort Pulaski
395,8670870,Fort Pulaski
112,8720030,Fernandina Beach
112,8720030,Fernandina Beach
112,8720030,Fernandina Beach
112,8720030,Fernandina Beach
112,8720030,Fernandina Beach
112,8720030,Fernandina Beach
112,8720030,Fernandina Beach
112,8720030,Fernandina Beach
112,8720030,Fernandina Beach
112,8720030,Fernandina Beach
112,8720030,Fernandina Beach
112,8720030,Fernandina Beach
112,8720030,Fernandina Beach
112,8720030,Fernandina Beach
112,8720030,Fernandina Beach
2326,8720218,Mayport (Bar Pilots Dock)
2326,8720218,Mayport (Bar Pilots Dock)
2326,8720218,Mayport (Bar Pilots Dock)
2326,8720218,Mayport (Bar Pilots Dock)
2326,8720218,Mayport (Bar Pilots Dock)
2326,8720218,Mayport (Bar Pilots Dock)
2326,8720218,Mayport (Bar Pilots Dock)
2326,8720218,Mayport (Bar Pilots Dock)
2326,8720218,Mayport (Bar Pilots Dock)
2326,8720218,Mayport (Bar Pilots Dock)
2326,8720218,Mayport (Bar Pilots Dock)
2326,8720218,Mayport (Bar Pilots Dock)
2326,8720218,Mayport (Bar Pilots Dock)
2326,8720218,Mayport (Bar Pilots Dock)
2326,8720218,Mayport (Bar Pilots Dock)
316,8720220,Mayport (Ferry Depot)
316,8720220,Mayport (Ferry Depot)
316,8720220,Mayport (Ferry Depot)
316,8720220,Mayport (Ferry Depot)
316,8720220,Mayport (Ferry Depot)
316,8720220,Mayport (Ferry Depot)
316,8720220,Mayport (Ferry Depot)
316,8720220,Mayport (Ferry Depot)
316,8720220,Mayport (Ferry Depot)
316,8720220,Mayport (Ferry Depot)
316,8720220,Mayport (Ferry Depot)
316,8720220,Mayport (Ferry Depot)
316,8720220,Mayport (Ferry Depot)
316,8720220,Mayport (Ferry Depot)
316,8720220,Mayport (Ferry Depot)
2123,8721604,"Trident Pier, Port Canaveral"
2123,8721604,"Trident Pier, Port Canaveral"
2123,8721604,"Trident Pier, Port Canaveral"
2123,8721604,"Trident Pier, Port Canaveral"
2123,8721604,"Trident Pier, Port Canaveral"
2123,8721604,"Trident Pier, Port Canaveral"
2123,8721604,"Trident Pier, Port Canaveral"
2123,8721604,"Trident Pier, Port Canaveral"
2123,8721604,"Trident Pier, Port Canaveral"
2123,8721604,"Trident Pier, Port Canaveral"
2123,8721604,"Trident Pier, Port Canaveral"
2123,8721604,"Trident Pier, Port Canaveral"
2123,8721604,"Trident Pier, Port Canaveral"
2123,8721604,"Trident Pier, Port Canaveral"
2123,8721604,"Trident Pier, Port Canaveral"
1858,8723214,"Virginia Key, Biscayne Bay"
1858,8723214,"Virginia Key, Biscayne Bay"
1858,8723214,"Virginia Key, Biscayne Bay"
1858,8723214,"Virginia Key, Biscayne Bay"
1858,8723214,"Virginia Key, Biscayne Bay"
1858,8723214,"Virginia Key, Biscayne Bay"
1858,8723214,"Virginia Key, Biscayne Bay"
1858,8723214,"Virginia Key, Biscayne Bay"
1858,8723214,"Virginia Key, Biscayne Bay"
1858,8723214,"Virginia Key, Biscayne Bay"
1858,8723214,"Virginia Key, Biscayne Bay"
1858,8723214,"Virginia Key, Biscayne Bay"
1858,8723214,"Virginia Key, Biscayne Bay"
1858,8723214,"Virginia Key, Biscayne Bay"
1858,8723214,"Virginia Key, Biscayne Bay"
1701,8723970,"Vaca Key, Florida Bay"
1701,8723970,"Vaca Key, Florida Bay"
1701,8723970,"Vaca Key, Florida Bay"
1701,8723970,"Vaca Key, Florida Bay"
1701,8723970,"Vaca Key, Florida Bay"
1701,8723970,"Vaca Key, Florida Bay"
1701,8723970,"Vaca Key, Florida Bay"
1701,8723970,"Vaca Key, Florida Bay"
1701,8723970,"Vaca Key, Florida Bay"
1701,8723970,"Vaca Key, Florida Bay"
1701,8723970,"Vaca Key, Florida Bay"
1701,8723970,"Vaca Key, Florida Bay"
1701,8723970,"Vaca Key, Florida Bay"
1701,8723970,"Vaca Key, Florida Bay"
1701,8723970,"Vaca Key, Florida Bay"
188,8724580,Key West
188,8724580,Key West
188,8724580,Key West
188,8724580,Key West
188,8724580,Key West
188,8724580,Key West
188,8724580,Key West
188,8724580,Key West
188,8724580,Key West
188,8724580,Key West
188,8724580,Key West
188,8724580,Key West
188,8724580,Key West
188,8724580,Key West
188,8724580,Key West
1107,8725110,"Naples, Gulf of Mexico"
1107,8725110,"Naples, Gulf of Mexico"
1107,8725110,"Naples, Gulf of Mexico"
1107,8725110,"Naples, Gulf of Mexico"
1107,8725110,"Naples, Gulf of Mexico"
1107,8725110,"Naples, Gulf of Mexico"
1107,8725110,"Naples, Gulf of Mexico"
1107,8725110,"Naples, Gulf of Mexico"
1107,8725110,"Naples, Gulf of Mexico"
1107,8725110,"Naples, Gulf of Mexico"
1107,8725110,"Naples, Gulf of Mexico"
1107,8725110,"Naples, Gulf of Mexico"
1107,8725110,"Naples, Gulf of Mexico"
1107,8725110,"Naples, Gulf of Mexico"
1107,8725110,"Naples, Gulf of Mexico"
1106,8725520,Fort Myers
1106,8725520,Fort Myers
1106,8725520,Fort Myers
1106,8725520,Fort Myers
1106,8725520,Fort Myers
1106,8725520,Fort Myers
1106,8725520,Fort Myers
1106,8725520,Fort Myers
1106,8725520,Fort Myers
1106,8725520,Fort Myers
1106,8725520,Fort Myers
1106,8725520,Fort Myers
1106,8725520,Fort Myers
1106,8725520,Fort Myers
1106,8725520,Fort Myers
520,8726520,"St. Petersburg, Tampa Bay"
520,8726520,"St. Petersburg, Tampa Bay"
520,8726520,"St. Petersburg, Tampa Bay"
520,8726520,"St. Petersburg, Tampa Bay"
520,8726520,"St. Petersburg, Tampa Bay"
520,8726520,"St. Petersburg, Tampa Bay"
520,8726520,"St. Petersburg, Tampa Bay"
520,8726520,"St. Petersburg, Tampa Bay"
520,8726520,"St. Petersburg, Tampa Bay"
520,8726520,"St. Petersburg, Tampa Bay"
520,8726520,"St. Petersburg, Tampa Bay"
520,8726520,"St. Petersburg, Tampa Bay"
520,8726520,"St. Petersburg, Tampa Bay"
520,8726520,"St. Petersburg, Tampa Bay"
520,8726520,"St. Petersburg, Tampa Bay"
1638,8726724,Clearwater Beach
1638,8726724,Clearwater Beach
1638,8726724,Clearwater Beach
1638,8726724,Clearwater Beach
1638,8726724,Clearwater Beach
1638,8726724,Clearwater Beach
1638,8726724,Clearwater Beach
1638,8726724,Clearwater Beach
1638,8726724,Clearwater Beach
1638,8726724,Clearwater Beach
1638,8726724,Clearwater Beach
1638,8726724,Clearwater Beach
1638,8726724,Clearwater Beach
1638,8726724,Clearwater Beach
1638,8726724,Clearwater Beach
428,8727520,Cedar Key
428,8727520,Cedar Key
428,8727520,Cedar Key
428,8727520,Cedar Key
428,8727520,Cedar Key
428,8727520,Cedar Key
428,8727520,Cedar Key
428,8727520,Cedar Key
428,8727520,Cedar Key
428,8727520,Cedar Key
428,8727520,Cedar Key
428,8727520,Cedar Key
428,8727520,Cedar Key
428,8727520,Cedar Key
428,8727520,Cedar Key
1193,8728690,Apalachicola
1193,8728690,Apalachicola
1193,8728690,Apalachicola
1193,8728690,Apalachicola
1193,8728690,Apalachicola
1193,8728690,Apalachicola
1193,8728690,Apalachicola
1193,8728690,Apalachicola
1193,8728690,Apalachicola
1193,8728690,Apalachicola
1193,8728690,Apalachicola
1193,8728690,Apalachicola
1193,8728690,Apalachicola
1193,8728690,Apalachicola
1193,8728690,Apalachicola
1641,8729108,Panama City
1641,8729108,Panama City
1641,8729108,Panama City
1641,8729108,Panama City
1641,8729108,Panama City
1641,8729108,Panama City
1641,8729108,Panama City
1641,8729108,Panama City
1641,8729108,Panama City
1641,8729108,Panama City
1641,8729108,Panama City
1641,8729108,Panama City
1641,8729108,Panama City
1641,8729108,Panama City
1641,8729108,Panama City
246,8729840,Pensacola
246,8729840,Pensacola
246,8729840,Pensacola
246,8729840,Pensacola
246,8729840,Pensacola
246,8729840,Pensacola
246,8729840,Pensacola
246,8729840,Pensacola
246,8729840,Pensacola
246,8729840,Pensacola
246,8729840,Pensacola
246,8729840,Pensacola
246,8729840,Pensacola
246,8729840,Pensacola
246,8729840,Pensacola
1156,8735180,Dauphin Island
1156,8735180,Dauphin Island
1156,8735180,Dauphin Island
1156,8735180,Dauphin Island
1156,8735180,Dauphin Island
1156,8735180,Dauphin Island
1156,8735180,Dauphin Island
1156,8735180,Dauphin Island
1156,8735180,Dauphin Island
1156,8735180,Dauphin Island
1156,8735180,Dauphin Island
1156,8735180,Dauphin Island
1156,8735180,Dauphin Island
1156,8735180,Dauphin Island
1156,8735180,Dauphin Island
2215,8747437,Bay Waveland Yacht Club
2215,8747437,Bay Waveland Yacht Club
2215,8747437,Bay Waveland Yacht Club
2215,8747437,Bay Waveland Yacht Club
2215,8747437,Bay Waveland Yacht Club
2215,8747437,Bay Waveland Yacht Club
2215,8747437,Bay Waveland Yacht Club
2215,8747437,Bay Waveland Yacht Club
2215,8747437,Bay Waveland Yacht Club
2215,8747437,Bay Waveland Yacht Club
2215,8747437,Bay Waveland Yacht Club
2215,8747437,Bay Waveland Yacht Club
2215,8747437,Bay Waveland Yacht Club
2215,8747437,Bay Waveland Yacht Club
2215,8747437,Bay Waveland Yacht Club
526,8761724,Grand Isle
526,8761724,Grand Isle
526,8761724,Grand Isle
526,8761724,Grand Isle
526,8761724,Grand Isle
526,8761724,Grand Isle
526,8761724,Grand Isle
526,8761724,Grand Isle
526,8761724,Grand Isle
526,8761724,Grand Isle
526,8761724,Grand Isle
526,8761724,Grand Isle
526,8761724,Grand Isle
526,8761724,Grand Isle
526,8761724,Grand Isle
1835,8770570,Sabine Pass North
1835,8770570,Sabine Pass North
1835,8770570,Sabine Pass North
1835,8770570,Sabine Pass North
1835,8770570,Sabine Pass North
1835,8770570,Sabine Pass North
1835,8770570,Sabine Pass North
1835,8770570,Sabine Pass North
1835,8770570,Sabine Pass North
1835,8770570,Sabine Pass North
1835,8770570,Sabine Pass North
1835,8770570,Sabine Pass North
1835,8770570,Sabine Pass North
1835,8770570,Sabine Pass North
1835,8770570,Sabine Pass North
161,8771450,Galveston Pier 21
161,8771450,Galveston Pier 21
161,8771450,Galveston Pier 21
161,8771450,Galveston Pier 21
161,8771450,Galveston Pier 21
161,8771450,Galveston Pier 21
161,8771450,Galveston Pier 21
161,8771450,Galveston Pier 21
161,8771450,Galveston Pier 21
161,8771450,Galveston Pier 21
161,8771450,Galveston Pier 21
161,8771450,Galveston Pier 21
161,8771450,Galveston Pier 21
161,8771450,Galveston Pier 21
161,8771450,Galveston Pier 21
828,8771510,Galveston Pleasure Pier
828,8771510,Galveston Pleasure Pier
828,8771510,Galveston Pleasure Pier
828,8771510,Galveston Pleasure Pier
828,8771510,Galveston Pleasure Pier
828,8771510,Galveston Pleasure Pier
828,8771510,Galveston Pleasure Pier
828,8771510,Galveston Pleasure Pier
828,8771510,Galveston Pleasure Pier
828,8771510,Galveston Pleasure Pier
828,8771510,Galveston Pleasure Pier
828,8771510,Galveston Pleasure Pier
828,8771510,Galveston Pleasure Pier
828,8771510,Galveston Pleasure Pier
828,8771510,Galveston Pleasure Pier
725,8772440,Freeport
725,8772440,Freeport
725,8772440,Freeport
725,8772440,Freeport
725,8772440,Freeport
725,8772440,Freeport
725,8772440,Freeport
725,8772440,Freeport
725,8772440,Freeport
725,8772440,Freeport
725,8772440,Freeport
725,8772440,Freeport
725,8772440,Freeport
725,8772440,Freeport
725,8772440,Freeport
538,8774770,Rockport
538,8774770,Rockport
538,8774770,Rockport
538,8774770,Rockport
538,8774770,Rockport
538,8774770,Rockport
538,8774770,Rockport
538,8774770,Rockport
538,8774770,Rockport
538,8774770,Rockport
538,8774770,Rockport
538,8774770,Rockport
538,8774770,Rockport
538,8774770,Rockport
538,8774770,Rockport
1903,8775870,"Bob Hall Pier, Corpus Christi"
1903,8775870,"Bob Hall Pier, Corpus Christi"
1903,8775870,"Bob Hall Pier, Corpus Christi"
1903,8775870,"Bob Hall Pier, Corpus Christi"
1903,8775870,"Bob Hall Pier, Corpus Christi"
1903,8775870,"Bob Hall Pier, Corpus Christi"
1903,8775870,"Bob Hall Pier, Corpus Christi"
1903,8775870,"Bob Hall Pier, Corpus Christi"
1903,8775870,"Bob Hall Pier, Corpus Christi"
1903,8775870,"Bob Hall Pier, Corpus Christi"
1903,8775870,"Bob Hall Pier, Corpus Christi"
1903,8775870,"Bob Hall Pier, Corpus Christi"
1903,8775870,"Bob Hall Pier, Corpus Christi"
1903,8775870,"Bob Hall Pier, Corpus Christi"
1903,8775870,"Bob Hall Pier, Corpus Christi"
497,8779770,Port Isabel
497,8779770,Port Isabel
497,8779770,Port Isabel
497,8779770,Port Isabel
497,8779770,Port Isabel
497,8779770,Port Isabel
497,8779770,Port Isabel
497,8779770,Port Isabel
497,8779770,Port Isabel
497,8779770,Port Isabel
497,8779770,Port Isabel
497,8779770,Port Isabel
497,8779770,Port Isabel
497,8779770,Port Isabel
497,8779770,Port Isabel
158,9410170,"San Diego, San Diego Bay"
158,9410170,"San Diego, San Diego Bay"
158,9410170,"San Diego, San Diego Bay"
158,9410170,"San Diego, San Diego Bay"
158,9410170,"San Diego, San Diego Bay"
158,9410170,"San Diego, San Diego Bay"
158,9410170,"San Diego, San Diego Bay"
158,9410170,"San Diego, San Diego Bay"
158,9410170,"San Diego, San Diego Bay"
158,9410170,"San Diego, San Diego Bay"
158,9410170,"San Diego, San Diego Bay"
158,9410170,"San Diego, San Diego Bay"
158,9410170,"San Diego, San Diego Bay"
158,9410170,"San Diego, San Diego Bay"
158,9410170,"San Diego, San Diego Bay"
256,9410230,La Jolla
256,9410230,La Jolla
256,9410230,La Jolla
256,9410230,La Jolla
256,9410230,La Jolla
256,9410230,La Jolla
256,9410230,La Jolla
256,9410230,La Jolla
256,9410230,La Jolla
256,9410230,La Jolla
256,9410230,La Jolla
256,9410230,La Jolla
256,9410230,La Jolla
256,9410230,La Jolla
256,9410230,La Jolla
245,9410660,Los Angeles
245,9410660,Los Angeles
245,9410660,Los Angeles
245,9410660,Los Angeles
245,9410660,Los Angeles
245,9410660,Los Angeles
245,9410660,Los Angeles
245,9410660,Los Angeles
245,9410660,Los Angeles
245,9410660,Los Angeles
245,9410660,Los Angeles
245,9410660,Los Angeles
245,9410660,Los Angeles
245,9410660,Los Angeles
245,9410660,Los Angeles
377,9410840,Santa Monica
377,9410840,Santa Monica
377,9410840,Santa Monica
377,9410840,Santa Monica
377,9410840,Santa Monica
377,9410840,Santa Monica
377,9410840,Santa Monica
377,9410840,Santa Monica
377,9410840,Santa Monica
377,9410840,Santa Monica
377,9410840,Santa Monica
377,9410840,Santa Monica
377,9410840,Santa Monica
377,9410840,Santa Monica
377,9410840,Santa Monica
2126,9411340,Santa Barbara
2126,9411340,Santa Barbara
2126,9411340,Santa Barbara
2126,9411340,Santa Barbara
2126,9411340,Santa Barbara
2126,9411340,Santa Barbara
2126,9411340,Santa Barbara
2126,9411340,Santa Barbara
2126,9411340,Santa Barbara
2126,9411340,Santa Barbara
2126,9411340,Santa Barbara
2126,9411340,Santa Barbara
2126,9411340,Santa Barbara
2126,9411340,Santa Barbara
2126,9411340,Santa Barbara
508,9412110,Port San Luis
508,9412110,Port San Luis
508,9412110,Port San Luis
508,9412110,Port San Luis
508,9412110,Port San Luis
508,9412110,Port San Luis
508,9412110,Port San Luis
508,9412110,Port San Luis
508,9412110,Port San Luis
508,9412110,Port San Luis
508,9412110,Port San Luis
508,9412110,Port San Luis
508,9412110,Port San Luis
508,9412110,Port San Luis
508,9412110,Port San Luis
1352,9413450,Monterey
1352,9413450,Monterey
1352,9413450,Monterey
1352,9413450,Monterey
1352,9413450,Monterey
1352,9413450,Monterey
1352,9413450,Monterey
1352,9413450,Monterey
1352,9413450,Monterey
1352,9413450,Monterey
1352,9413450,Monterey
1352,9413450,Monterey
1352,9413450,Monterey
1352,9413450,Monterey
1352,9413450,Monterey
10,9414290,San Francisco
10,9414290,San Francisco
10,9414290,San Francisco
10,9414290,San Francisco
10,9414290,San Francisco
10,9414290,San Francisco
10,9414290,San Francisco
10,9414290,San Francisco
10,9414290,San Francisco
10,9414290,San Francisco
10,9414290,San Francisco
10,9414290,San Francisco
10,9414290,San Francisco
10,9414290,San Francisco
10,9414290,San Francisco
2329,9414523,Redwood City
2329,9414523,Redwood City
2329,9414523,Redwood City
2329,9414523,Redwood City
2329,9414523,Redwood City
2329,9414523,Redwood City
2329,9414523,Redwood City
2329,9414523,Redwood City
2329,9414523,Redwood City
2329,9414523,Redwood City
2329,9414523,Redwood City
2329,9414523,Redwood City
2329,9414523,Redwood City
2329,9414523,Redwood City
2329,9414523,Redwood City
437,9414750,Alameda
437,9414750,Alameda
437,9414750,Alameda
437,9414750,Alameda
437,9414750,Alameda
437,9414750,Alameda
437,9414750,Alameda
437,9414750,Alameda
437,9414750,Alameda
437,9414750,Alameda
437,9414750,Alameda
437,9414750,Alameda
437,9414750,Alameda
437,9414750,Alameda
437,9414750,Alameda
1394,9415020,Point Reyes
1394,9415020,Point Reyes
1394,9415020,Point Reyes
1394,9415020,Point Reyes
1394,9415020,Point Reyes
1394,9415020,Point Reyes
1394,9415020,Point Reyes
1394,9415020,Point Reyes
1394,9415020,Point Reyes
1394,9415020,Point Reyes
1394,9415020,Point Reyes
1394,9415020,Point Reyes
1394,9415020,Point Reyes
1394,9415020,Point Reyes
1394,9415020,Point Reyes
2330,9415144,Port Chicago
2330,9415144,Port Chicago
2330,9415144,Port Chicago
2330,9415144,Port Chicago
2330,9415144,Port Chicago
2330,9415144,Port Chicago
2330,9415144,Port Chicago
2330,9415144,Port Chicago
2330,9415144,Port Chicago
2330,9415144,Port Chicago
2330,9415144,Port Chicago
2330,9415144,Port Chicago
2330,9415144,Port Chicago
2330,9415144,Port Chicago
2330,9415144,Port Chicago
2125,9416841,Arena Cove
2125,9416841,Arena Cove
2125,9416841,Arena Cove
2125,9416841,Arena Cove
2125,9416841,Arena Cove
2125,9416841,Arena Cove
2125,9416841,Arena Cove
2125,9416841,Arena Cove
2125,9416841,Arena Cove
2125,9416841,Arena Cove
2125,9416841,Arena Cove
2125,9416841,Arena Cove
2125,9416841,Arena Cove
2125,9416841,Arena Cove
2125,9416841,Arena Cove
1639,9418767,North Spit
1639,9418767,North Spit
1639,9418767,North Spit
1639,9418767,North Spit
1639,9418767,North Spit
1639,9418767,North Spit
1639,9418767,North Spit
1639,9418767,North Spit
1639,9418767,North Spit
1639,9418767,North Spit
1639,9418767,North Spit
1639,9418767,North Spit
1639,9418767,North Spit
1639,9418767,North Spit
1639,9418767,North Spit
378,9419750,Crescent City
378,9419750,Crescent City
378,9419750,Crescent City
378,9419750,Crescent City
378,9419750,Crescent City
378,9419750,Crescent City
378,9419750,Crescent City
378,9419750,Crescent City
378,9419750,Crescent City
378,9419750,Crescent City
378,9419750,Crescent City
378,9419750,Crescent City
378,9419750,Crescent City
378,9419750,Crescent City
378,9419750,Crescent City
1640,9431647,Port Orford
1640,9431647,Port Orford
1640,9431647,Port Orford
1640,9431647,Port Orford
1640,9431647,Port Orford
1640,9431647,Port Orford
1640,9431647,Port Orford
1640,9431647,Port Orford
1640,9431647,Port Orford
1640,9431647,Port Orford
1640,9431647,Port Orford
1640,9431647,Port Orford
1640,9431647,Port Orford
1640,9431647,Port Orford
1640,9431647,Port Orford
1269,9432780,Charleston
1269,9432780,Charleston
1269,9432780,Charleston
1269,9432780,Charleston
1269,9432780,Charleston
1269,9432780,Charleston
1269,9432780,Charleston
1269,9432780,Charleston
1269,9432780,Charleston
1269,9432780,Charleston
1269,9432780,Charleston
1269,9432780,Charleston
1269,9432780,Charleston
1269,9432780,Charleston
1269,9432780,Charleston
1196,9435380,South Beach
1196,9435380,South Beach
1196,9435380,South Beach
1196,9435380,South Beach
1196,9435380,South Beach
1196,9435380,South Beach
1196,9435380,South Beach
1196,9435380,South Beach
1196,9435380,South Beach
1196,9435380,South Beach
1196,9435380,South Beach
1196,9435380,South Beach
1196,9435380,South Beach
1196,9435380,South Beach
1196,9435380,South Beach
265,9439040,Astoria
265,9439040,Astoria
265,9439040,Astoria
265,9439040,Astoria
265,9439040,Astoria
265,9439040,Astoria
265,9439040,Astoria
265,9439040,Astoria
265,9439040,Astoria
265,9439040,Astoria
265,9439040,Astoria
265,9439040,Astoria
265,9439040,Astoria
265,9439040,Astoria
265,9439040,Astoria
1354,9440910,Toke Point
1354,9440910,Toke Point
1354,9440910,Toke Point
1354,9440910,Toke Point
1354,9440910,Toke Point
1354,9440910,Toke Point
1354,9440910,Toke Point
1354,9440910,Toke Point
1354,9440910,Toke Point
1354,9440910,Toke Point
1354,9440910,Toke Point
1354,9440910,Toke Point
1354,9440910,Toke Point
1354,9440910,Toke Point
1354,9440910,Toke Point
385,9443090,Neah Bay
385,9443090,Neah Bay
385,9443090,Neah Bay
385,9443090,Neah Bay
385,9443090,Neah Bay
385,9443090,Neah Bay
385,9443090,Neah Bay
385,9443090,Neah Bay
385,9443090,Neah Bay
385,9443090,Neah Bay
385,9443090,Neah Bay
385,9443090,Neah Bay
385,9443090,Neah Bay
385,9443090,Neah Bay
385,9443090,Neah Bay
2127,9444090,Port Angeles
2127,9444090,Port Angeles
2127,9444090,Port Angeles
2127,9444090,Port Angeles
2127,9444090,Port Angeles
2127,9444090,Port Angeles
2127,9444090,Port Angeles
2127,9444090,Port Angeles
2127,9444090,Port Angeles
2127,9444090,Port Angeles
2127,9444090,Port Angeles
2127,9444090,Port Angeles
2127,9444090,Port Angeles
2127,9444090,Port Angeles
2127,9444090,Port Angeles
1325,9444900,Port Townsend
1325,9444900,Port Townsend
1325,9444900,Port Townsend
1325,9444900,Port Townsend
1325,9444900,Port Townsend
1325,9444900,Port Townsend
1325,9444900,Port Townsend
1325,9444900,Port Townsend
1325,9444900,Port Townsend
1325,9444900,Port Townsend
1325,9444900,Port Townsend
1325,9444900,Port Townsend
1325,9444900,Port Townsend
1325,9444900,Port Townsend
1325,9444900,Port Townsend
127,9447130,Seattle
127,9447130,Seattle
127,9447130,Seattle
127,9447130,Seattle
127,9447130,Seattle
127,9447130,Seattle
127,9447130,Seattle
127,9447130,Seattle
127,9447130,Seattle
127,9447130,Seattle
127,9447130,Seattle
127,9447130,Seattle
127,9447130,Seattle
127,9447130,Seattle
127,9447130,Seattle
1633,9449424,Cherry Point
1633,9449424,Cherry Point
1633,9449424,Cherry Point
1633,9449424,Cherry Point
1633,9449424,Cherry Point
1633,9449424,Cherry Point
1633,9449424,Cherry Point
1633,9449424,Cherry Point
1633,9449424,Cherry Point
1633,9449424,Cherry Point
1633,9449424,Cherry Point
1633,9449424,Cherry Point
1633,9449424,Cherry Point
1633,9449424,Cherry Point
1633,9449424,Cherry Point
384,9449880,Friday Harbor
384,9449880,Friday Harbor
384,9449880,Friday Harbor
384,9449880,Friday Harbor
384,9449880,Friday Harbor
384,9449880,Friday Harbor
384,9449880,Friday Harbor
384,9449880,Friday Harbor
384,9449880,Friday Harbor
384,9449880,Friday Harbor
384,9449880,Friday Harbor
384,9449880,Friday Harbor
384,9449880,Friday Harbor
384,9449880,Friday Harbor
384,9449880,Friday Harbor
225,9450460,Ketchikan
225,9450460,Ketchikan
225,9450460,Ketchikan
225,9450460,Ketchikan
225,9450460,Ketchikan
225,9450460,Ketchikan
225,9450460,Ketchikan
225,9450460,Ketchikan
225,9450460,Ketchikan
225,9450460,Ketchikan
225,9450460,Ketchikan
225,9450460,Ketchikan
225,9450460,Ketchikan
225,9450460,Ketchikan
225,9450460,Ketchikan
426,9451600,Sitka
426,9451600,Sitka
426,9451600,Sitka
426,9451600,Sitka
426,9451600,Sitka
426,9451600,Sitka
426,9451600,Sitka
426,9451600,Sitka
426,9451600,Sitka
426,9451600,Sitka
426,9451600,Sitka
426,9451600,Sitka
426,9451600,Sitka
426,9451600,Sitka
426,9451600,Sitka
405,9452210,Juneau
405,9452210,Juneau
405,9452210,Juneau
405,9452210,Juneau
405,9452210,Juneau
405,9452210,Juneau
405,9452210,Juneau
405,9452210,Juneau
405,9452210,Juneau
405,9452210,Juneau
405,9452210,Juneau
405,9452210,Juneau
405,9452210,Juneau
405,9452210,Juneau
405,9452210,Juneau
495,9452400,"Skagway, Taiya Inlet"
495,9452400,"Skagway, Taiya Inlet"
495,9452400,"Skagway, Taiya Inlet"
495,9452400,"Skagway, Taiya Inlet"
495,9452400,"Skagway, Taiya Inlet"
495,9452400,"Skagway, Taiya Inlet"
495,9452400,"Skagway, Taiya Inlet"
495,9452400,"Skagway, Taiya Inlet"
495,9452400,"Skagway, Taiya Inlet"
495,9452400,"Skagway, Taiya Inlet"
495,9452400,"Skagway, Taiya Inlet"
495,9452400,"Skagway, Taiya Inlet"
495,9452400,"Skagway, Taiya Inlet"
495,9452400,"Skagway, Taiya Inlet"
495,9452400,"Skagway, Taiya Inlet"
445,9453220,"Yakutat, Yakutat Bay"
445,9453220,"Yakutat, Yakutat Bay"
445,9453220,"Yakutat, Yakutat Bay"
445,9453220,"Yakutat, Yakutat Bay"
445,9453220,"Yakutat, Yakutat Bay"
445,9453220,"Yakutat, Yakutat Bay"
445,9453220,"Yakutat, Yakutat Bay"
445,9453220,"Yakutat, Yakutat Bay"
445,9453220,"Yakutat, Yakutat Bay"
445,9453220,"Yakutat, Yakutat Bay"
445,9453220,"Yakutat, Yakutat Bay"
445,9453220,"Yakutat, Yakutat Bay"
445,9453220,"Yakutat, Yakutat Bay"
445,9453220,"Yakutat, Yakutat Bay"
445,9453220,"Yakutat, Yakutat Bay"
566,9454050,Cordova
566,9454050,Cordova
566,9454050,Cordova
566,9454050,Cordova
566,9454050,Cordova
566,9454050,Cordova
566,9454050,Cordova
566,9454050,Cordova
566,9454050,Cordova
566,9454050,Cordova
566,9454050,Cordova
566,9454050,Cordova
566,9454050,Cordova
566,9454050,Cordova
566,9454050,Cordova
1353,9454240,Valdez
1353,9454240,Valdez
1353,9454240,Valdez
1353,9454240,Valdez
1353,9454240,Valdez
1353,9454240,Valdez
1353,9454240,Valdez
1353,9454240,Valdez
1353,9454240,Valdez
1353,9454240,Valdez
1353,9454240,Valdez
1353,9454240,Valdez
1353,9454240,Valdez
1353,9454240,Valdez
1353,9454240,Valdez
266,9455090,Seward
266,9455090,Seward
266,9455090,Seward
266,9455090,Seward
266,9455090,Seward
266,9455090,Seward
266,9455090,Seward
266,9455090,Seward
266,9455090,Seward
266,9455090,Seward
266,9455090,Seward
266,9455090,Seward
266,9455090,Seward
266,9455090,Seward
266,9455090,Seward
1070,9455500,Seldovia
1070,9455500,Seldovia
1070,9455500,Seldovia
1070,9455500,Seldovia
1070,9455500,Seldovia
1070,9455500,Seldovia
1070,9455500,Seldovia
1070,9455500,Seldovia
1070,9455500,Seldovia
1070,9455500,Seldovia
1070,9455500,Seldovia
1070,9455500,Seldovia
1070,9455500,Seldovia
1070,9455500,Seldovia
1070,9455500,Seldovia
1350,9455760,Nikiski
1350,9455760,Nikiski
1350,9455760,Nikiski
1350,9455760,Nikiski
1350,9455760,Nikiski
1350,9455760,Nikiski
1350,9455760,Nikiski
1350,9455760,Nikiski
1350,9455760,Nikiski
1350,9455760,Nikiski
1350,9455760,Nikiski
1350,9455760,Nikiski
1350,9455760,Nikiski
1350,9455760,Nikiski
1350,9455760,Nikiski
1067,9455920,Anchorage
1067,9455920,Anchorage
1067,9455920,Anchorage
1067,9455920,Anchorage
1067,9455920,Anchorage
1067,9455920,Anchorage
1067,9455920,Anchorage
1067,9455920,Anchorage
1067,9455920,Anchorage
1067,9455920,Anchorage
1067,9455920,Anchorage
1067,9455920,Anchorage
1067,9455920,Anchorage
1067,9455920,Anchorage
1067,9455920,Anchorage
567,9457292,Kodiak Island
567,9457292,Kodiak Island
567,9457292,Kodiak Island
567,9457292,Kodiak Island
567,9457292,Kodiak Island
567,9457292,Kodiak Island
567,9457292,Kodiak Island
567,9457292,Kodiak Island
567,9457292,Kodiak Island
567,9457292,Kodiak Island
567,9457292,Kodiak Island
567,9457292,Kodiak Island
567,9457292,Kodiak Island
567,9457292,Kodiak Island
567,9457292,Kodiak Island
1634,9459450,Sand Point
1634,9459450,Sand Point
1634,9459450,Sand Point
1634,9459450,Sand Point
1634,9459450,Sand Point
1634,9459450,Sand Point
1634,9459450,Sand Point
1634,9459450,Sand Point
1634,9459450,Sand Point
1634,9459450,Sand Point
1634,9459450,Sand Point
1634,9459450,Sand Point
1634,9459450,Sand Point
1634,9459450,Sand Point
1634,9459450,Sand Point
487,9461380,Adak Island
487,9461380,Adak Island
487,9461380,Adak Island
487,9461380,Adak Island
487,9461380,Adak Island
487,9461380,Adak Island
487,9461380,Adak Island
487,9461380,Adak Island
487,9461380,Adak Island
487,9461380,Adak Island
487,9461380,Adak Island
487,9461380,Adak Island
487,9461380,Adak Island
487,9461380,Adak Island
487,9461380,Adak Island
757,9462620,Unalaska
757,9462620,Unalaska
757,9462620,Unalaska
757,9462620,Unalaska
757,9462620,Unalaska
757,9462620,Unalaska
757,9462620,Unalaska
757,9462620,Unalaska
757,9462620,Unalaska
757,9462620,Unalaska
757,9462620,Unalaska
757,9462620,Unalaska
757,9462620,Unalaska
757,9462620,Unalaska
757,9462620,Unalaska
1800,9468756,"Nome, Norton Sound"
1800,9468756,"Nome, Norton Sound"
1800,9468756,"Nome, Norton Sound"
1800,9468756,"Nome, Norton Sound"
1800,9468756,"Nome, Norton Sound"
1800,9468756,"Nome, Norton Sound"
1800,9468756,"Nome, Norton Sound"
1800,9468756,"Nome, Norton Sound"
1800,9468756,"Nome, Norton Sound"
1800,9468756,"Nome, Norton Sound"
1800,9468756,"Nome, Norton Sound"
1800,9468756,"Nome, Norton Sound"
1800,9468756,"Nome, Norton Sound"
1800,9468756,"Nome, Norton Sound"
1800,9468756,"Nome, Norton Sound"
1857,9497645,Prudhoe Bay
1857,9497645,Prudhoe Bay
1857,9497645,Prudhoe Bay
1857,9497645,Prudhoe Bay
1857,9497645,Prudhoe Bay
1857,9497645,Prudhoe Bay
1857,9497645,Prudhoe Bay
1857,9497645,Prudhoe Bay
1857,9497645,Prudhoe Bay
1857,9497645,Prudhoe Bay
1857,9497645,Prudhoe Bay
1857,9497645,Prudhoe Bay
1857,9497645,Prudhoe Bay
1857,9497645,Prudhoe Bay
1857,9497645,Prudhoe Bay
1447,9751401,Lime Tree Bay
1447,9751401,Lime Tree Bay
1447,9751401,Lime Tree Bay
1447,9751401,Lime Tree Bay
1447,9751401,Lime Tree Bay
1447,9751401,Lime Tree Bay
1447,9751401,Lime Tree Bay
1447,9751401,Lime Tree Bay
1447,9751401,Lime Tree Bay
1447,9751401,Lime Tree Bay
1447,9751401,Lime Tree Bay
1447,9751401,Lime Tree Bay
1447,9751401,Lime Tree Bay
1447,9751401,Lime Tree Bay
1447,9751401,Lime Tree Bay
1393,9751639,Charlotte Amalie
1393,9751639,Charlotte Amalie
1393,9751639,Charlotte Amalie
1393,9751639,Charlotte Amalie
1393,9751639,Charlotte Amalie
1393,9751639,Charlotte Amalie
1393,9751639,Charlotte Amalie
1393,9751639,Charlotte Amalie
1393,9751639,Charlotte Amalie
1393,9751639,Charlotte Amalie
1393,9751639,Charlotte Amalie
1393,9751639,Charlotte Amalie
1393,9751639,Charlotte Amalie
1393,9751639,Charlotte Amalie
1393,9751639,Charlotte Amalie
1001,9755371,"San Juan, La Puntilla, San Juan Bay"
1001,9755371,"San Juan, La Puntilla, San Juan Bay"
1001,9755371,"San Juan, La Puntilla, San Juan Bay"
1001,9755371,"San Juan, La Puntilla, San Juan Bay"
1001,9755371,"San Juan, La Puntilla, San Juan Bay"
1001,9755371,"San Juan, La Puntilla, San Juan Bay"
1001,9755371,"San Juan, La Puntilla, San Juan Bay"
1001,9755371,"San Juan, La Puntilla, San Juan Bay"
1001,9755371,"San Juan, La Puntilla, San Juan Bay"
1001,9755371,"San Juan, La Puntilla, San Juan Bay"
1001,9755371,"San Juan, La Puntilla, San Juan Bay"
1001,9755371,"San Juan, La Puntilla, San Juan Bay"
1001,9755371,"San Juan, La Puntilla, San Juan Bay"
1001,9755371,"San Juan, La Puntilla, San Juan Bay"
1001,9755371,"San Juan, La Puntilla, San Juan Bay"
759,9759110,Magueyes Island
759,9759110,Magueyes Island
759,9759110,Magueyes Island
759,9759110,Magueyes Island
759,9759110,Magueyes Island
759,9759110,Magueyes Island
759,9759110,Magueyes Island
759,9759110,Magueyes Island
759,9759110,Magueyes Island
759,9759110,Magueyes Island
759,9759110,Magueyes Island
759,9759110,Magueyes Island
759,9759110,Magueyes Island
759,9759110,Magueyes Island
759,9759110,Magueyes Island
165,NA,NA
165,NA,NA
165,NA,NA
165,NA,NA
165,NA,NA
165,NA,NA
165,NA,NA
165,NA,NA
165,NA,NA
165,NA,NA
165,NA,NA
165,NA,NA
165,NA,NA
165,NA,NA
165,NA,NA
166,NA,NA
166,NA,NA
166,NA,NA
166,NA,NA
166,NA,NA
166,NA,NA
166,NA,NA
166,NA,NA
166,NA,NA
166,NA,NA
166,NA,NA
166,NA,NA
166,NA,NA
166,NA,NA
166,NA,NA
167,NA,NA
167,NA,NA
167,NA,NA
167,NA,NA
167,NA,NA
167,NA,NA
167,NA,NA
167,NA,NA
167,NA,NA
167,NA,NA
167,NA,NA
167,NA,NA
167,NA,NA
167,NA,NA
167,NA,NA
175,NA,NA
175,NA,NA
175,NA,NA
175,NA,NA
175,NA,NA
175,NA,NA
175,NA,NA
175,NA,NA
175,NA,NA
175,NA,NA
175,NA,NA
175,NA,NA
175,NA,NA
175,NA,NA
175,NA,NA
193,NA,NA
193,NA,NA
193,NA,NA
193,NA,NA
193,NA,NA
193,NA,NA
193,NA,NA
193,NA,NA
193,NA,NA
193,NA,NA
193,NA,NA
193,NA,NA
193,NA,NA
193,NA,NA
193,NA,NA
195,NA,NA
195,NA,NA
195,NA,NA
195,NA,NA
195,NA,NA
195,NA,NA
195,NA,NA
195,NA,NA
195,NA,NA
195,NA,NA
195,NA,NA
195,NA,NA
195,NA,NA
195,NA,NA
195,NA,NA
270,NA,NA
270,NA,NA
270,NA,NA
270,NA,NA
270,NA,NA
270,NA,NA
270,NA,NA
270,NA,NA
270,NA,NA
270,NA,NA
270,NA,NA
270,NA,NA
270,NA,NA
270,NA,NA
270,NA,NA
288,NA,NA
288,NA,NA
288,NA,NA
288,NA,NA
288,NA,NA
288,NA,NA
288,NA,NA
288,NA,NA
288,NA,NA
288,NA,NA
288,NA,NA
288,NA,NA
288,NA,NA
288,NA,NA
288,NA,NA
362,NA,NA
362,NA,NA
362,NA,NA
362,NA,NA
362,NA,NA
362,NA,NA
362,NA,NA
362,NA,NA
362,NA,NA
362,NA,NA
362,NA,NA
362,NA,NA
362,NA,NA
362,NA,NA
362,NA,NA
363,NA,NA
363,NA,NA
363,NA,NA
363,NA,NA
363,NA,NA
363,NA,NA
363,NA,NA
363,NA,NA
363,NA,NA
363,NA,NA
363,NA,NA
363,NA,NA
363,NA,NA
363,NA,NA
363,NA,NA
440,NA,NA
440,NA,NA
440,NA,NA
440,NA,NA
440,NA,NA
440,NA,NA
440,NA,NA
440,NA,NA
440,NA,NA
440,NA,NA
440,NA,NA
440,NA,NA
440,NA,NA
440,NA,NA
440,NA,NA
462,NA,NA
462,NA,NA
462,NA,NA
462,NA,NA
462,NA,NA
462,NA,NA
462,NA,NA
462,NA,NA
462,NA,NA
462,NA,NA
462,NA,NA
462,NA,NA
462,NA,NA
462,NA,NA
462,NA,NA
491,NA,NA
491,NA,NA
491,NA,NA
491,NA,NA
491,NA,NA
491,NA,NA
491,NA,NA
491,NA,NA
491,NA,NA
491,NA,NA
491,NA,NA
491,NA,NA
491,NA,NA
491,NA,NA
491,NA,NA
527,NA,NA
527,NA,NA
527,NA,NA
527,NA,NA
527,NA,NA
527,NA,NA
527,NA,NA
527,NA,NA
527,NA,NA
527,NA,NA
527,NA,NA
527,NA,NA
527,NA,NA
527,NA,NA
527,NA,NA
528,NA,NA
528,NA,NA
528,NA,NA
528,NA,NA
528,NA,NA
528,NA,NA
528,NA,NA
528,NA,NA
528,NA,NA
528,NA,NA
528,NA,NA
528,NA,NA
528,NA,NA
528,NA,NA
528,NA,NA
597,NA,NA
597,NA,NA
597,NA,NA
597,NA,NA
597,NA,NA
597,NA,NA
597,NA,NA
597,NA,NA
597,NA,NA
597,NA,NA
597,NA,NA
597,NA,NA
597,NA,NA
597,NA,NA
597,NA,NA
617,NA,NA
617,NA,NA
617,NA,NA
617,NA,NA
617,NA,NA
617,NA,NA
617,NA,NA
617,NA,NA
617,NA,NA
617,NA,NA
617,NA,NA
617,NA,NA
617,NA,NA
617,NA,NA
617,NA,NA
665,NA,NA
665,NA,NA
665,NA,NA
665,NA,NA
665,NA,NA
665,NA,NA
665,NA,NA
665,NA,NA
665,NA,NA
665,NA,NA
665,NA,NA
665,NA,NA
665,NA,NA
665,NA,NA
665,NA,NA
688,NA,NA
688,NA,NA
688,NA,NA
688,NA,NA
688,NA,NA
688,NA,NA
688,NA,NA
688,NA,NA
688,NA,NA
688,NA,NA
688,NA,NA
688,NA,NA
688,NA,NA
688,NA,NA
688,NA,NA
766,NA,NA
766,NA,NA
766,NA,NA
766,NA,NA
766,NA,NA
766,NA,NA
766,NA,NA
766,NA,NA
766,NA,NA
766,NA,NA
766,NA,NA
766,NA,NA
766,NA,NA
766,NA,NA
766,NA,NA
775,NA,NA
775,NA,NA
775,NA,NA
775,NA,NA
775,NA,NA
775,NA,NA
775,NA,NA
775,NA,NA
775,NA,NA
775,NA,NA
775,NA,NA
775,NA,NA
775,NA,NA
775,NA,NA
775,NA,NA
776,NA,NA
776,NA,NA
776,NA,NA
776,NA,NA
776,NA,NA
776,NA,NA
776,NA,NA
776,NA,NA
776,NA,NA
776,NA,NA
776,NA,NA
776,NA,NA
776,NA,NA
776,NA,NA
776,NA,NA
795,NA,NA
795,NA,NA
795,NA,NA
795,NA,NA
795,NA,NA
795,NA,NA
795,NA,NA
795,NA,NA
795,NA,NA
795,NA,NA
795,NA,NA
795,NA,NA
795,NA,NA
795,NA,NA
795,NA,NA
842,NA,NA
842,NA,NA
842,NA,NA
842,NA,NA
842,NA,NA
842,NA,NA
842,NA,NA
842,NA,NA
842,NA,NA
842,NA,NA
842,NA,NA
842,NA,NA
842,NA,NA
842,NA,NA
842,NA,NA
856,NA,NA
856,NA,NA
856,NA,NA
856,NA,NA
856,NA,NA
856,NA,NA
856,NA,NA
856,NA,NA
856,NA,NA
856,NA,NA
856,NA,NA
856,NA,NA
856,NA,NA
856,NA,NA
856,NA,NA
919,NA,NA
919,NA,NA
919,NA,NA
919,NA,NA
919,NA,NA
919,NA,NA
919,NA,NA
919,NA,NA
919,NA,NA
919,NA,NA
919,NA,NA
919,NA,NA
919,NA,NA
919,NA,NA
919,NA,NA
1013,NA,NA
1013,NA,NA
1013,NA,NA
1013,NA,NA
1013,NA,NA
1013,NA,NA
1013,NA,NA
1013,NA,NA
1013,NA,NA
1013,NA,NA
1013,NA,NA
1013,NA,NA
1013,NA,NA
1013,NA,NA
1013,NA,NA
1038,NA,NA
1038,NA,NA
1038,NA,NA
1038,NA,NA
1038,NA,NA
1038,NA,NA
1038,NA,NA
1038,NA,NA
1038,NA,NA
1038,NA,NA
1038,NA,NA
1038,NA,NA
1038,NA,NA
1038,NA,NA
1038,NA,NA
1152,NA,NA
1152,NA,NA
1152,NA,NA
1152,NA,NA
1152,NA,NA
1152,NA,NA
1152,NA,NA
1152,NA,NA
1152,NA,NA
1152,NA,NA
1152,NA,NA
1152,NA,NA
1152,NA,NA
1152,NA,NA
1152,NA,NA
1158,NA,NA
1158,NA,NA
1158,NA,NA
1158,NA,NA
1158,NA,NA
1158,NA,NA
1158,NA,NA
1158,NA,NA
1158,NA,NA
1158,NA,NA
1158,NA,NA
1158,NA,NA
1158,NA,NA
1158,NA,NA
1158,NA,NA
1162,NA,NA
1162,NA,NA
1162,NA,NA
1162,NA,NA
1162,NA,NA
1162,NA,NA
1162,NA,NA
1162,NA,NA
1162,NA,NA
1162,NA,NA
1162,NA,NA
1162,NA,NA
1162,NA,NA
1162,NA,NA
1162,NA,NA
1217,NA,NA
1217,NA,NA
1217,NA,NA
1217,NA,NA
1217,NA,NA
1217,NA,NA
1217,NA,NA
1217,NA,NA
1217,NA,NA
1217,NA,NA
1217,NA,NA
1217,NA,NA
1217,NA,NA
1217,NA,NA
1217,NA,NA
1242,NA,NA
1242,NA,NA
1242,NA,NA
1242,NA,NA
1242,NA,NA
1242,NA,NA
1242,NA,NA
1242,NA,NA
1242,NA,NA
1242,NA,NA
1242,NA,NA
1242,NA,NA
1242,NA,NA
1242,NA,NA
1242,NA,NA
1245,NA,NA
1245,NA,NA
1245,NA,NA
1245,NA,NA
1245,NA,NA
1245,NA,NA
1245,NA,NA
1245,NA,NA
1245,NA,NA
1245,NA,NA
1245,NA,NA
1245,NA,NA
1245,NA,NA
1245,NA,NA
1245,NA,NA
1252,NA,NA
1252,NA,NA
1252,NA,NA
1252,NA,NA
1252,NA,NA
1252,NA,NA
1252,NA,NA
1252,NA,NA
1252,NA,NA
1252,NA,NA
1252,NA,NA
1252,NA,NA
1252,NA,NA
1252,NA,NA
1252,NA,NA
1255,NA,NA
1255,NA,NA
1255,NA,NA
1255,NA,NA
1255,NA,NA
1255,NA,NA
1255,NA,NA
1255,NA,NA
1255,NA,NA
1255,NA,NA
1255,NA,NA
1255,NA,NA
1255,NA,NA
1255,NA,NA
1255,NA,NA
1370,NA,NA
1370,NA,NA
1370,NA,NA
1370,NA,NA
1370,NA,NA
1370,NA,NA
1370,NA,NA
1370,NA,NA
1370,NA,NA
1370,NA,NA
1370,NA,NA
1370,NA,NA
1370,NA,NA
1370,NA,NA
1370,NA,NA
1372,NA,NA
1372,NA,NA
1372,NA,NA
1372,NA,NA
1372,NA,NA
1372,NA,NA
1372,NA,NA
1372,NA,NA
1372,NA,NA
1372,NA,NA
1372,NA,NA
1372,NA,NA
1372,NA,NA
1372,NA,NA
1372,NA,NA
1473,NA,NA
1473,NA,NA
1473,NA,NA
1473,NA,NA
1473,NA,NA
1473,NA,NA
1473,NA,NA
1473,NA,NA
1473,NA,NA
1473,NA,NA
1473,NA,NA
1473,NA,NA
1473,NA,NA
1473,NA,NA
1473,NA,NA
1474,NA,NA
1474,NA,NA
1474,NA,NA
1474,NA,NA
1474,NA,NA
1474,NA,NA
1474,NA,NA
1474,NA,NA
1474,NA,NA
1474,NA,NA
1474,NA,NA
1474,NA,NA
1474,NA,NA
1474,NA,NA
1474,NA,NA
1696,NA,NA
1696,NA,NA
1696,NA,NA
1696,NA,NA
1696,NA,NA
1696,NA,NA
1696,NA,NA
1696,NA,NA
1696,NA,NA
1696,NA,NA
1696,NA,NA
1696,NA,NA
1696,NA,NA
1696,NA,NA
1696,NA,NA
1838,NA,NA
1838,NA,NA
1838,NA,NA
1838,NA,NA
1838,NA,NA
1838,NA,NA
1838,NA,NA
1838,NA,NA
1838,NA,NA
1838,NA,NA
1838,NA,NA
1838,NA,NA
1838,NA,NA
1838,NA,NA
1838,NA,NA
1840,NA,NA
1840,NA,NA
1840,NA,NA
1840,NA,NA
1840,NA,NA
1840,NA,NA
1840,NA,NA
1840,NA,NA
1840,NA,NA
1840,NA,NA
1840,NA,NA
1840,NA,NA
1840,NA,NA
1840,NA,NA
1840,NA,NA
1925,NA,NA
1925,NA,NA
1925,NA,NA
1925,NA,NA
1925,NA,NA
1925,NA,NA
1925,NA,NA
1925,NA,NA
1925,NA,NA
1925,NA,NA
1925,NA,NA
1925,NA,NA
1925,NA,NA
1925,NA,NA
1925,NA,NA
1001901990,NA,NA
1001901990,NA,NA
1001901990,NA,NA
1001901990,NA,NA
1001901990,NA,NA
1001901990,NA,NA
1001901990,NA,NA
1001901990,NA,NA
1001901990,NA,NA
1001901990,NA,NA
1001901990,NA,NA
1001901990,NA,NA
1001901990,NA,NA
1001901990,NA,NA
1001901990,NA,NA
1001902000,NA,NA
1001902000,NA,NA
1001902000,NA,NA
1001902000,NA,NA
1001902000,NA,NA
1001902000,NA,NA
1001902000,NA,NA
1001902000,NA,NA
1001902000,NA,NA
1001902000,NA,NA
1001902000,NA,NA
1001902000,NA,NA
1001902000,NA,NA
1001902000,NA,NA
1001902000,NA,NA
1001902010,NA,NA
1001902010,NA,NA
1001902010,NA,NA
1001902010,NA,NA
1001902010,NA,NA
1001902010,NA,NA
1001902010,NA,NA
1001902010,NA,NA
1001902010,NA,NA
1001902010,NA,NA
1001902010,NA,NA
1001902010,NA,NA
1001902010,NA,NA
1001902010,NA,NA
1001902010,NA,NA
1001902020,NA,NA
1001902020,NA,NA
1001902020,NA,NA
1001902020,NA,NA
1001902020,NA,NA
1001902020,NA,NA
1001902020,NA,NA
1001902020,NA,NA
1001902020,NA,NA
1001902020,NA,NA
1001902020,NA,NA
1001902020,NA,NA
1001902020,NA,NA
1001902020,NA,NA
1001902020,NA,NA
1001902030,NA,NA
1001902030,NA,NA
1001902030,NA,NA
1001902030,NA,NA
1001902030,NA,NA
1001902030,NA,NA
1001902030,NA,NA
1001902030,NA,NA
1001902030,NA,NA
1001902030,NA,NA
1001902030,NA,NA
1001902030,NA,NA
1001902030,NA,NA
1001902030,NA,NA
1001902030,NA,NA
1001902040,NA,NA
1001902040,NA,NA
1001902040,NA,NA
1001902040,NA,NA
1001902040,NA,NA
1001902040,NA,NA
1001902040,NA,NA
1001902040,NA,NA
1001902040,NA,NA
1001902040,NA,NA
1001902040,NA,NA
1001902040,NA,NA
1001902040,NA,NA
1001902040,NA,NA
1001902040,NA,NA
1001902050,NA,NA
1001902050,NA,NA
1001902050,NA,NA
1001902050,NA,NA
1001902050,NA,NA
1001902050,NA,NA
1001902050,NA,NA
1001902050,NA,NA
1001902050,NA,NA
1001902050,NA,NA
1001902050,NA,NA
1001902050,NA,NA
1001902050,NA,NA
1001902050,NA,NA
1001902050,NA,NA
1001902060,NA,NA
1001902060,NA,NA
1001902060,NA,NA
1001902060,NA,NA
1001902060,NA,NA
1001902060,NA,NA
1001902060,NA,NA
1001902060,NA,NA
1001902060,NA,NA
1001902060,NA,NA
1001902060,NA,NA
1001902060,NA,NA
1001902060,NA,NA
1001902060,NA,NA
1001902060,NA,NA
1001902070,NA,NA
1001902070,NA,NA
1001902070,NA,NA
1001902070,NA,NA
1001902070,NA,NA
1001902070,NA,NA
1001902070,NA,NA
1001902070,NA,NA
1001902070,NA,NA
1001902070,NA,NA
1001902070,NA,NA
1001902070,NA,NA
1001902070,NA,NA
1001902070,NA,NA
1001902070,NA,NA
1001902080,NA,NA
1001902080,NA,NA
1001902080,NA,NA
1001902080,NA,NA
1001902080,NA,NA
1001902080,NA,NA
1001902080,NA,NA
1001902080,NA,NA
1001902080,NA,NA
1001902080,NA,NA
1001902080,NA,NA
1001902080,NA,NA
1001902080,NA,NA
1001902080,NA,NA
1001902080,NA,NA
1001902090,NA,NA
1001902090,NA,NA
1001902090,NA,NA
1001902090,NA,NA
1001902090,NA,NA
1001902090,NA,NA
1001902090,NA,NA
1001902090,NA,NA
1001902090,NA,NA
1001902090,NA,NA
1001902090,NA,NA
1001902090,NA,NA
1001902090,NA,NA
1001902090,NA,NA
1001902090,NA,NA
1001902100,NA,NA
1001902100,NA,NA
1001902100,NA,NA
1001902100,NA,NA
1001902100,NA,NA
1001902100,NA,NA
1001902100,NA,NA
1001902100,NA,NA
1001902100,NA,NA
1001902100,NA,NA
1001902100,NA,NA
1001902100,NA,NA
1001902100,NA,NA
1001902100,NA,NA
1001902100,NA,NA
1001902110,NA,NA
1001902110,NA,NA
1001902110,NA,NA
1001902110,NA,NA
1001902110,NA,NA
1001902110,NA,NA
1001902110,NA,NA
1001902110,NA,NA
1001902110,NA,NA
1001902110,NA,NA
1001902110,NA,NA
1001902110,NA,NA
1001902110,NA,NA
1001902110,NA,NA
1001902110,NA,NA
1001902120,NA,NA
1001902120,NA,NA
1001902120,NA,NA
1001902120,NA,NA
1001902120,NA,NA
1001902120,NA,NA
1001902120,NA,NA
1001902120,NA,NA
1001902120,NA,NA
1001902120,NA,NA
1001902120,NA,NA
1001902120,NA,NA
1001902120,NA,NA
1001902120,NA,NA
1001902120,NA,NA
1002001970,NA,NA
1002001970,NA,NA
1002001970,NA,NA
1002001970,NA,NA
1002001970,NA,NA
1002001970,NA,NA
1002001970,NA,NA
1002001970,NA,NA
1002001970,NA,NA
1002001970,NA,NA
1002001970,NA,NA
1002001970,NA,NA
1002001970,NA,NA
1002001970,NA,NA
1002001970,NA,NA
1002001980,NA,NA
1002001980,NA,NA
1002001980,NA,NA
1002001980,NA,NA
1002001980,NA,NA
1002001980,NA,NA
1002001980,NA,NA
1002001980,NA,NA
1002001980,NA,NA
1002001980,NA,NA
1002001980,NA,NA
1002001980,NA,NA
1002001980,NA,NA
1002001980,NA,NA
1002001980,NA,NA
1002001990,NA,NA
1002001990,NA,NA
1002001990,NA,NA
1002001990,NA,NA
1002001990,NA,NA
1002001990,NA,NA
1002001990,NA,NA
1002001990,NA,NA
1002001990,NA,NA
1002001990,NA,NA
1002001990,NA,NA
1002001990,NA,NA
1002001990,NA,NA
1002001990,NA,NA
1002001990,NA,NA
1002002000,NA,NA
1002002000,NA,NA
1002002000,NA,NA
1002002000,NA,NA
1002002000,NA,NA
1002002000,NA,NA
1002002000,NA,NA
1002002000,NA,NA
1002002000,NA,NA
1002002000,NA,NA
1002002000,NA,NA
1002002000,NA,NA
1002002000,NA,NA
1002002000,NA,NA
1002002000,NA,NA
1002002010,NA,NA
1002002010,NA,NA
1002002010,NA,NA
1002002010,NA,NA
1002002010,NA,NA
1002002010,NA,NA
1002002010,NA,NA
1002002010,NA,NA
1002002010,NA,NA
1002002010,NA,NA
1002002010,NA,NA
1002002010,NA,NA
1002002010,NA,NA
1002002010,NA,NA
1002002010,NA,NA
1002002020,NA,NA
1002002020,NA,NA
1002002020,NA,NA
1002002020,NA,NA
1002002020,NA,NA
1002002020,NA,NA
1002002020,NA,NA
1002002020,NA,NA
1002002020,NA,NA
1002002020,NA,NA
1002002020,NA,NA
1002002020,NA,NA
1002002020,NA,NA
1002002020,NA,NA
1002002020,NA,NA
1002002030,NA,NA
1002002030,NA,NA
1002002030,NA,NA
1002002030,NA,NA
1002002030,NA,NA
1002002030,NA,NA
1002002030,NA,NA
1002002030,NA,NA
1002002030,NA,NA
1002002030,NA,NA
1002002030,NA,NA
1002002030,NA,NA
1002002030,NA,NA
1002002030,NA,NA
1002002030,NA,NA
1002002040,NA,NA
1002002040,NA,NA
1002002040,NA,NA
1002002040,NA,NA
1002002040,NA,NA
1002002040,NA,NA
1002002040,NA,NA
1002002040,NA,NA
1002002040,NA,NA
1002002040,NA,NA
1002002040,NA,NA
1002002040,NA,NA
1002002040,NA,NA
1002002040,NA,NA
1002002040,NA,NA
1002002050,NA,NA
1002002050,NA,NA
1002002050,NA,NA
1002002050,NA,NA
1002002050,NA,NA
1002002050,NA,NA
1002002050,NA,NA
1002002050,NA,NA
1002002050,NA,NA
1002002050,NA,NA
1002002050,NA,NA
1002002050,NA,NA
1002002050,NA,NA
1002002050,NA,NA
1002002050,NA,NA
1002002060,NA,NA
1002002060,NA,NA
1002002060,NA,NA
1002002060,NA,NA
1002002060,NA,NA
1002002060,NA,NA
1002002060,NA,NA
1002002060,NA,NA
1002002060,NA,NA
1002002060,NA,NA
1002002060,NA,NA
1002002060,NA,NA
1002002060,NA,NA
1002002060,NA,NA
1002002060,NA,NA
1002002070,NA,NA
1002002070,NA,NA
1002002070,NA,NA
1002002070,NA,NA
1002002070,NA,NA
1002002070,NA,NA
1002002070,NA,NA
1002002070,NA,NA
1002002070,NA,NA
1002002070,NA,NA
1002002070,NA,NA
1002002070,NA,NA
1002002070,NA,NA
1002002070,NA,NA
1002002070,NA,NA
1002002080,NA,NA
1002002080,NA,NA
1002002080,NA,NA
1002002080,NA,NA
1002002080,NA,NA
1002002080,NA,NA
1002002080,NA,NA
1002002080,NA,NA
1002002080,NA,NA
1002002080,NA,NA
1002002080,NA,NA
1002002080,NA,NA
1002002080,NA,NA
1002002080,NA,NA
1002002080,NA,NA
1002002090,NA,NA
1002002090,NA,NA
1002002090,NA,NA
1002002090,NA,NA
1002002090,NA,NA
1002002090,NA,NA
1002002090,NA,NA
1002002090,NA,NA
1002002090,NA,NA
1002002090,NA,NA
1002002090,NA,NA
1002002090,NA,NA
1002002090,NA,NA
1002002090,NA,NA
1002002090,NA,NA
1002002100,NA,NA
1002002100,NA,NA
1002002100,NA,NA
1002002100,NA,NA
1002002100,NA,NA
1002002100,NA,NA
1002002100,NA,NA
1002002100,NA,NA
1002002100,NA,NA
1002002100,NA,NA
1002002100,NA,NA
1002002100,NA,NA
1002002100,NA,NA
1002002100,NA,NA
1002002100,NA,NA
1002002110,NA,NA
1002002110,NA,NA
1002002110,NA,NA
1002002110,NA,NA
1002002110,NA,NA
1002002110,NA,NA
1002002110,NA,NA
1002002110,NA,NA
1002002110,NA,NA
1002002110,NA,NA
1002002110,NA,NA
1002002110,NA,NA
1002002110,NA,NA
1002002110,NA,NA
1002002110,NA,NA
1002002120,NA,NA
1002002120,NA,NA
1002002120,NA,NA
1002002120,NA,NA
1002002120,NA,NA
1002002120,NA,NA
1002002120,NA,NA
1002002120,NA,NA
1002002120,NA,NA
1002002120,NA,NA
1002002120,NA,NA
1002002120,NA,NA
1002002120,NA,NA
1002002120,NA,NA
1002002120,NA,NA
1002002130,NA,NA
1002002130,NA,NA
1002002130,NA,NA
1002002130,NA,NA
1002002130,NA,NA
1002002130,NA,NA
1002002130,NA,NA
1002002130,NA,NA
1002002130,NA,NA
1002002130,NA,NA
1002002130,NA,NA
1002002130,NA,NA
1002002130,NA,NA
1002002130,NA,NA
1002002130,NA,NA
1002002140,NA,NA
1002002140,NA,NA
1002002140,NA,NA
1002002140,NA,NA
1002002140,NA,NA
1002002140,NA,NA
1002002140,NA,NA
1002002140,NA,NA
1002002140,NA,NA
1002002140,NA,NA
1002002140,NA,NA
1002002140,NA,NA
1002002140,NA,NA
1002002140,NA,NA
1002002140,NA,NA
1002002150,NA,NA
1002002150,NA,NA
1002002150,NA,NA
1002002150,NA,NA
1002002150,NA,NA
1002002150,NA,NA
1002002150,NA,NA
1002002150,NA,NA
1002002150,NA,NA
1002002150,NA,NA
1002002150,NA,NA
1002002150,NA,NA
1002002150,NA,NA
1002002150,NA,NA
1002002150,NA,NA
1002002160,NA,NA
1002002160,NA,NA
1002002160,NA,NA
1002002160,NA,NA
1002002160,NA,NA
1002002160,NA,NA
1002002160,NA,NA
1002002160,NA,NA
1002002160,NA,NA
1002002160,NA,NA
1002002160,NA,NA
1002002160,NA,NA
1002002160,NA,NA
1002002160,NA,NA
1002002160,NA,NA
1002002170,NA,NA
1002002170,NA,NA
1002002170,NA,NA
1002002170,NA,NA
1002002170,NA,NA
1002002170,NA,NA
1002002170,NA,NA
1002002170,NA,NA
1002002170,NA,NA
1002002170,NA,NA
1002002170,NA,NA
1002002170,NA,NA
1002002170,NA,NA
1002002170,NA,NA
1002002170,NA,NA
1002002180,NA,NA
1002002180,NA,NA
1002002180,NA,NA
1002002180,NA,NA
1002002180,NA,NA
1002002180,NA,NA
1002002180,NA,NA
1002002180,NA,NA
1002002180,NA,NA
1002002180,NA,NA
1002002180,NA,NA
1002002180,NA,NA
1002002180,NA,NA
1002002180,NA,NA
1002002180,NA,NA
1002002190,NA,NA
1002002190,NA,NA
1002002190,NA,NA
1002002190,NA,NA
1002002190,NA,NA
1002002190,NA,NA
1002002190,NA,NA
1002002190,NA,NA
1002002190,NA,NA
1002002190,NA,NA
1002002190,NA,NA
1002002190,NA,NA
1002002190,NA,NA
1002002190,NA,NA
1002002190,NA,NA
1002101940,NA,NA
1002101940,NA,NA
1002101940,NA,NA
1002101940,NA,NA
1002101940,NA,NA
1002101940,NA,NA
1002101940,NA,NA
1002101940,NA,NA
1002101940,NA,NA
1002101940,NA,NA
1002101940,NA,NA
1002101940,NA,NA
1002101940,NA,NA
1002101940,NA,NA
1002101940,NA,NA
1002101950,NA,NA
1002101950,NA,NA
1002101950,NA,NA
1002101950,NA,NA
1002101950,NA,NA
1002101950,NA,NA
1002101950,NA,NA
1002101950,NA,NA
1002101950,NA,NA
1002101950,NA,NA
1002101950,NA,NA
1002101950,NA,NA
1002101950,NA,NA
1002101950,NA,NA
1002101950,NA,NA
1002101960,NA,NA
1002101960,NA,NA
1002101960,NA,NA
1002101960,NA,NA
1002101960,NA,NA
1002101960,NA,NA
1002101960,NA,NA
1002101960,NA,NA
1002101960,NA,NA
1002101960,NA,NA
1002101960,NA,NA
1002101960,NA,NA
1002101960,NA,NA
1002101960,NA,NA
1002101960,NA,NA
1002101970,NA,NA
1002101970,NA,NA
1002101970,NA,NA
1002101970,NA,NA
1002101970,NA,NA
1002101970,NA,NA
1002101970,NA,NA
1002101970,NA,NA
1002101970,NA,NA
1002101970,NA,NA
1002101970,NA,NA
1002101970,NA,NA
1002101970,NA,NA
1002101970,NA,NA
1002101970,NA,NA
1002101980,NA,NA
1002101980,NA,NA
1002101980,NA,NA
1002101980,NA,NA
1002101980,NA,NA
1002101980,NA,NA
1002101980,NA,NA
1002101980,NA,NA
1002101980,NA,NA
1002101980,NA,NA
1002101980,NA,NA
1002101980,NA,NA
1002101980,NA,NA
1002101980,NA,NA
1002101980,NA,NA
1002102150,NA,NA
1002102150,NA,NA
1002102150,NA,NA
1002102150,NA,NA
1002102150,NA,NA
1002102150,NA,NA
1002102150,NA,NA
1002102150,NA,NA
1002102150,NA,NA
1002102150,NA,NA
1002102150,NA,NA
1002102150,NA,NA
1002102150,NA,NA
1002102150,NA,NA
1002102150,NA,NA
1002102160,NA,NA
1002102160,NA,NA
1002102160,NA,NA
1002102160,NA,NA
1002102160,NA,NA
1002102160,NA,NA
1002102160,NA,NA
1002102160,NA,NA
1002102160,NA,NA
1002102160,NA,NA
1002102160,NA,NA
1002102160,NA,NA
1002102160,NA,NA
1002102160,NA,NA
1002102160,NA,NA
1002201930,NA,NA
1002201930,NA,NA
1002201930,NA,NA
1002201930,NA,NA
1002201930,NA,NA
1002201930,NA,NA
1002201930,NA,NA
1002201930,NA,NA
1002201930,NA,NA
1002201930,NA,NA
1002201930,NA,NA
1002201930,NA,NA
1002201930,NA,NA
1002201930,NA,NA
1002201930,NA,NA
1002201940,NA,NA
1002201940,NA,NA
1002201940,NA,NA
1002201940,NA,NA
1002201940,NA,NA
1002201940,NA,NA
1002201940,NA,NA
1002201940,NA,NA
1002201940,NA,NA
1002201940,NA,NA
1002201940,NA,NA
1002201940,NA,NA
1002201940,NA,NA
1002201940,NA,NA
1002201940,NA,NA
1002201950,NA,NA
1002201950,NA,NA
1002201950,NA,NA
1002201950,NA,NA
1002201950,NA,NA
1002201950,NA,NA
1002201950,NA,NA
1002201950,NA,NA
1002201950,NA,NA
1002201950,NA,NA
1002201950,NA,NA
1002201950,NA,NA
1002201950,NA,NA
1002201950,NA,NA
1002201950,NA,NA
1002201960,NA,NA
1002201960,NA,NA
1002201960,NA,NA
1002201960,NA,NA
1002201960,NA,NA
1002201960,NA,NA
1002201960,NA,NA
1002201960,NA,NA
1002201960,NA,NA
1002201960,NA,NA
1002201960,NA,NA
1002201960,NA,NA
1002201960,NA,NA
1002201960,NA,NA
1002201960,NA,NA
1002201970,NA,NA
1002201970,NA,NA
1002201970,NA,NA
1002201970,NA,NA
1002201970,NA,NA
1002201970,NA,NA
1002201970,NA,NA
1002201970,NA,NA
1002201970,NA,NA
1002201970,NA,NA
1002201970,NA,NA
1002201970,NA,NA
1002201970,NA,NA
1002201970,NA,NA
1002201970,NA,NA
1002201980,NA,NA
1002201980,NA,NA
1002201980,NA,NA
1002201980,NA,NA
1002201980,NA,NA
1002201980,NA,NA
1002201980,NA,NA
1002201980,NA,NA
1002201980,NA,NA
1002201980,NA,NA
1002201980,NA,NA
1002201980,NA,NA
1002201980,NA,NA
1002201980,NA,NA
1002201980,NA,NA
1002201990,NA,NA
1002201990,NA,NA
1002201990,NA,NA
1002201990,NA,NA
1002201990,NA,NA
1002201990,NA,NA
1002201990,NA,NA
1002201990,NA,NA
1002201990,NA,NA
1002201990,NA,NA
1002201990,NA,NA
1002201990,NA,NA
1002201990,NA,NA
1002201990,NA,NA
1002201990,NA,NA
1002301950,NA,NA
1002301950,NA,NA
1002301950,NA,NA
1002301950,NA,NA
1002301950,NA,NA
1002301950,NA,NA
1002301950,NA,NA
1002301950,NA,NA
1002301950,NA,NA
1002301950,NA,NA
1002301950,NA,NA
1002301950,NA,NA
1002301950,NA,NA
1002301950,NA,NA
1002301950,NA,NA
1002301960,NA,NA
1002301960,NA,NA
1002301960,NA,NA
1002301960,NA,NA
1002301960,NA,NA
1002301960,NA,NA
1002301960,NA,NA
1002301960,NA,NA
1002301960,NA,NA
1002301960,NA,NA
1002301960,NA,NA
1002301960,NA,NA
1002301960,NA,NA
1002301960,NA,NA
1002301960,NA,NA
1002301970,NA,NA
1002301970,NA,NA
1002301970,NA,NA
1002301970,NA,NA
1002301970,NA,NA
1002301970,NA,NA
1002301970,NA,NA
1002301970,NA,NA
1002301970,NA,NA
1002301970,NA,NA
1002301970,NA,NA
1002301970,NA,NA
1002301970,NA,NA
1002301970,NA,NA
1002301970,NA,NA
1002301980,NA,NA
1002301980,NA,NA
1002301980,NA,NA
1002301980,NA,NA
1002301980,NA,NA
1002301980,NA,NA
1002301980,NA,NA
1002301980,NA,NA
1002301980,NA,NA
1002301980,NA,NA
1002301980,NA,NA
1002301980,NA,NA
1002301980,NA,NA
1002301980,NA,NA
1002301980,NA,NA
1002301990,NA,NA
1002301990,NA,NA
1002301990,NA,NA
1002301990,NA,NA
1002301990,NA,NA
1002301990,NA,NA
1002301990,NA,NA
1002301990,NA,NA
1002301990,NA,NA
1002301990,NA,NA
1002301990,NA,NA
1002301990,NA,NA
1002301990,NA,NA
1002301990,NA,NA
1002301990,NA,NA
1002302000,NA,NA
1002302000,NA,NA
1002302000,NA,NA
1002302000,NA,NA
1002302000,NA,NA
1002302000,NA,NA
1002302000,NA,NA
1002302000,NA,NA
1002302000,NA,NA
1002302000,NA,NA
1002302000,NA,NA
1002302000,NA,NA
1002302000,NA,NA
1002302000,NA,NA
1002302000,NA,NA
1002302010,NA,NA
1002302010,NA,NA
1002302010,NA,NA
1002302010,NA,NA
1002302010,NA,NA
1002302010,NA,NA
1002302010,NA,NA
1002302010,NA,NA
1002302010,NA,NA
1002302010,NA,NA
1002302010,NA,NA
1002302010,NA,NA
1002302010,NA,NA
1002302010,NA,NA
1002302010,NA,NA
1002401910,NA,NA
1002401910,NA,NA
1002401910,NA,NA
1002401910,NA,NA
1002401910,NA,NA
1002401910,NA,NA
1002401910,NA,NA
1002401910,NA,NA
1002401910,NA,NA
1002401910,NA,NA
1002401910,NA,NA
1002401910,NA,NA
1002401910,NA,NA
1002401910,NA,NA
1002401910,NA,NA
1002401920,NA,NA
1002401920,NA,NA
1002401920,NA,NA
1002401920,NA,NA
1002401920,NA,NA
1002401920,NA,NA
1002401920,NA,NA
1002401920,NA,NA
1002401920,NA,NA
1002401920,NA,NA
1002401920,NA,NA
1002401920,NA,NA
1002401920,NA,NA
1002401920,NA,NA
1002401920,NA,NA
1002401930,NA,NA
1002401930,NA,NA
1002401930,NA,NA
1002401930,NA,NA
1002401930,NA,NA
1002401930,NA,NA
1002401930,NA,NA
1002401930,NA,NA
1002401930,NA,NA
1002401930,NA,NA
1002401930,NA,NA
1002401930,NA,NA
1002401930,NA,NA
1002401930,NA,NA
1002401930,NA,NA
1002401940,NA,NA
1002401940,NA,NA
1002401940,NA,NA
1002401940,NA,NA
1002401940,NA,NA
1002401940,NA,NA
1002401940,NA,NA
1002401940,NA,NA
1002401940,NA,NA
1002401940,NA,NA
1002401940,NA,NA
1002401940,NA,NA
1002401940,NA,NA
1002401940,NA,NA
1002401940,NA,NA
1002401950,NA,NA
1002401950,NA,NA
1002401950,NA,NA
1002401950,NA,NA
1002401950,NA,NA
1002401950,NA,NA
1002401950,NA,NA
1002401950,NA,NA
1002401950,NA,NA
1002401950,NA,NA
1002401950,NA,NA
1002401950,NA,NA
1002401950,NA,NA
1002401950,NA,NA
1002401950,NA,NA
1002401960,NA,NA
1002401960,NA,NA
1002401960,NA,NA
1002401960,NA,NA
1002401960,NA,NA
1002401960,NA,NA
1002401960,NA,NA
1002401960,NA,NA
1002401960,NA,NA
1002401960,NA,NA
1002401960,NA,NA
1002401960,NA,NA
1002401960,NA,NA
1002401960,NA,NA
1002401960,NA,NA
1002401970,NA,NA
1002401970,NA,NA
1002401970,NA,NA
1002401970,NA,NA
1002401970,NA,NA
1002401970,NA,NA
1002401970,NA,NA
1002401970,NA,NA
1002401970,NA,NA
1002401970,NA,NA
1002401970,NA,NA
1002401970,NA,NA
1002401970,NA,NA
1002401970,NA,NA
1002401970,NA,NA
1002401980,NA,NA
1002401980,NA,NA
1002401980,NA,NA
1002401980,NA,NA
1002401980,NA,NA
1002401980,NA,NA
1002401980,NA,NA
1002401980,NA,NA
1002401980,NA,NA
1002401980,NA,NA
1002401980,NA,NA
1002401980,NA,NA
1002401980,NA,NA
1002401980,NA,NA
1002401980,NA,NA
1002401990,NA,NA
1002401990,NA,NA
1002401990,NA,NA
1002401990,NA,NA
1002401990,NA,NA
1002401990,NA,NA
1002401990,NA,NA
1002401990,NA,NA
1002401990,NA,NA
1002401990,NA,NA
1002401990,NA,NA
1002401990,NA,NA
1002401990,NA,NA
1002401990,NA,NA
1002401990,NA,NA
1002402000,NA,NA
1002402000,NA,NA
1002402000,NA,NA
1002402000,NA,NA
1002402000,NA,NA
1002402000,NA,NA
1002402000,NA,NA
1002402000,NA,NA
1002402000,NA,NA
1002402000,NA,NA
1002402000,NA,NA
1002402000,NA,NA
1002402000,NA,NA
1002402000,NA,NA
1002402000,NA,NA
1002402010,NA,NA
1002402010,NA,NA
1002402010,NA,NA
1002402010,NA,NA
1002402010,NA,NA
1002402010,NA,NA
1002402010,NA,NA
1002402010,NA,NA
1002402010,NA,NA
1002402010,NA,NA
1002402010,NA,NA
1002402010,NA,NA
1002402010,NA,NA
1002402010,NA,NA
1002402010,NA,NA
1002501920,NA,NA
1002501920,NA,NA
1002501920,NA,NA
1002501920,NA,NA
1002501920,NA,NA
1002501920,NA,NA
1002501920,NA,NA
1002501920,NA,NA
1002501920,NA,NA
1002501920,NA,NA
1002501920,NA,NA
1002501920,NA,NA
1002501920,NA,NA
1002501920,NA,NA
1002501920,NA,NA
1002501930,NA,NA
1002501930,NA,NA
1002501930,NA,NA
1002501930,NA,NA
1002501930,NA,NA
1002501930,NA,NA
1002501930,NA,NA
1002501930,NA,NA
1002501930,NA,NA
1002501930,NA,NA
1002501930,NA,NA
1002501930,NA,NA
1002501930,NA,NA
1002501930,NA,NA
1002501930,NA,NA
1002501940,NA,NA
1002501940,NA,NA
1002501940,NA,NA
1002501940,NA,NA
1002501940,NA,NA
1002501940,NA,NA
1002501940,NA,NA
1002501940,NA,NA
1002501940,NA,NA
1002501940,NA,NA
1002501940,NA,NA
1002501940,NA,NA
1002501940,NA,NA
1002501940,NA,NA
1002501940,NA,NA
1002501950,NA,NA
1002501950,NA,NA
1002501950,NA,NA
1002501950,NA,NA
1002501950,NA,NA
1002501950,NA,NA
1002501950,NA,NA
1002501950,NA,NA
1002501950,NA,NA
1002501950,NA,NA
1002501950,NA,NA
1002501950,NA,NA
1002501950,NA,NA
1002501950,NA,NA
1002501950,NA,NA
1002501960,NA,NA
1002501960,NA,NA
1002501960,NA,NA
1002501960,NA,NA
1002501960,NA,NA
1002501960,NA,NA
1002501960,NA,NA
1002501960,NA,NA
1002501960,NA,NA
1002501960,NA,NA
1002501960,NA,NA
1002501960,NA,NA
1002501960,NA,NA
1002501960,NA,NA
1002501960,NA,NA
1002501970,NA,NA
1002501970,NA,NA
1002501970,NA,NA
1002501970,NA,NA
1002501970,NA,NA
1002501970,NA,NA
1002501970,NA,NA
1002501970,NA,NA
1002501970,NA,NA
1002501970,NA,NA
1002501970,NA,NA
1002501970,NA,NA
1002501970,NA,NA
1002501970,NA,NA
1002501970,NA,NA
1002501980,NA,NA
1002501980,NA,NA
1002501980,NA,NA
1002501980,NA,NA
1002501980,NA,NA
1002501980,NA,NA
1002501980,NA,NA
1002501980,NA,NA
1002501980,NA,NA
1002501980,NA,NA
1002501980,NA,NA
1002501980,NA,NA
1002501980,NA,NA
1002501980,NA,NA
1002501980,NA,NA
1002501990,NA,NA
1002501990,NA,NA
1002501990,NA,NA
1002501990,NA,NA
1002501990,NA,NA
1002501990,NA,NA
1002501990,NA,NA
1002501990,NA,NA
1002501990,NA,NA
1002501990,NA,NA
1002501990,NA,NA
1002501990,NA,NA
1002501990,NA,NA
1002501990,NA,NA
1002501990,NA,NA
1002601880,NA,NA
1002601880,NA,NA
1002601880,NA,NA
1002601880,NA,NA
1002601880,NA,NA
1002601880,NA,NA
1002601880,NA,NA
1002601880,NA,NA
1002601880,NA,NA
1002601880,NA,NA
1002601880,NA,NA
1002601880,NA,NA
1002601880,NA,NA
1002601880,NA,NA
1002601880,NA,NA
1002601890,NA,NA
1002601890,NA,NA
1002601890,NA,NA
1002601890,NA,NA
1002601890,NA,NA
1002601890,NA,NA
1002601890,NA,NA
1002601890,NA,NA
1002601890,NA,NA
1002601890,NA,NA
1002601890,NA,NA
1002601890,NA,NA
1002601890,NA,NA
1002601890,NA,NA
1002601890,NA,NA
1002601900,NA,NA
1002601900,NA,NA
1002601900,NA,NA
1002601900,NA,NA
1002601900,NA,NA
1002601900,NA,NA
1002601900,NA,NA
1002601900,NA,NA
1002601900,NA,NA
1002601900,NA,NA
1002601900,NA,NA
1002601900,NA,NA
1002601900,NA,NA
1002601900,NA,NA
1002601900,NA,NA
1002601940,NA,NA
1002601940,NA,NA
1002601940,NA,NA
1002601940,NA,NA
1002601940,NA,NA
1002601940,NA,NA
1002601940,NA,NA
1002601940,NA,NA
1002601940,NA,NA
1002601940,NA,NA
1002601940,NA,NA
1002601940,NA,NA
1002601940,NA,NA
1002601940,NA,NA
1002601940,NA,NA
1002601950,NA,NA
1002601950,NA,NA
1002601950,NA,NA
1002601950,NA,NA
1002601950,NA,NA
1002601950,NA,NA
1002601950,NA,NA
1002601950,NA,NA
1002601950,NA,NA
1002601950,NA,NA
1002601950,NA,NA
1002601950,NA,NA
1002601950,NA,NA
1002601950,NA,NA
1002601950,NA,NA
1002601960,NA,NA
1002601960,NA,NA
1002601960,NA,NA
1002601960,NA,NA
1002601960,NA,NA
1002601960,NA,NA
1002601960,NA,NA
1002601960,NA,NA
1002601960,NA,NA
1002601960,NA,NA
1002601960,NA,NA
1002601960,NA,NA
1002601960,NA,NA
1002601960,NA,NA
1002601960,NA,NA
1002601970,NA,NA
1002601970,NA,NA
1002601970,NA,NA
1002601970,NA,NA
1002601970,NA,NA
1002601970,NA,NA
1002601970,NA,NA
1002601970,NA,NA
1002601970,NA,NA
1002601970,NA,NA
1002601970,NA,NA
1002601970,NA,NA
1002601970,NA,NA
1002601970,NA,NA
1002601970,NA,NA
1002601980,NA,NA
1002601980,NA,NA
1002601980,NA,NA
1002601980,NA,NA
1002601980,NA,NA
1002601980,NA,NA
1002601980,NA,NA
1002601980,NA,NA
1002601980,NA,NA
1002601980,NA,NA
1002601980,NA,NA
1002601980,NA,NA
1002601980,NA,NA
1002601980,NA,NA
1002601980,NA,NA
1002601990,NA,NA
1002601990,NA,NA
1002601990,NA,NA
1002601990,NA,NA
1002601990,NA,NA
1002601990,NA,NA
1002601990,NA,NA
1002601990,NA,NA
1002601990,NA,NA
1002601990,NA,NA
1002601990,NA,NA
1002601990,NA,NA
1002601990,NA,NA
1002601990,NA,NA
1002601990,NA,NA
1002602000,NA,NA
1002602000,NA,NA
1002602000,NA,NA
1002602000,NA,NA
1002602000,NA,NA
1002602000,NA,NA
1002602000,NA,NA
1002602000,NA,NA
1002602000,NA,NA
1002602000,NA,NA
1002602000,NA,NA
1002602000,NA,NA
1002602000,NA,NA
1002602000,NA,NA
1002602000,NA,NA
1002701880,NA,NA
1002701880,NA,NA
1002701880,NA,NA
1002701880,NA,NA
1002701880,NA,NA
1002701880,NA,NA
1002701880,NA,NA
1002701880,NA,NA
1002701880,NA,NA
1002701880,NA,NA
1002701880,NA,NA
1002701880,NA,NA
1002701880,NA,NA
1002701880,NA,NA
1002701880,NA,NA
1002701890,NA,NA
1002701890,NA,NA
1002701890,NA,NA
1002701890,NA,NA
1002701890,NA,NA
1002701890,NA,NA
1002701890,NA,NA
1002701890,NA,NA
1002701890,NA,NA
1002701890,NA,NA
1002701890,NA,NA
1002701890,NA,NA
1002701890,NA,NA
1002701890,NA,NA
1002701890,NA,NA
1002701900,NA,NA
1002701900,NA,NA
1002701900,NA,NA
1002701900,NA,NA
1002701900,NA,NA
1002701900,NA,NA
1002701900,NA,NA
1002701900,NA,NA
1002701900,NA,NA
1002701900,NA,NA
1002701900,NA,NA
1002701900,NA,NA
1002701900,NA,NA
1002701900,NA,NA
1002701900,NA,NA
1002701910,NA,NA
1002701910,NA,NA
1002701910,NA,NA
1002701910,NA,NA
1002701910,NA,NA
1002701910,NA,NA
1002701910,NA,NA
1002701910,NA,NA
1002701910,NA,NA
1002701910,NA,NA
1002701910,NA,NA
1002701910,NA,NA
1002701910,NA,NA
1002701910,NA,NA
1002701910,NA,NA
1002701950,NA,NA
1002701950,NA,NA
1002701950,NA,NA
1002701950,NA,NA
1002701950,NA,NA
1002701950,NA,NA
1002701950,NA,NA
1002701950,NA,NA
1002701950,NA,NA
1002701950,NA,NA
1002701950,NA,NA
1002701950,NA,NA
1002701950,NA,NA
1002701950,NA,NA
1002701950,NA,NA
1002701960,NA,NA
1002701960,NA,NA
1002701960,NA,NA
1002701960,NA,NA
1002701960,NA,NA
1002701960,NA,NA
1002701960,NA,NA
1002701960,NA,NA
1002701960,NA,NA
1002701960,NA,NA
1002701960,NA,NA
1002701960,NA,NA
1002701960,NA,NA
1002701960,NA,NA
1002701960,NA,NA
1002701970,NA,NA
1002701970,NA,NA
1002701970,NA,NA
1002701970,NA,NA
1002701970,NA,NA
1002701970,NA,NA
1002701970,NA,NA
1002701970,NA,NA
1002701970,NA,NA
1002701970,NA,NA
1002701970,NA,NA
1002701970,NA,NA
1002701970,NA,NA
1002701970,NA,NA
1002701970,NA,NA
1002701980,NA,NA
1002701980,NA,NA
1002701980,NA,NA
1002701980,NA,NA
1002701980,NA,NA
1002701980,NA,NA
1002701980,NA,NA
1002701980,NA,NA
1002701980,NA,NA
1002701980,NA,NA
1002701980,NA,NA
1002701980,NA,NA
1002701980,NA,NA
1002701980,NA,NA
1002701980,NA,NA
1002701990,NA,NA
1002701990,NA,NA
1002701990,NA,NA
1002701990,NA,NA
1002701990,NA,NA
1002701990,NA,NA
1002701990,NA,NA
1002701990,NA,NA
1002701990,NA,NA
1002701990,NA,NA
1002701990,NA,NA
1002701990,NA,NA
1002701990,NA,NA
1002701990,NA,NA
1002701990,NA,NA
1002702000,NA,NA
1002702000,NA,NA
1002702000,NA,NA
1002702000,NA,NA
1002702000,NA,NA
1002702000,NA,NA
1002702000,NA,NA
1002702000,NA,NA
1002702000,NA,NA
1002702000,NA,NA
1002702000,NA,NA
1002702000,NA,NA
1002702000,NA,NA
1002702000,NA,NA
1002702000,NA,NA
1002801940,NA,NA
1002801940,NA,NA
1002801940,NA,NA
1002801940,NA,NA
1002801940,NA,NA
1002801940,NA,NA
1002801940,NA,NA
1002801940,NA,NA
1002801940,NA,NA
1002801940,NA,NA
1002801940,NA,NA
1002801940,NA,NA
1002801940,NA,NA
1002801940,NA,NA
1002801940,NA,NA
1002801950,NA,NA
1002801950,NA,NA
1002801950,NA,NA
1002801950,NA,NA
1002801950,NA,NA
1002801950,NA,NA
1002801950,NA,NA
1002801950,NA,NA
1002801950,NA,NA
1002801950,NA,NA
1002801950,NA,NA
1002801950,NA,NA
1002801950,NA,NA
1002801950,NA,NA
1002801950,NA,NA
1002802080,NA,NA
1002802080,NA,NA
1002802080,NA,NA
1002802080,NA,NA
1002802080,NA,NA
1002802080,NA,NA
1002802080,NA,NA
1002802080,NA,NA
1002802080,NA,NA
1002802080,NA,NA
1002802080,NA,NA
1002802080,NA,NA
1002802080,NA,NA
1002802080,NA,NA
1002802080,NA,NA
1002802090,NA,NA
1002802090,NA,NA
1002802090,NA,NA
1002802090,NA,NA
1002802090,NA,NA
1002802090,NA,NA
1002802090,NA,NA
1002802090,NA,NA
1002802090,NA,NA
1002802090,NA,NA
1002802090,NA,NA
1002802090,NA,NA
1002802090,NA,NA
1002802090,NA,NA
1002802090,NA,NA
1002802100,NA,NA
1002802100,NA,NA
1002802100,NA,NA
1002802100,NA,NA
1002802100,NA,NA
1002802100,NA,NA
1002802100,NA,NA
1002802100,NA,NA
1002802100,NA,NA
1002802100,NA,NA
1002802100,NA,NA
1002802100,NA,NA
1002802100,NA,NA
1002802100,NA,NA
1002802100,NA,NA
1002802110,NA,NA
1002802110,NA,NA
1002802110,NA,NA
1002802110,NA,NA
1002802110,NA,NA
1002802110,NA,NA
1002802110,NA,NA
1002802110,NA,NA
1002802110,NA,NA
1002802110,NA,NA
1002802110,NA,NA
1002802110,NA,NA
1002802110,NA,NA
1002802110,NA,NA
1002802110,NA,NA
1002802120,NA,NA
1002802120,NA,NA
1002802120,NA,NA
1002802120,NA,NA
1002802120,NA,NA
1002802120,NA,NA
1002802120,NA,NA
1002802120,NA,NA
1002802120,NA,NA
1002802120,NA,NA
1002802120,NA,NA
1002802120,NA,NA
1002802120,NA,NA
1002802120,NA,NA
1002802120,NA,NA
1002802130,NA,NA
1002802130,NA,NA
1002802130,NA,NA
1002802130,NA,NA
1002802130,NA,NA
1002802130,NA,NA
1002802130,NA,NA
1002802130,NA,NA
1002802130,NA,NA
1002802130,NA,NA
1002802130,NA,NA
1002802130,NA,NA
1002802130,NA,NA
1002802130,NA,NA
1002802130,NA,NA
1002802140,NA,NA
1002802140,NA,NA
1002802140,NA,NA
1002802140,NA,NA
1002802140,NA,NA
1002802140,NA,NA
1002802140,NA,NA
1002802140,NA,NA
1002802140,NA,NA
1002802140,NA,NA
1002802140,NA,NA
1002802140,NA,NA
1002802140,NA,NA
1002802140,NA,NA
1002802140,NA,NA
1002901870,NA,NA
1002901870,NA,NA
1002901870,NA,NA
1002901870,NA,NA
1002901870,NA,NA
1002901870,NA,NA
1002901870,NA,NA
1002901870,NA,NA
1002901870,NA,NA
1002901870,NA,NA
1002901870,NA,NA
1002901870,NA,NA
1002901870,NA,NA
1002901870,NA,NA
1002901870,NA,NA
1002901940,NA,NA
1002901940,NA,NA
1002901940,NA,NA
1002901940,NA,NA
1002901940,NA,NA
1002901940,NA,NA
1002901940,NA,NA
1002901940,NA,NA
1002901940,NA,NA
1002901940,NA,NA
1002901940,NA,NA
1002901940,NA,NA
1002901940,NA,NA
1002901940,NA,NA
1002901940,NA,NA
1002901950,NA,NA
1002901950,NA,NA
1002901950,NA,NA
1002901950,NA,NA
1002901950,NA,NA
1002901950,NA,NA
1002901950,NA,NA
1002901950,NA,NA
1002901950,NA,NA
1002901950,NA,NA
1002901950,NA,NA
1002901950,NA,NA
1002901950,NA,NA
1002901950,NA,NA
1002901950,NA,NA
1002901960,NA,NA
1002901960,NA,NA
1002901960,NA,NA
1002901960,NA,NA
1002901960,NA,NA
1002901960,NA,NA
1002901960,NA,NA
1002901960,NA,NA
1002901960,NA,NA
1002901960,NA,NA
1002901960,NA,NA
1002901960,NA,NA
1002901960,NA,NA
1002901960,NA,NA
1002901960,NA,NA
1002901970,NA,NA
1002901970,NA,NA
1002901970,NA,NA
1002901970,NA,NA
1002901970,NA,NA
1002901970,NA,NA
1002901970,NA,NA
1002901970,NA,NA
1002901970,NA,NA
1002901970,NA,NA
1002901970,NA,NA
1002901970,NA,NA
1002901970,NA,NA
1002901970,NA,NA
1002901970,NA,NA
1002901980,NA,NA
1002901980,NA,NA
1002901980,NA,NA
1002901980,NA,NA
1002901980,NA,NA
1002901980,NA,NA
1002901980,NA,NA
1002901980,NA,NA
1002901980,NA,NA
1002901980,NA,NA
1002901980,NA,NA
1002901980,NA,NA
1002901980,NA,NA
1002901980,NA,NA
1002901980,NA,NA
1002902070,NA,NA
1002902070,NA,NA
1002902070,NA,NA
1002902070,NA,NA
1002902070,NA,NA
1002902070,NA,NA
1002902070,NA,NA
1002902070,NA,NA
1002902070,NA,NA
1002902070,NA,NA
1002902070,NA,NA
1002902070,NA,NA
1002902070,NA,NA
1002902070,NA,NA
1002902070,NA,NA
1002902080,NA,NA
1002902080,NA,NA
1002902080,NA,NA
1002902080,NA,NA
1002902080,NA,NA
1002902080,NA,NA
1002902080,NA,NA
1002902080,NA,NA
1002902080,NA,NA
1002902080,NA,NA
1002902080,NA,NA
1002902080,NA,NA
1002902080,NA,NA
1002902080,NA,NA
1002902080,NA,NA
1002902090,NA,NA
1002902090,NA,NA
1002902090,NA,NA
1002902090,NA,NA
1002902090,NA,NA
1002902090,NA,NA
1002902090,NA,NA
1002902090,NA,NA
1002902090,NA,NA
1002902090,NA,NA
1002902090,NA,NA
1002902090,NA,NA
1002902090,NA,NA
1002902090,NA,NA
1002902090,NA,NA
1002902100,NA,NA
1002902100,NA,NA
1002902100,NA,NA
1002902100,NA,NA
1002902100,NA,NA
1002902100,NA,NA
1002902100,NA,NA
1002902100,NA,NA
1002902100,NA,NA
1002902100,NA,NA
1002902100,NA,NA
1002902100,NA,NA
1002902100,NA,NA
1002902100,NA,NA
1002902100,NA,NA
1002902110,NA,NA
1002902110,NA,NA
1002902110,NA,NA
1002902110,NA,NA
1002902110,NA,NA
1002902110,NA,NA
1002902110,NA,NA
1002902110,NA,NA
1002902110,NA,NA
1002902110,NA,NA
1002902110,NA,NA
1002902110,NA,NA
1002902110,NA,NA
1002902110,NA,NA
1002902110,NA,NA
1002902120,NA,NA
1002902120,NA,NA
1002902120,NA,NA
1002902120,NA,NA
1002902120,NA,NA
1002902120,NA,NA
1002902120,NA,NA
1002902120,NA,NA
1002902120,NA,NA
1002902120,NA,NA
1002902120,NA,NA
1002902120,NA,NA
1002902120,NA,NA
1002902120,NA,NA
1002902120,NA,NA
1002902130,NA,NA
1002902130,NA,NA
1002902130,NA,NA
1002902130,NA,NA
1002902130,NA,NA
1002902130,NA,NA
1002902130,NA,NA
1002902130,NA,NA
1002902130,NA,NA
1002902130,NA,NA
1002902130,NA,NA
1002902130,NA,NA
1002902130,NA,NA
1002902130,NA,NA
1002902130,NA,NA
1002902140,NA,NA
1002902140,NA,NA
1002902140,NA,NA
1002902140,NA,NA
1002902140,NA,NA
1002902140,NA,NA
1002902140,NA,NA
1002902140,NA,NA
1002902140,NA,NA
1002902140,NA,NA
1002902140,NA,NA
1002902140,NA,NA
1002902140,NA,NA
1002902140,NA,NA
1002902140,NA,NA
1002902150,NA,NA
1002902150,NA,NA
1002902150,NA,NA
1002902150,NA,NA
1002902150,NA,NA
1002902150,NA,NA
1002902150,NA,NA
1002902150,NA,NA
1002902150,NA,NA
1002902150,NA,NA
1002902150,NA,NA
1002902150,NA,NA
1002902150,NA,NA
1002902150,NA,NA
1002902150,NA,NA
1002902160,NA,NA
1002902160,NA,NA
1002902160,NA,NA
1002902160,NA,NA
1002902160,NA,NA
1002902160,NA,NA
1002902160,NA,NA
1002902160,NA,NA
1002902160,NA,NA
1002902160,NA,NA
1002902160,NA,NA
1002902160,NA,NA
1002902160,NA,NA
1002902160,NA,NA
1002902160,NA,NA
1002902190,NA,NA
1002902190,NA,NA
1002902190,NA,NA
1002902190,NA,NA
1002902190,NA,NA
1002902190,NA,NA
1002902190,NA,NA
1002902190,NA,NA
1002902190,NA,NA
1002902190,NA,NA
1002902190,NA,NA
1002902190,NA,NA
1002902190,NA,NA
1002902190,NA,NA
1002902190,NA,NA
1003001870,NA,NA
1003001870,NA,NA
1003001870,NA,NA
1003001870,NA,NA
1003001870,NA,NA
1003001870,NA,NA
1003001870,NA,NA
1003001870,NA,NA
1003001870,NA,NA
1003001870,NA,NA
1003001870,NA,NA
1003001870,NA,NA
1003001870,NA,NA
1003001870,NA,NA
1003001870,NA,NA
1003001880,NA,NA
1003001880,NA,NA
1003001880,NA,NA
1003001880,NA,NA
1003001880,NA,NA
1003001880,NA,NA
1003001880,NA,NA
1003001880,NA,NA
1003001880,NA,NA
1003001880,NA,NA
1003001880,NA,NA
1003001880,NA,NA
1003001880,NA,NA
1003001880,NA,NA
1003001880,NA,NA
1003001920,NA,NA
1003001920,NA,NA
1003001920,NA,NA
1003001920,NA,NA
1003001920,NA,NA
1003001920,NA,NA
1003001920,NA,NA
1003001920,NA,NA
1003001920,NA,NA
1003001920,NA,NA
1003001920,NA,NA
1003001920,NA,NA
1003001920,NA,NA
1003001920,NA,NA
1003001920,NA,NA
1003001930,NA,NA
1003001930,NA,NA
1003001930,NA,NA
1003001930,NA,NA
1003001930,NA,NA
1003001930,NA,NA
1003001930,NA,NA
1003001930,NA,NA
1003001930,NA,NA
1003001930,NA,NA
1003001930,NA,NA
1003001930,NA,NA
1003001930,NA,NA
1003001930,NA,NA
1003001930,NA,NA
1003001940,NA,NA
1003001940,NA,NA
1003001940,NA,NA
1003001940,NA,NA
1003001940,NA,NA
1003001940,NA,NA
1003001940,NA,NA
1003001940,NA,NA
1003001940,NA,NA
1003001940,NA,NA
1003001940,NA,NA
1003001940,NA,NA
1003001940,NA,NA
1003001940,NA,NA
1003001940,NA,NA
1003001950,NA,NA
1003001950,NA,NA
1003001950,NA,NA
1003001950,NA,NA
1003001950,NA,NA
1003001950,NA,NA
1003001950,NA,NA
1003001950,NA,NA
1003001950,NA,NA
1003001950,NA,NA
1003001950,NA,NA
1003001950,NA,NA
1003001950,NA,NA
1003001950,NA,NA
1003001950,NA,NA
1003001960,NA,NA
1003001960,NA,NA
1003001960,NA,NA
1003001960,NA,NA
1003001960,NA,NA
1003001960,NA,NA
1003001960,NA,NA
1003001960,NA,NA
1003001960,NA,NA
1003001960,NA,NA
1003001960,NA,NA
1003001960,NA,NA
1003001960,NA,NA
1003001960,NA,NA
1003001960,NA,NA
1003001970,NA,NA
1003001970,NA,NA
1003001970,NA,NA
1003001970,NA,NA
1003001970,NA,NA
1003001970,NA,NA
1003001970,NA,NA
1003001970,NA,NA
1003001970,NA,NA
1003001970,NA,NA
1003001970,NA,NA
1003001970,NA,NA
1003001970,NA,NA
1003001970,NA,NA
1003001970,NA,NA
1003001980,NA,NA
1003001980,NA,NA
1003001980,NA,NA
1003001980,NA,NA
1003001980,NA,NA
1003001980,NA,NA
1003001980,NA,NA
1003001980,NA,NA
1003001980,NA,NA
1003001980,NA,NA
1003001980,NA,NA
1003001980,NA,NA
1003001980,NA,NA
1003001980,NA,NA
1003001980,NA,NA
1003001990,NA,NA
1003001990,NA,NA
1003001990,NA,NA
1003001990,NA,NA
1003001990,NA,NA
1003001990,NA,NA
1003001990,NA,NA
1003001990,NA,NA
1003001990,NA,NA
1003001990,NA,NA
1003001990,NA,NA
1003001990,NA,NA
1003001990,NA,NA
1003001990,NA,NA
1003001990,NA,NA
1003002000,NA,NA
1003002000,NA,NA
1003002000,NA,NA
1003002000,NA,NA
1003002000,NA,NA
1003002000,NA,NA
1003002000,NA,NA
1003002000,NA,NA
1003002000,NA,NA
1003002000,NA,NA
1003002000,NA,NA
1003002000,NA,NA
1003002000,NA,NA
1003002000,NA,NA
1003002000,NA,NA
1003002010,NA,NA
1003002010,NA,NA
1003002010,NA,NA
1003002010,NA,NA
1003002010,NA,NA
1003002010,NA,NA
1003002010,NA,NA
1003002010,NA,NA
1003002010,NA,NA
1003002010,NA,NA
1003002010,NA,NA
1003002010,NA,NA
1003002010,NA,NA
1003002010,NA,NA
1003002010,NA,NA
1003002020,NA,NA
1003002020,NA,NA
1003002020,NA,NA
1003002020,NA,NA
1003002020,NA,NA
1003002020,NA,NA
1003002020,NA,NA
1003002020,NA,NA
1003002020,NA,NA
1003002020,NA,NA
1003002020,NA,NA
1003002020,NA,NA
1003002020,NA,NA
1003002020,NA,NA
1003002020,NA,NA
1003002030,NA,NA
1003002030,NA,NA
1003002030,NA,NA
1003002030,NA,NA
1003002030,NA,NA
1003002030,NA,NA
1003002030,NA,NA
1003002030,NA,NA
1003002030,NA,NA
1003002030,NA,NA
1003002030,NA,NA
1003002030,NA,NA
1003002030,NA,NA
1003002030,NA,NA
1003002030,NA,NA
1003002050,NA,NA
1003002050,NA,NA
1003002050,NA,NA
1003002050,NA,NA
1003002050,NA,NA
1003002050,NA,NA
1003002050,NA,NA
1003002050,NA,NA
1003002050,NA,NA
1003002050,NA,NA
1003002050,NA,NA
1003002050,NA,NA
1003002050,NA,NA
1003002050,NA,NA
1003002050,NA,NA
1003002060,NA,NA
1003002060,NA,NA
1003002060,NA,NA
1003002060,NA,NA
1003002060,NA,NA
1003002060,NA,NA
1003002060,NA,NA
1003002060,NA,NA
1003002060,NA,NA
1003002060,NA,NA
1003002060,NA,NA
1003002060,NA,NA
1003002060,NA,NA
1003002060,NA,NA
1003002060,NA,NA
1003002070,NA,NA
1003002070,NA,NA
1003002070,NA,NA
1003002070,NA,NA
1003002070,NA,NA
1003002070,NA,NA
1003002070,NA,NA
1003002070,NA,NA
1003002070,NA,NA
1003002070,NA,NA
1003002070,NA,NA
1003002070,NA,NA
1003002070,NA,NA
1003002070,NA,NA
1003002070,NA,NA
1003002080,NA,NA
1003002080,NA,NA
1003002080,NA,NA
1003002080,NA,NA
1003002080,NA,NA
1003002080,NA,NA
1003002080,NA,NA
1003002080,NA,NA
1003002080,NA,NA
1003002080,NA,NA
1003002080,NA,NA
1003002080,NA,NA
1003002080,NA,NA
1003002080,NA,NA
1003002080,NA,NA
1003002090,NA,NA
1003002090,NA,NA
1003002090,NA,NA
1003002090,NA,NA
1003002090,NA,NA
1003002090,NA,NA
1003002090,NA,NA
1003002090,NA,NA
1003002090,NA,NA
1003002090,NA,NA
1003002090,NA,NA
1003002090,NA,NA
1003002090,NA,NA
1003002090,NA,NA
1003002090,NA,NA
1003002100,NA,NA
1003002100,NA,NA
1003002100,NA,NA
1003002100,NA,NA
1003002100,NA,NA
1003002100,NA,NA
1003002100,NA,NA
1003002100,NA,NA
1003002100,NA,NA
1003002100,NA,NA
1003002100,NA,NA
1003002100,NA,NA
1003002100,NA,NA
1003002100,NA,NA
1003002100,NA,NA
1003002110,NA,NA
1003002110,NA,NA
1003002110,NA,NA
1003002110,NA,NA
1003002110,NA,NA
1003002110,NA,NA
1003002110,NA,NA
1003002110,NA,NA
1003002110,NA,NA
1003002110,NA,NA
1003002110,NA,NA
1003002110,NA,NA
1003002110,NA,NA
1003002110,NA,NA
1003002110,NA,NA
1003002120,NA,NA
1003002120,NA,NA
1003002120,NA,NA
1003002120,NA,NA
1003002120,NA,NA
1003002120,NA,NA
1003002120,NA,NA
1003002120,NA,NA
1003002120,NA,NA
1003002120,NA,NA
1003002120,NA,NA
1003002120,NA,NA
1003002120,NA,NA
1003002120,NA,NA
1003002120,NA,NA
1003002130,NA,NA
1003002130,NA,NA
1003002130,NA,NA
1003002130,NA,NA
1003002130,NA,NA
1003002130,NA,NA
1003002130,NA,NA
1003002130,NA,NA
1003002130,NA,NA
1003002130,NA,NA
1003002130,NA,NA
1003002130,NA,NA
1003002130,NA,NA
1003002130,NA,NA
1003002130,NA,NA
1003002140,NA,NA
1003002140,NA,NA
1003002140,NA,NA
1003002140,NA,NA
1003002140,NA,NA
1003002140,NA,NA
1003002140,NA,NA
1003002140,NA,NA
1003002140,NA,NA
1003002140,NA,NA
1003002140,NA,NA
1003002140,NA,NA
1003002140,NA,NA
1003002140,NA,NA
1003002140,NA,NA
1003002150,NA,NA
1003002150,NA,NA
1003002150,NA,NA
1003002150,NA,NA
1003002150,NA,NA
1003002150,NA,NA
1003002150,NA,NA
1003002150,NA,NA
1003002150,NA,NA
1003002150,NA,NA
1003002150,NA,NA
1003002150,NA,NA
1003002150,NA,NA
1003002150,NA,NA
1003002150,NA,NA
1003002160,NA,NA
1003002160,NA,NA
1003002160,NA,NA
1003002160,NA,NA
1003002160,NA,NA
1003002160,NA,NA
1003002160,NA,NA
1003002160,NA,NA
1003002160,NA,NA
1003002160,NA,NA
1003002160,NA,NA
1003002160,NA,NA
1003002160,NA,NA
1003002160,NA,NA
1003002160,NA,NA
1003002170,NA,NA
1003002170,NA,NA
1003002170,NA,NA
1003002170,NA,NA
1003002170,NA,NA
1003002170,NA,NA
1003002170,NA,NA
1003002170,NA,NA
1003002170,NA,NA
1003002170,NA,NA
1003002170,NA,NA
1003002170,NA,NA
1003002170,NA,NA
1003002170,NA,NA
1003002170,NA,NA
1003002180,NA,NA
1003002180,NA,NA
1003002180,NA,NA
1003002180,NA,NA
1003002180,NA,NA
1003002180,NA,NA
1003002180,NA,NA
1003002180,NA,NA
1003002180,NA,NA
1003002180,NA,NA
1003002180,NA,NA
1003002180,NA,NA
1003002180,NA,NA
1003002180,NA,NA
1003002180,NA,NA
1003002190,NA,NA
1003002190,NA,NA
1003002190,NA,NA
1003002190,NA,NA
1003002190,NA,NA
1003002190,NA,NA
1003002190,NA,NA
1003002190,NA,NA
1003002190,NA,NA
1003002190,NA,NA
1003002190,NA,NA
1003002190,NA,NA
1003002190,NA,NA
1003002190,NA,NA
1003002190,NA,NA
1003002200,NA,NA
1003002200,NA,NA
1003002200,NA,NA
1003002200,NA,NA
1003002200,NA,NA
1003002200,NA,NA
1003002200,NA,NA
1003002200,NA,NA
1003002200,NA,NA
1003002200,NA,NA
1003002200,NA,NA
1003002200,NA,NA
1003002200,NA,NA
1003002200,NA,NA
1003002200,NA,NA
1003002210,NA,NA
1003002210,NA,NA
1003002210,NA,NA
1003002210,NA,NA
1003002210,NA,NA
1003002210,NA,NA
1003002210,NA,NA
1003002210,NA,NA
1003002210,NA,NA
1003002210,NA,NA
1003002210,NA,NA
1003002210,NA,NA
1003002210,NA,NA
1003002210,NA,NA
1003002210,NA,NA
1003002220,NA,NA
1003002220,NA,NA
1003002220,NA,NA
1003002220,NA,NA
1003002220,NA,NA
1003002220,NA,NA
1003002220,NA,NA
1003002220,NA,NA
1003002220,NA,NA
1003002220,NA,NA
1003002220,NA,NA
1003002220,NA,NA
1003002220,NA,NA
1003002220,NA,NA
1003002220,NA,NA
1003002240,NA,NA
1003002240,NA,NA
1003002240,NA,NA
1003002240,NA,NA
1003002240,NA,NA
1003002240,NA,NA
1003002240,NA,NA
1003002240,NA,NA
1003002240,NA,NA
1003002240,NA,NA
1003002240,NA,NA
1003002240,NA,NA
1003002240,NA,NA
1003002240,NA,NA
1003002240,NA,NA
1003002250,NA,NA
1003002250,NA,NA
1003002250,NA,NA
1003002250,NA,NA
1003002250,NA,NA
1003002250,NA,NA
1003002250,NA,NA
1003002250,NA,NA
1003002250,NA,NA
1003002250,NA,NA
1003002250,NA,NA
1003002250,NA,NA
1003002250,NA,NA
1003002250,NA,NA
1003002250,NA,NA
1003101980,NA,NA
1003101980,NA,NA
1003101980,NA,NA
1003101980,NA,NA
1003101980,NA,NA
1003101980,NA,NA
1003101980,NA,NA
1003101980,NA,NA
1003101980,NA,NA
1003101980,NA,NA
1003101980,NA,NA
1003101980,NA,NA
1003101980,NA,NA
1003101980,NA,NA
1003101980,NA,NA
1003101990,NA,NA
1003101990,NA,NA
1003101990,NA,NA
1003101990,NA,NA
1003101990,NA,NA
1003101990,NA,NA
1003101990,NA,NA
1003101990,NA,NA
1003101990,NA,NA
1003101990,NA,NA
1003101990,NA,NA
1003101990,NA,NA
1003101990,NA,NA
1003101990,NA,NA
1003101990,NA,NA
1003102000,NA,NA
1003102000,NA,NA
1003102000,NA,NA
1003102000,NA,NA
1003102000,NA,NA
1003102000,NA,NA
1003102000,NA,NA
1003102000,NA,NA
1003102000,NA,NA
1003102000,NA,NA
1003102000,NA,NA
1003102000,NA,NA
1003102000,NA,NA
1003102000,NA,NA
1003102000,NA,NA
1003102010,NA,NA
1003102010,NA,NA
1003102010,NA,NA
1003102010,NA,NA
1003102010,NA,NA
1003102010,NA,NA
1003102010,NA,NA
1003102010,NA,NA
1003102010,NA,NA
1003102010,NA,NA
1003102010,NA,NA
1003102010,NA,NA
1003102010,NA,NA
1003102010,NA,NA
1003102010,NA,NA
1003102020,NA,NA
1003102020,NA,NA
1003102020,NA,NA
1003102020,NA,NA
1003102020,NA,NA
1003102020,NA,NA
1003102020,NA,NA
1003102020,NA,NA
1003102020,NA,NA
1003102020,NA,NA
1003102020,NA,NA
1003102020,NA,NA
1003102020,NA,NA
1003102020,NA,NA
1003102020,NA,NA
1003102030,NA,NA
1003102030,NA,NA
1003102030,NA,NA
1003102030,NA,NA
1003102030,NA,NA
1003102030,NA,NA
1003102030,NA,NA
1003102030,NA,NA
1003102030,NA,NA
1003102030,NA,NA
1003102030,NA,NA
1003102030,NA,NA
1003102030,NA,NA
1003102030,NA,NA
1003102030,NA,NA
1003102040,NA,NA
1003102040,NA,NA
1003102040,NA,NA
1003102040,NA,NA
1003102040,NA,NA
1003102040,NA,NA
1003102040,NA,NA
1003102040,NA,NA
1003102040,NA,NA
1003102040,NA,NA
1003102040,NA,NA
1003102040,NA,NA
1003102040,NA,NA
1003102040,NA,NA
1003102040,NA,NA
1003102050,NA,NA
1003102050,NA,NA
1003102050,NA,NA
1003102050,NA,NA
1003102050,NA,NA
1003102050,NA,NA
1003102050,NA,NA
1003102050,NA,NA
1003102050,NA,NA
1003102050,NA,NA
1003102050,NA,NA
1003102050,NA,NA
1003102050,NA,NA
1003102050,NA,NA
1003102050,NA,NA
1003102060,NA,NA
1003102060,NA,NA
1003102060,NA,NA
1003102060,NA,NA
1003102060,NA,NA
1003102060,NA,NA
1003102060,NA,NA
1003102060,NA,NA
1003102060,NA,NA
1003102060,NA,NA
1003102060,NA,NA
1003102060,NA,NA
1003102060,NA,NA
1003102060,NA,NA
1003102060,NA,NA
1003102070,NA,NA
1003102070,NA,NA
1003102070,NA,NA
1003102070,NA,NA
1003102070,NA,NA
1003102070,NA,NA
1003102070,NA,NA
1003102070,NA,NA
1003102070,NA,NA
1003102070,NA,NA
1003102070,NA,NA
1003102070,NA,NA
1003102070,NA,NA
1003102070,NA,NA
1003102070,NA,NA
1003102080,NA,NA
1003102080,NA,NA
1003102080,NA,NA
1003102080,NA,NA
1003102080,NA,NA
1003102080,NA,NA
1003102080,NA,NA
1003102080,NA,NA
1003102080,NA,NA
1003102080,NA,NA
1003102080,NA,NA
1003102080,NA,NA
1003102080,NA,NA
1003102080,NA,NA
1003102080,NA,NA
1003102090,NA,NA
1003102090,NA,NA
1003102090,NA,NA
1003102090,NA,NA
1003102090,NA,NA
1003102090,NA,NA
1003102090,NA,NA
1003102090,NA,NA
1003102090,NA,NA
1003102090,NA,NA
1003102090,NA,NA
1003102090,NA,NA
1003102090,NA,NA
1003102090,NA,NA
1003102090,NA,NA
1003102100,NA,NA
1003102100,NA,NA
1003102100,NA,NA
1003102100,NA,NA
1003102100,NA,NA
1003102100,NA,NA
1003102100,NA,NA
1003102100,NA,NA
1003102100,NA,NA
1003102100,NA,NA
1003102100,NA,NA
1003102100,NA,NA
1003102100,NA,NA
1003102100,NA,NA
1003102100,NA,NA
1003102130,NA,NA
1003102130,NA,NA
1003102130,NA,NA
1003102130,NA,NA
1003102130,NA,NA
1003102130,NA,NA
1003102130,NA,NA
1003102130,NA,NA
1003102130,NA,NA
1003102130,NA,NA
1003102130,NA,NA
1003102130,NA,NA
1003102130,NA,NA
1003102130,NA,NA
1003102130,NA,NA
1003102140,NA,NA
1003102140,NA,NA
1003102140,NA,NA
1003102140,NA,NA
1003102140,NA,NA
1003102140,NA,NA
1003102140,NA,NA
1003102140,NA,NA
1003102140,NA,NA
1003102140,NA,NA
1003102140,NA,NA
1003102140,NA,NA
1003102140,NA,NA
1003102140,NA,NA
1003102140,NA,NA
1003102200,NA,NA
1003102200,NA,NA
1003102200,NA,NA
1003102200,NA,NA
1003102200,NA,NA
1003102200,NA,NA
1003102200,NA,NA
1003102200,NA,NA
1003102200,NA,NA
1003102200,NA,NA
1003102200,NA,NA
1003102200,NA,NA
1003102200,NA,NA
1003102200,NA,NA
1003102200,NA,NA
1003102210,NA,NA
1003102210,NA,NA
1003102210,NA,NA
1003102210,NA,NA
1003102210,NA,NA
1003102210,NA,NA
1003102210,NA,NA
1003102210,NA,NA
1003102210,NA,NA
1003102210,NA,NA
1003102210,NA,NA
1003102210,NA,NA
1003102210,NA,NA
1003102210,NA,NA
1003102210,NA,NA
1003102220,NA,NA
1003102220,NA,NA
1003102220,NA,NA
1003102220,NA,NA
1003102220,NA,NA
1003102220,NA,NA
1003102220,NA,NA
1003102220,NA,NA
1003102220,NA,NA
1003102220,NA,NA
1003102220,NA,NA
1003102220,NA,NA
1003102220,NA,NA
1003102220,NA,NA
1003102220,NA,NA
1003102230,NA,NA
1003102230,NA,NA
1003102230,NA,NA
1003102230,NA,NA
1003102230,NA,NA
1003102230,NA,NA
1003102230,NA,NA
1003102230,NA,NA
1003102230,NA,NA
1003102230,NA,NA
1003102230,NA,NA
1003102230,NA,NA
1003102230,NA,NA
1003102230,NA,NA
1003102230,NA,NA
1003102240,NA,NA
1003102240,NA,NA
1003102240,NA,NA
1003102240,NA,NA
1003102240,NA,NA
1003102240,NA,NA
1003102240,NA,NA
1003102240,NA,NA
1003102240,NA,NA
1003102240,NA,NA
1003102240,NA,NA
1003102240,NA,NA
1003102240,NA,NA
1003102240,NA,NA
1003102240,NA,NA
1003102250,NA,NA
1003102250,NA,NA
1003102250,NA,NA
1003102250,NA,NA
1003102250,NA,NA
1003102250,NA,NA
1003102250,NA,NA
1003102250,NA,NA
1003102250,NA,NA
1003102250,NA,NA
1003102250,NA,NA
1003102250,NA,NA
1003102250,NA,NA
1003102250,NA,NA
1003102250,NA,NA
1003102260,NA,NA
1003102260,NA,NA
1003102260,NA,NA
1003102260,NA,NA
1003102260,NA,NA
1003102260,NA,NA
1003102260,NA,NA
1003102260,NA,NA
1003102260,NA,NA
1003102260,NA,NA
1003102260,NA,NA
1003102260,NA,NA
1003102260,NA,NA
1003102260,NA,NA
1003102260,NA,NA
1003201980,NA,NA
1003201980,NA,NA
1003201980,NA,NA
1003201980,NA,NA
1003201980,NA,NA
1003201980,NA,NA
1003201980,NA,NA
1003201980,NA,NA
1003201980,NA,NA
1003201980,NA,NA
1003201980,NA,NA
1003201980,NA,NA
1003201980,NA,NA
1003201980,NA,NA
1003201980,NA,NA
1003201990,NA,NA
1003201990,NA,NA
1003201990,NA,NA
1003201990,NA,NA
1003201990,NA,NA
1003201990,NA,NA
1003201990,NA,NA
1003201990,NA,NA
1003201990,NA,NA
1003201990,NA,NA
1003201990,NA,NA
1003201990,NA,NA
1003201990,NA,NA
1003201990,NA,NA
1003201990,NA,NA
1003202010,NA,NA
1003202010,NA,NA
1003202010,NA,NA
1003202010,NA,NA
1003202010,NA,NA
1003202010,NA,NA
1003202010,NA,NA
1003202010,NA,NA
1003202010,NA,NA
1003202010,NA,NA
1003202010,NA,NA
1003202010,NA,NA
1003202010,NA,NA
1003202010,NA,NA
1003202010,NA,NA
1003202020,NA,NA
1003202020,NA,NA
1003202020,NA,NA
1003202020,NA,NA
1003202020,NA,NA
1003202020,NA,NA
1003202020,NA,NA
1003202020,NA,NA
1003202020,NA,NA
1003202020,NA,NA
1003202020,NA,NA
1003202020,NA,NA
1003202020,NA,NA
1003202020,NA,NA
1003202020,NA,NA
1003202030,NA,NA
1003202030,NA,NA
1003202030,NA,NA
1003202030,NA,NA
1003202030,NA,NA
1003202030,NA,NA
1003202030,NA,NA
1003202030,NA,NA
1003202030,NA,NA
1003202030,NA,NA
1003202030,NA,NA
1003202030,NA,NA
1003202030,NA,NA
1003202030,NA,NA
1003202030,NA,NA
1003202040,NA,NA
1003202040,NA,NA
1003202040,NA,NA
1003202040,NA,NA
1003202040,NA,NA
1003202040,NA,NA
1003202040,NA,NA
1003202040,NA,NA
1003202040,NA,NA
1003202040,NA,NA
1003202040,NA,NA
1003202040,NA,NA
1003202040,NA,NA
1003202040,NA,NA
1003202040,NA,NA
1003202050,NA,NA
1003202050,NA,NA
1003202050,NA,NA
1003202050,NA,NA
1003202050,NA,NA
1003202050,NA,NA
1003202050,NA,NA
1003202050,NA,NA
1003202050,NA,NA
1003202050,NA,NA
1003202050,NA,NA
1003202050,NA,NA
1003202050,NA,NA
1003202050,NA,NA
1003202050,NA,NA
1003202060,NA,NA
1003202060,NA,NA
1003202060,NA,NA
1003202060,NA,NA
1003202060,NA,NA
1003202060,NA,NA
1003202060,NA,NA
1003202060,NA,NA
1003202060,NA,NA
1003202060,NA,NA
1003202060,NA,NA
1003202060,NA,NA
1003202060,NA,NA
1003202060,NA,NA
1003202060,NA,NA
1003202070,NA,NA
1003202070,NA,NA
1003202070,NA,NA
1003202070,NA,NA
1003202070,NA,NA
1003202070,NA,NA
1003202070,NA,NA
1003202070,NA,NA
1003202070,NA,NA
1003202070,NA,NA
1003202070,NA,NA
1003202070,NA,NA
1003202070,NA,NA
1003202070,NA,NA
1003202070,NA,NA
1003202080,NA,NA
1003202080,NA,NA
1003202080,NA,NA
1003202080,NA,NA
1003202080,NA,NA
1003202080,NA,NA
1003202080,NA,NA
1003202080,NA,NA
1003202080,NA,NA
1003202080,NA,NA
1003202080,NA,NA
1003202080,NA,NA
1003202080,NA,NA
1003202080,NA,NA
1003202080,NA,NA
1003202220,NA,NA
1003202220,NA,NA
1003202220,NA,NA
1003202220,NA,NA
1003202220,NA,NA
1003202220,NA,NA
1003202220,NA,NA
1003202220,NA,NA
1003202220,NA,NA
1003202220,NA,NA
1003202220,NA,NA
1003202220,NA,NA
1003202220,NA,NA
1003202220,NA,NA
1003202220,NA,NA
1003202230,NA,NA
1003202230,NA,NA
1003202230,NA,NA
1003202230,NA,NA
1003202230,NA,NA
1003202230,NA,NA
1003202230,NA,NA
1003202230,NA,NA
1003202230,NA,NA
1003202230,NA,NA
1003202230,NA,NA
1003202230,NA,NA
1003202230,NA,NA
1003202230,NA,NA
1003202230,NA,NA
1003202240,NA,NA
1003202240,NA,NA
1003202240,NA,NA
1003202240,NA,NA
1003202240,NA,NA
1003202240,NA,NA
1003202240,NA,NA
1003202240,NA,NA
1003202240,NA,NA
1003202240,NA,NA
1003202240,NA,NA
1003202240,NA,NA
1003202240,NA,NA
1003202240,NA,NA
1003202240,NA,NA
1003202250,NA,NA
1003202250,NA,NA
1003202250,NA,NA
1003202250,NA,NA
1003202250,NA,NA
1003202250,NA,NA
1003202250,NA,NA
1003202250,NA,NA
1003202250,NA,NA
1003202250,NA,NA
1003202250,NA,NA
1003202250,NA,NA
1003202250,NA,NA
1003202250,NA,NA
1003202250,NA,NA
1003202260,NA,NA
1003202260,NA,NA
1003202260,NA,NA
1003202260,NA,NA
1003202260,NA,NA
1003202260,NA,NA
1003202260,NA,NA
1003202260,NA,NA
1003202260,NA,NA
1003202260,NA,NA
1003202260,NA,NA
1003202260,NA,NA
1003202260,NA,NA
1003202260,NA,NA
1003202260,NA,NA
1003202270,NA,NA
1003202270,NA,NA
1003202270,NA,NA
1003202270,NA,NA
1003202270,NA,NA
1003202270,NA,NA
1003202270,NA,NA
1003202270,NA,NA
1003202270,NA,NA
1003202270,NA,NA
1003202270,NA,NA
1003202270,NA,NA
1003202270,NA,NA
1003202270,NA,NA
1003202270,NA,NA
1003301890,NA,NA
1003301890,NA,NA
1003301890,NA,NA
1003301890,NA,NA
1003301890,NA,NA
1003301890,NA,NA
1003301890,NA,NA
1003301890,NA,NA
1003301890,NA,NA
1003301890,NA,NA
1003301890,NA,NA
1003301890,NA,NA
1003301890,NA,NA
1003301890,NA,NA
1003301890,NA,NA
1003301900,NA,NA
1003301900,NA,NA
1003301900,NA,NA
1003301900,NA,NA
1003301900,NA,NA
1003301900,NA,NA
1003301900,NA,NA
1003301900,NA,NA
1003301900,NA,NA
1003301900,NA,NA
1003301900,NA,NA
1003301900,NA,NA
1003301900,NA,NA
1003301900,NA,NA
1003301900,NA,NA
1003301910,NA,NA
1003301910,NA,NA
1003301910,NA,NA
1003301910,NA,NA
1003301910,NA,NA
1003301910,NA,NA
1003301910,NA,NA
1003301910,NA,NA
1003301910,NA,NA
1003301910,NA,NA
1003301910,NA,NA
1003301910,NA,NA
1003301910,NA,NA
1003301910,NA,NA
1003301910,NA,NA
1003302000,NA,NA
1003302000,NA,NA
1003302000,NA,NA
1003302000,NA,NA
1003302000,NA,NA
1003302000,NA,NA
1003302000,NA,NA
1003302000,NA,NA
1003302000,NA,NA
1003302000,NA,NA
1003302000,NA,NA
1003302000,NA,NA
1003302000,NA,NA
1003302000,NA,NA
1003302000,NA,NA
1003302010,NA,NA
1003302010,NA,NA
1003302010,NA,NA
1003302010,NA,NA
1003302010,NA,NA
1003302010,NA,NA
1003302010,NA,NA
1003302010,NA,NA
1003302010,NA,NA
1003302010,NA,NA
1003302010,NA,NA
1003302010,NA,NA
1003302010,NA,NA
1003302010,NA,NA
1003302010,NA,NA
1003302020,NA,NA
1003302020,NA,NA
1003302020,NA,NA
1003302020,NA,NA
1003302020,NA,NA
1003302020,NA,NA
1003302020,NA,NA
1003302020,NA,NA
1003302020,NA,NA
1003302020,NA,NA
1003302020,NA,NA
1003302020,NA,NA
1003302020,NA,NA
1003302020,NA,NA
1003302020,NA,NA
1003302030,NA,NA
1003302030,NA,NA
1003302030,NA,NA
1003302030,NA,NA
1003302030,NA,NA
1003302030,NA,NA
1003302030,NA,NA
1003302030,NA,NA
1003302030,NA,NA
1003302030,NA,NA
1003302030,NA,NA
1003302030,NA,NA
1003302030,NA,NA
1003302030,NA,NA
1003302030,NA,NA
1003302040,NA,NA
1003302040,NA,NA
1003302040,NA,NA
1003302040,NA,NA
1003302040,NA,NA
1003302040,NA,NA
1003302040,NA,NA
1003302040,NA,NA
1003302040,NA,NA
1003302040,NA,NA
1003302040,NA,NA
1003302040,NA,NA
1003302040,NA,NA
1003302040,NA,NA
1003302040,NA,NA
1003302050,NA,NA
1003302050,NA,NA
1003302050,NA,NA
1003302050,NA,NA
1003302050,NA,NA
1003302050,NA,NA
1003302050,NA,NA
1003302050,NA,NA
1003302050,NA,NA
1003302050,NA,NA
1003302050,NA,NA
1003302050,NA,NA
1003302050,NA,NA
1003302050,NA,NA
1003302050,NA,NA
1003302060,NA,NA
1003302060,NA,NA
1003302060,NA,NA
1003302060,NA,NA
1003302060,NA,NA
1003302060,NA,NA
1003302060,NA,NA
1003302060,NA,NA
1003302060,NA,NA
1003302060,NA,NA
1003302060,NA,NA
1003302060,NA,NA
1003302060,NA,NA
1003302060,NA,NA
1003302060,NA,NA
1003302070,NA,NA
1003302070,NA,NA
1003302070,NA,NA
1003302070,NA,NA
1003302070,NA,NA
1003302070,NA,NA
1003302070,NA,NA
1003302070,NA,NA
1003302070,NA,NA
1003302070,NA,NA
1003302070,NA,NA
1003302070,NA,NA
1003302070,NA,NA
1003302070,NA,NA
1003302070,NA,NA
1003302080,NA,NA
1003302080,NA,NA
1003302080,NA,NA
1003302080,NA,NA
1003302080,NA,NA
1003302080,NA,NA
1003302080,NA,NA
1003302080,NA,NA
1003302080,NA,NA
1003302080,NA,NA
1003302080,NA,NA
1003302080,NA,NA
1003302080,NA,NA
1003302080,NA,NA
1003302080,NA,NA
1003302240,NA,NA
1003302240,NA,NA
1003302240,NA,NA
1003302240,NA,NA
1003302240,NA,NA
1003302240,NA,NA
1003302240,NA,NA
1003302240,NA,NA
1003302240,NA,NA
1003302240,NA,NA
1003302240,NA,NA
1003302240,NA,NA
1003302240,NA,NA
1003302240,NA,NA
1003302240,NA,NA
1003302250,NA,NA
1003302250,NA,NA
1003302250,NA,NA
1003302250,NA,NA
1003302250,NA,NA
1003302250,NA,NA
1003302250,NA,NA
1003302250,NA,NA
1003302250,NA,NA
1003302250,NA,NA
1003302250,NA,NA
1003302250,NA,NA
1003302250,NA,NA
1003302250,NA,NA
1003302250,NA,NA
1003302260,NA,NA
1003302260,NA,NA
1003302260,NA,NA
1003302260,NA,NA
1003302260,NA,NA
1003302260,NA,NA
1003302260,NA,NA
1003302260,NA,NA
1003302260,NA,NA
1003302260,NA,NA
1003302260,NA,NA
1003302260,NA,NA
1003302260,NA,NA
1003302260,NA,NA
1003302260,NA,NA
1003302270,NA,NA
1003302270,NA,NA
1003302270,NA,NA
1003302270,NA,NA
1003302270,NA,NA
1003302270,NA,NA
1003302270,NA,NA
1003302270,NA,NA
1003302270,NA,NA
1003302270,NA,NA
1003302270,NA,NA
1003302270,NA,NA
1003302270,NA,NA
1003302270,NA,NA
1003302270,NA,NA
1003302280,NA,NA
1003302280,NA,NA
1003302280,NA,NA
1003302280,NA,NA
1003302280,NA,NA
1003302280,NA,NA
1003302280,NA,NA
1003302280,NA,NA
1003302280,NA,NA
1003302280,NA,NA
1003302280,NA,NA
1003302280,NA,NA
1003302280,NA,NA
1003302280,NA,NA
1003302280,NA,NA
1003302290,NA,NA
1003302290,NA,NA
1003302290,NA,NA
1003302290,NA,NA
1003302290,NA,NA
1003302290,NA,NA
1003302290,NA,NA
1003302290,NA,NA
1003302290,NA,NA
1003302290,NA,NA
1003302290,NA,NA
1003302290,NA,NA
1003302290,NA,NA
1003302290,NA,NA
1003302290,NA,NA
1003401900,NA,NA
1003401900,NA,NA
1003401900,NA,NA
1003401900,NA,NA
1003401900,NA,NA
1003401900,NA,NA
1003401900,NA,NA
1003401900,NA,NA
1003401900,NA,NA
1003401900,NA,NA
1003401900,NA,NA
1003401900,NA,NA
1003401900,NA,NA
1003401900,NA,NA
1003401900,NA,NA
1003401970,NA,NA
1003401970,NA,NA
1003401970,NA,NA
1003401970,NA,NA
1003401970,NA,NA
1003401970,NA,NA
1003401970,NA,NA
1003401970,NA,NA
1003401970,NA,NA
1003401970,NA,NA
1003401970,NA,NA
1003401970,NA,NA
1003401970,NA,NA
1003401970,NA,NA
1003401970,NA,NA
1003401980,NA,NA
1003401980,NA,NA
1003401980,NA,NA
1003401980,NA,NA
1003401980,NA,NA
1003401980,NA,NA
1003401980,NA,NA
1003401980,NA,NA
1003401980,NA,NA
1003401980,NA,NA
1003401980,NA,NA
1003401980,NA,NA
1003401980,NA,NA
1003401980,NA,NA
1003401980,NA,NA
1003401990,NA,NA
1003401990,NA,NA
1003401990,NA,NA
1003401990,NA,NA
1003401990,NA,NA
1003401990,NA,NA
1003401990,NA,NA
1003401990,NA,NA
1003401990,NA,NA
1003401990,NA,NA
1003401990,NA,NA
1003401990,NA,NA
1003401990,NA,NA
1003401990,NA,NA
1003401990,NA,NA
1003402000,NA,NA
1003402000,NA,NA
1003402000,NA,NA
1003402000,NA,NA
1003402000,NA,NA
1003402000,NA,NA
1003402000,NA,NA
1003402000,NA,NA
1003402000,NA,NA
1003402000,NA,NA
1003402000,NA,NA
1003402000,NA,NA
1003402000,NA,NA
1003402000,NA,NA
1003402000,NA,NA
1003402010,NA,NA
1003402010,NA,NA
1003402010,NA,NA
1003402010,NA,NA
1003402010,NA,NA
1003402010,NA,NA
1003402010,NA,NA
1003402010,NA,NA
1003402010,NA,NA
1003402010,NA,NA
1003402010,NA,NA
1003402010,NA,NA
1003402010,NA,NA
1003402010,NA,NA
1003402010,NA,NA
1003402020,NA,NA
1003402020,NA,NA
1003402020,NA,NA
1003402020,NA,NA
1003402020,NA,NA
1003402020,NA,NA
1003402020,NA,NA
1003402020,NA,NA
1003402020,NA,NA
1003402020,NA,NA
1003402020,NA,NA
1003402020,NA,NA
1003402020,NA,NA
1003402020,NA,NA
1003402020,NA,NA
1003402030,NA,NA
1003402030,NA,NA
1003402030,NA,NA
1003402030,NA,NA
1003402030,NA,NA
1003402030,NA,NA
1003402030,NA,NA
1003402030,NA,NA
1003402030,NA,NA
1003402030,NA,NA
1003402030,NA,NA
1003402030,NA,NA
1003402030,NA,NA
1003402030,NA,NA
1003402030,NA,NA
1003402040,NA,NA
1003402040,NA,NA
1003402040,NA,NA
1003402040,NA,NA
1003402040,NA,NA
1003402040,NA,NA
1003402040,NA,NA
1003402040,NA,NA
1003402040,NA,NA
1003402040,NA,NA
1003402040,NA,NA
1003402040,NA,NA
1003402040,NA,NA
1003402040,NA,NA
1003402040,NA,NA
1003402050,NA,NA
1003402050,NA,NA
1003402050,NA,NA
1003402050,NA,NA
1003402050,NA,NA
1003402050,NA,NA
1003402050,NA,NA
1003402050,NA,NA
1003402050,NA,NA
1003402050,NA,NA
1003402050,NA,NA
1003402050,NA,NA
1003402050,NA,NA
1003402050,NA,NA
1003402050,NA,NA
1003402060,NA,NA
1003402060,NA,NA
1003402060,NA,NA
1003402060,NA,NA
1003402060,NA,NA
1003402060,NA,NA
1003402060,NA,NA
1003402060,NA,NA
1003402060,NA,NA
1003402060,NA,NA
1003402060,NA,NA
1003402060,NA,NA
1003402060,NA,NA
1003402060,NA,NA
1003402060,NA,NA
1003402250,NA,NA
1003402250,NA,NA
1003402250,NA,NA
1003402250,NA,NA
1003402250,NA,NA
1003402250,NA,NA
1003402250,NA,NA
1003402250,NA,NA
1003402250,NA,NA
1003402250,NA,NA
1003402250,NA,NA
1003402250,NA,NA
1003402250,NA,NA
1003402250,NA,NA
1003402250,NA,NA
1003402260,NA,NA
1003402260,NA,NA
1003402260,NA,NA
1003402260,NA,NA
1003402260,NA,NA
1003402260,NA,NA
1003402260,NA,NA
1003402260,NA,NA
1003402260,NA,NA
1003402260,NA,NA
1003402260,NA,NA
1003402260,NA,NA
1003402260,NA,NA
1003402260,NA,NA
1003402260,NA,NA
1003402270,NA,NA
1003402270,NA,NA
1003402270,NA,NA
1003402270,NA,NA
1003402270,NA,NA
1003402270,NA,NA
1003402270,NA,NA
1003402270,NA,NA
1003402270,NA,NA
1003402270,NA,NA
1003402270,NA,NA
1003402270,NA,NA
1003402270,NA,NA
1003402270,NA,NA
1003402270,NA,NA
1003402280,NA,NA
1003402280,NA,NA
1003402280,NA,NA
1003402280,NA,NA
1003402280,NA,NA
1003402280,NA,NA
1003402280,NA,NA
1003402280,NA,NA
1003402280,NA,NA
1003402280,NA,NA
1003402280,NA,NA
1003402280,NA,NA
1003402280,NA,NA
1003402280,NA,NA
1003402280,NA,NA
1003402290,NA,NA
1003402290,NA,NA
1003402290,NA,NA
1003402290,NA,NA
1003402290,NA,NA
1003402290,NA,NA
1003402290,NA,NA
1003402290,NA,NA
1003402290,NA,NA
1003402290,NA,NA
1003402290,NA,NA
1003402290,NA,NA
1003402290,NA,NA
1003402290,NA,NA
1003402290,NA,NA
1003402300,NA,NA
1003402300,NA,NA
1003402300,NA,NA
1003402300,NA,NA
1003402300,NA,NA
1003402300,NA,NA
1003402300,NA,NA
1003402300,NA,NA
1003402300,NA,NA
1003402300,NA,NA
1003402300,NA,NA
1003402300,NA,NA
1003402300,NA,NA
1003402300,NA,NA
1003402300,NA,NA
1003402310,NA,NA
1003402310,NA,NA
1003402310,NA,NA
1003402310,NA,NA
1003402310,NA,NA
1003402310,NA,NA
1003402310,NA,NA
1003402310,NA,NA
1003402310,NA,NA
1003402310,NA,NA
1003402310,NA,NA
1003402310,NA,NA
1003402310,NA,NA
1003402310,NA,NA
1003402310,NA,NA
1003501950,NA,NA
1003501950,NA,NA
1003501950,NA,NA
1003501950,NA,NA
1003501950,NA,NA
1003501950,NA,NA
1003501950,NA,NA
1003501950,NA,NA
1003501950,NA,NA
1003501950,NA,NA
1003501950,NA,NA
1003501950,NA,NA
1003501950,NA,NA
1003501950,NA,NA
1003501950,NA,NA
1003501960,NA,NA
1003501960,NA,NA
1003501960,NA,NA
1003501960,NA,NA
1003501960,NA,NA
1003501960,NA,NA
1003501960,NA,NA
1003501960,NA,NA
1003501960,NA,NA
1003501960,NA,NA
1003501960,NA,NA
1003501960,NA,NA
1003501960,NA,NA
1003501960,NA,NA
1003501960,NA,NA
1003501970,NA,NA
1003501970,NA,NA
1003501970,NA,NA
1003501970,NA,NA
1003501970,NA,NA
1003501970,NA,NA
1003501970,NA,NA
1003501970,NA,NA
1003501970,NA,NA
1003501970,NA,NA
1003501970,NA,NA
1003501970,NA,NA
1003501970,NA,NA
1003501970,NA,NA
1003501970,NA,NA
1003501980,NA,NA
1003501980,NA,NA
1003501980,NA,NA
1003501980,NA,NA
1003501980,NA,NA
1003501980,NA,NA
1003501980,NA,NA
1003501980,NA,NA
1003501980,NA,NA
1003501980,NA,NA
1003501980,NA,NA
1003501980,NA,NA
1003501980,NA,NA
1003501980,NA,NA
1003501980,NA,NA
1003501990,NA,NA
1003501990,NA,NA
1003501990,NA,NA
1003501990,NA,NA
1003501990,NA,NA
1003501990,NA,NA
1003501990,NA,NA
1003501990,NA,NA
1003501990,NA,NA
1003501990,NA,NA
1003501990,NA,NA
1003501990,NA,NA
1003501990,NA,NA
1003501990,NA,NA
1003501990,NA,NA
1003502000,NA,NA
1003502000,NA,NA
1003502000,NA,NA
1003502000,NA,NA
1003502000,NA,NA
1003502000,NA,NA
1003502000,NA,NA
1003502000,NA,NA
1003502000,NA,NA
1003502000,NA,NA
1003502000,NA,NA
1003502000,NA,NA
1003502000,NA,NA
1003502000,NA,NA
1003502000,NA,NA
1003502010,NA,NA
1003502010,NA,NA
1003502010,NA,NA
1003502010,NA,NA
1003502010,NA,NA
1003502010,NA,NA
1003502010,NA,NA
1003502010,NA,NA
1003502010,NA,NA
1003502010,NA,NA
1003502010,NA,NA
1003502010,NA,NA
1003502010,NA,NA
1003502010,NA,NA
1003502010,NA,NA
1003502260,NA,NA
1003502260,NA,NA
1003502260,NA,NA
1003502260,NA,NA
1003502260,NA,NA
1003502260,NA,NA
1003502260,NA,NA
1003502260,NA,NA
1003502260,NA,NA
1003502260,NA,NA
1003502260,NA,NA
1003502260,NA,NA
1003502260,NA,NA
1003502260,NA,NA
1003502260,NA,NA
1003502270,NA,NA
1003502270,NA,NA
1003502270,NA,NA
1003502270,NA,NA
1003502270,NA,NA
1003502270,NA,NA
1003502270,NA,NA
1003502270,NA,NA
1003502270,NA,NA
1003502270,NA,NA
1003502270,NA,NA
1003502270,NA,NA
1003502270,NA,NA
1003502270,NA,NA
1003502270,NA,NA
1003502280,NA,NA
1003502280,NA,NA
1003502280,NA,NA
1003502280,NA,NA
1003502280,NA,NA
1003502280,NA,NA
1003502280,NA,NA
1003502280,NA,NA
1003502280,NA,NA
1003502280,NA,NA
1003502280,NA,NA
1003502280,NA,NA
1003502280,NA,NA
1003502280,NA,NA
1003502280,NA,NA
1003502290,NA,NA
1003502290,NA,NA
1003502290,NA,NA
1003502290,NA,NA
1003502290,NA,NA
1003502290,NA,NA
1003502290,NA,NA
1003502290,NA,NA
1003502290,NA,NA
1003502290,NA,NA
1003502290,NA,NA
1003502290,NA,NA
1003502290,NA,NA
1003502290,NA,NA
1003502290,NA,NA
1003502300,NA,NA
1003502300,NA,NA
1003502300,NA,NA
1003502300,NA,NA
1003502300,NA,NA
1003502300,NA,NA
1003502300,NA,NA
1003502300,NA,NA
1003502300,NA,NA
1003502300,NA,NA
1003502300,NA,NA
1003502300,NA,NA
1003502300,NA,NA
1003502300,NA,NA
1003502300,NA,NA
1003502310,NA,NA
1003502310,NA,NA
1003502310,NA,NA
1003502310,NA,NA
1003502310,NA,NA
1003502310,NA,NA
1003502310,NA,NA
1003502310,NA,NA
1003502310,NA,NA
1003502310,NA,NA
1003502310,NA,NA
1003502310,NA,NA
1003502310,NA,NA
1003502310,NA,NA
1003502310,NA,NA
1003601710,NA,NA
1003601710,NA,NA
1003601710,NA,NA
1003601710,NA,NA
1003601710,NA,NA
1003601710,NA,NA
1003601710,NA,NA
1003601710,NA,NA
1003601710,NA,NA
1003601710,NA,NA
1003601710,NA,NA
1003601710,NA,NA
1003601710,NA,NA
1003601710,NA,NA
1003601710,NA,NA
1003601720,NA,NA
1003601720,NA,NA
1003601720,NA,NA
1003601720,NA,NA
1003601720,NA,NA
1003601720,NA,NA
1003601720,NA,NA
1003601720,NA,NA
1003601720,NA,NA
1003601720,NA,NA
1003601720,NA,NA
1003601720,NA,NA
1003601720,NA,NA
1003601720,NA,NA
1003601720,NA,NA
1003601730,NA,NA
1003601730,NA,NA
1003601730,NA,NA
1003601730,NA,NA
1003601730,NA,NA
1003601730,NA,NA
1003601730,NA,NA
1003601730,NA,NA
1003601730,NA,NA
1003601730,NA,NA
1003601730,NA,NA
1003601730,NA,NA
1003601730,NA,NA
1003601730,NA,NA
1003601730,NA,NA
1003601740,NA,NA
1003601740,NA,NA
1003601740,NA,NA
1003601740,NA,NA
1003601740,NA,NA
1003601740,NA,NA
1003601740,NA,NA
1003601740,NA,NA
1003601740,NA,NA
1003601740,NA,NA
1003601740,NA,NA
1003601740,NA,NA
1003601740,NA,NA
1003601740,NA,NA
1003601740,NA,NA
1003601750,NA,NA
1003601750,NA,NA
1003601750,NA,NA
1003601750,NA,NA
1003601750,NA,NA
1003601750,NA,NA
1003601750,NA,NA
1003601750,NA,NA
1003601750,NA,NA
1003601750,NA,NA
1003601750,NA,NA
1003601750,NA,NA
1003601750,NA,NA
1003601750,NA,NA
1003601750,NA,NA
1003601920,NA,NA
1003601920,NA,NA
1003601920,NA,NA
1003601920,NA,NA
1003601920,NA,NA
1003601920,NA,NA
1003601920,NA,NA
1003601920,NA,NA
1003601920,NA,NA
1003601920,NA,NA
1003601920,NA,NA
1003601920,NA,NA
1003601920,NA,NA
1003601920,NA,NA
1003601920,NA,NA
1003601930,NA,NA
1003601930,NA,NA
1003601930,NA,NA
1003601930,NA,NA
1003601930,NA,NA
1003601930,NA,NA
1003601930,NA,NA
1003601930,NA,NA
1003601930,NA,NA
1003601930,NA,NA
1003601930,NA,NA
1003601930,NA,NA
1003601930,NA,NA
1003601930,NA,NA
1003601930,NA,NA
1003601940,NA,NA
1003601940,NA,NA
1003601940,NA,NA
1003601940,NA,NA
1003601940,NA,NA
1003601940,NA,NA
1003601940,NA,NA
1003601940,NA,NA
1003601940,NA,NA
1003601940,NA,NA
1003601940,NA,NA
1003601940,NA,NA
1003601940,NA,NA
1003601940,NA,NA
1003601940,NA,NA
1003601950,NA,NA
1003601950,NA,NA
1003601950,NA,NA
1003601950,NA,NA
1003601950,NA,NA
1003601950,NA,NA
1003601950,NA,NA
1003601950,NA,NA
1003601950,NA,NA
1003601950,NA,NA
1003601950,NA,NA
1003601950,NA,NA
1003601950,NA,NA
1003601950,NA,NA
1003601950,NA,NA
1003601960,NA,NA
1003601960,NA,NA
1003601960,NA,NA
1003601960,NA,NA
1003601960,NA,NA
1003601960,NA,NA
1003601960,NA,NA
1003601960,NA,NA
1003601960,NA,NA
1003601960,NA,NA
1003601960,NA,NA
1003601960,NA,NA
1003601960,NA,NA
1003601960,NA,NA
1003601960,NA,NA
1003601970,NA,NA
1003601970,NA,NA
1003601970,NA,NA
1003601970,NA,NA
1003601970,NA,NA
1003601970,NA,NA
1003601970,NA,NA
1003601970,NA,NA
1003601970,NA,NA
1003601970,NA,NA
1003601970,NA,NA
1003601970,NA,NA
1003601970,NA,NA
1003601970,NA,NA
1003601970,NA,NA
1003601980,NA,NA
1003601980,NA,NA
1003601980,NA,NA
1003601980,NA,NA
1003601980,NA,NA
1003601980,NA,NA
1003601980,NA,NA
1003601980,NA,NA
1003601980,NA,NA
1003601980,NA,NA
1003601980,NA,NA
1003601980,NA,NA
1003601980,NA,NA
1003601980,NA,NA
1003601980,NA,NA
1003602280,NA,NA
1003602280,NA,NA
1003602280,NA,NA
1003602280,NA,NA
1003602280,NA,NA
1003602280,NA,NA
1003602280,NA,NA
1003602280,NA,NA
1003602280,NA,NA
1003602280,NA,NA
1003602280,NA,NA
1003602280,NA,NA
1003602280,NA,NA
1003602280,NA,NA
1003602280,NA,NA
1003602290,NA,NA
1003602290,NA,NA
1003602290,NA,NA
1003602290,NA,NA
1003602290,NA,NA
1003602290,NA,NA
1003602290,NA,NA
1003602290,NA,NA
1003602290,NA,NA
1003602290,NA,NA
1003602290,NA,NA
1003602290,NA,NA
1003602290,NA,NA
1003602290,NA,NA
1003602290,NA,NA
1003602300,NA,NA
1003602300,NA,NA
1003602300,NA,NA
1003602300,NA,NA
1003602300,NA,NA
1003602300,NA,NA
1003602300,NA,NA
1003602300,NA,NA
1003602300,NA,NA
1003602300,NA,NA
1003602300,NA,NA
1003602300,NA,NA
1003602300,NA,NA
1003602300,NA,NA
1003602300,NA,NA
1003602310,NA,NA
1003602310,NA,NA
1003602310,NA,NA
1003602310,NA,NA
1003602310,NA,NA
1003602310,NA,NA
1003602310,NA,NA
1003602310,NA,NA
1003602310,NA,NA
1003602310,NA,NA
1003602310,NA,NA
1003602310,NA,NA
1003602310,NA,NA
1003602310,NA,NA
1003602310,NA,NA
1003701710,NA,NA
1003701710,NA,NA
1003701710,NA,NA
1003701710,NA,NA
1003701710,NA,NA
1003701710,NA,NA
1003701710,NA,NA
1003701710,NA,NA
1003701710,NA,NA
1003701710,NA,NA
1003701710,NA,NA
1003701710,NA,NA
1003701710,NA,NA
1003701710,NA,NA
1003701710,NA,NA
1003701720,NA,NA
1003701720,NA,NA
1003701720,NA,NA
1003701720,NA,NA
1003701720,NA,NA
1003701720,NA,NA
1003701720,NA,NA
1003701720,NA,NA
1003701720,NA,NA
1003701720,NA,NA
1003701720,NA,NA
1003701720,NA,NA
1003701720,NA,NA
1003701720,NA,NA
1003701720,NA,NA
1003701730,NA,NA
1003701730,NA,NA
1003701730,NA,NA
1003701730,NA,NA
1003701730,NA,NA
1003701730,NA,NA
1003701730,NA,NA
1003701730,NA,NA
1003701730,NA,NA
1003701730,NA,NA
1003701730,NA,NA
1003701730,NA,NA
1003701730,NA,NA
1003701730,NA,NA
1003701730,NA,NA
1003701740,NA,NA
1003701740,NA,NA
1003701740,NA,NA
1003701740,NA,NA
1003701740,NA,NA
1003701740,NA,NA
1003701740,NA,NA
1003701740,NA,NA
1003701740,NA,NA
1003701740,NA,NA
1003701740,NA,NA
1003701740,NA,NA
1003701740,NA,NA
1003701740,NA,NA
1003701740,NA,NA
1003701750,NA,NA
1003701750,NA,NA
1003701750,NA,NA
1003701750,NA,NA
1003701750,NA,NA
1003701750,NA,NA
1003701750,NA,NA
1003701750,NA,NA
1003701750,NA,NA
1003701750,NA,NA
1003701750,NA,NA
1003701750,NA,NA
1003701750,NA,NA
1003701750,NA,NA
1003701750,NA,NA
1003701760,NA,NA
1003701760,NA,NA
1003701760,NA,NA
1003701760,NA,NA
1003701760,NA,NA
1003701760,NA,NA
1003701760,NA,NA
1003701760,NA,NA
1003701760,NA,NA
1003701760,NA,NA
1003701760,NA,NA
1003701760,NA,NA
1003701760,NA,NA
1003701760,NA,NA
1003701760,NA,NA
1003701770,NA,NA
1003701770,NA,NA
1003701770,NA,NA
1003701770,NA,NA
1003701770,NA,NA
1003701770,NA,NA
1003701770,NA,NA
1003701770,NA,NA
1003701770,NA,NA
1003701770,NA,NA
1003701770,NA,NA
1003701770,NA,NA
1003701770,NA,NA
1003701770,NA,NA
1003701770,NA,NA
1003701780,NA,NA
1003701780,NA,NA
1003701780,NA,NA
1003701780,NA,NA
1003701780,NA,NA
1003701780,NA,NA
1003701780,NA,NA
1003701780,NA,NA
1003701780,NA,NA
1003701780,NA,NA
1003701780,NA,NA
1003701780,NA,NA
1003701780,NA,NA
1003701780,NA,NA
1003701780,NA,NA
1003701790,NA,NA
1003701790,NA,NA
1003701790,NA,NA
1003701790,NA,NA
1003701790,NA,NA
1003701790,NA,NA
1003701790,NA,NA
1003701790,NA,NA
1003701790,NA,NA
1003701790,NA,NA
1003701790,NA,NA
1003701790,NA,NA
1003701790,NA,NA
1003701790,NA,NA
1003701790,NA,NA
1003701890,NA,NA
1003701890,NA,NA
1003701890,NA,NA
1003701890,NA,NA
1003701890,NA,NA
1003701890,NA,NA
1003701890,NA,NA
1003701890,NA,NA
1003701890,NA,NA
1003701890,NA,NA
1003701890,NA,NA
1003701890,NA,NA
1003701890,NA,NA
1003701890,NA,NA
1003701890,NA,NA
1003701900,NA,NA
1003701900,NA,NA
1003701900,NA,NA
1003701900,NA,NA
1003701900,NA,NA
1003701900,NA,NA
1003701900,NA,NA
1003701900,NA,NA
1003701900,NA,NA
1003701900,NA,NA
1003701900,NA,NA
1003701900,NA,NA
1003701900,NA,NA
1003701900,NA,NA
1003701900,NA,NA
1003701910,NA,NA
1003701910,NA,NA
1003701910,NA,NA
1003701910,NA,NA
1003701910,NA,NA
1003701910,NA,NA
1003701910,NA,NA
1003701910,NA,NA
1003701910,NA,NA
1003701910,NA,NA
1003701910,NA,NA
1003701910,NA,NA
1003701910,NA,NA
1003701910,NA,NA
1003701910,NA,NA
1003701920,NA,NA
1003701920,NA,NA
1003701920,NA,NA
1003701920,NA,NA
1003701920,NA,NA
1003701920,NA,NA
1003701920,NA,NA
1003701920,NA,NA
1003701920,NA,NA
1003701920,NA,NA
1003701920,NA,NA
1003701920,NA,NA
1003701920,NA,NA
1003701920,NA,NA
1003701920,NA,NA
1003701930,NA,NA
1003701930,NA,NA
1003701930,NA,NA
1003701930,NA,NA
1003701930,NA,NA
1003701930,NA,NA
1003701930,NA,NA
1003701930,NA,NA
1003701930,NA,NA
1003701930,NA,NA
1003701930,NA,NA
1003701930,NA,NA
1003701930,NA,NA
1003701930,NA,NA
1003701930,NA,NA
1003801710,NA,NA
1003801710,NA,NA
1003801710,NA,NA
1003801710,NA,NA
1003801710,NA,NA
1003801710,NA,NA
1003801710,NA,NA
1003801710,NA,NA
1003801710,NA,NA
1003801710,NA,NA
1003801710,NA,NA
1003801710,NA,NA
1003801710,NA,NA
1003801710,NA,NA
1003801710,NA,NA
1003801720,NA,NA
1003801720,NA,NA
1003801720,NA,NA
1003801720,NA,NA
1003801720,NA,NA
1003801720,NA,NA
1003801720,NA,NA
1003801720,NA,NA
1003801720,NA,NA
1003801720,NA,NA
1003801720,NA,NA
1003801720,NA,NA
1003801720,NA,NA
1003801720,NA,NA
1003801720,NA,NA
1003801730,NA,NA
1003801730,NA,NA
1003801730,NA,NA
1003801730,NA,NA
1003801730,NA,NA
1003801730,NA,NA
1003801730,NA,NA
1003801730,NA,NA
1003801730,NA,NA
1003801730,NA,NA
1003801730,NA,NA
1003801730,NA,NA
1003801730,NA,NA
1003801730,NA,NA
1003801730,NA,NA
1003801740,NA,NA
1003801740,NA,NA
1003801740,NA,NA
1003801740,NA,NA
1003801740,NA,NA
1003801740,NA,NA
1003801740,NA,NA
1003801740,NA,NA
1003801740,NA,NA
1003801740,NA,NA
1003801740,NA,NA
1003801740,NA,NA
1003801740,NA,NA
1003801740,NA,NA
1003801740,NA,NA
1003801750,NA,NA
1003801750,NA,NA
1003801750,NA,NA
1003801750,NA,NA
1003801750,NA,NA
1003801750,NA,NA
1003801750,NA,NA
1003801750,NA,NA
1003801750,NA,NA
1003801750,NA,NA
1003801750,NA,NA
1003801750,NA,NA
1003801750,NA,NA
1003801750,NA,NA
1003801750,NA,NA
1003801760,NA,NA
1003801760,NA,NA
1003801760,NA,NA
1003801760,NA,NA
1003801760,NA,NA
1003801760,NA,NA
1003801760,NA,NA
1003801760,NA,NA
1003801760,NA,NA
1003801760,NA,NA
1003801760,NA,NA
1003801760,NA,NA
1003801760,NA,NA
1003801760,NA,NA
1003801760,NA,NA
1003801770,NA,NA
1003801770,NA,NA
1003801770,NA,NA
1003801770,NA,NA
1003801770,NA,NA
1003801770,NA,NA
1003801770,NA,NA
1003801770,NA,NA
1003801770,NA,NA
1003801770,NA,NA
1003801770,NA,NA
1003801770,NA,NA
1003801770,NA,NA
1003801770,NA,NA
1003801770,NA,NA
1003801780,NA,NA
1003801780,NA,NA
1003801780,NA,NA
1003801780,NA,NA
1003801780,NA,NA
1003801780,NA,NA
1003801780,NA,NA
1003801780,NA,NA
1003801780,NA,NA
1003801780,NA,NA
1003801780,NA,NA
1003801780,NA,NA
1003801780,NA,NA
1003801780,NA,NA
1003801780,NA,NA
1003801790,NA,NA
1003801790,NA,NA
1003801790,NA,NA
1003801790,NA,NA
1003801790,NA,NA
1003801790,NA,NA
1003801790,NA,NA
1003801790,NA,NA
1003801790,NA,NA
1003801790,NA,NA
1003801790,NA,NA
1003801790,NA,NA
1003801790,NA,NA
1003801790,NA,NA
1003801790,NA,NA
1003801810,NA,NA
1003801810,NA,NA
1003801810,NA,NA
1003801810,NA,NA
1003801810,NA,NA
1003801810,NA,NA
1003801810,NA,NA
1003801810,NA,NA
1003801810,NA,NA
1003801810,NA,NA
1003801810,NA,NA
1003801810,NA,NA
1003801810,NA,NA
1003801810,NA,NA
1003801810,NA,NA
1003801820,NA,NA
1003801820,NA,NA
1003801820,NA,NA
1003801820,NA,NA
1003801820,NA,NA
1003801820,NA,NA
1003801820,NA,NA
1003801820,NA,NA
1003801820,NA,NA
1003801820,NA,NA
1003801820,NA,NA
1003801820,NA,NA
1003801820,NA,NA
1003801820,NA,NA
1003801820,NA,NA
1003801830,NA,NA
1003801830,NA,NA
1003801830,NA,NA
1003801830,NA,NA
1003801830,NA,NA
1003801830,NA,NA
1003801830,NA,NA
1003801830,NA,NA
1003801830,NA,NA
1003801830,NA,NA
1003801830,NA,NA
1003801830,NA,NA
1003801830,NA,NA
1003801830,NA,NA
1003801830,NA,NA
1003801840,NA,NA
1003801840,NA,NA
1003801840,NA,NA
1003801840,NA,NA
1003801840,NA,NA
1003801840,NA,NA
1003801840,NA,NA
1003801840,NA,NA
1003801840,NA,NA
1003801840,NA,NA
1003801840,NA,NA
1003801840,NA,NA
1003801840,NA,NA
1003801840,NA,NA
1003801840,NA,NA
1003801850,NA,NA
1003801850,NA,NA
1003801850,NA,NA
1003801850,NA,NA
1003801850,NA,NA
1003801850,NA,NA
1003801850,NA,NA
1003801850,NA,NA
1003801850,NA,NA
1003801850,NA,NA
1003801850,NA,NA
1003801850,NA,NA
1003801850,NA,NA
1003801850,NA,NA
1003801850,NA,NA
1003801860,NA,NA
1003801860,NA,NA
1003801860,NA,NA
1003801860,NA,NA
1003801860,NA,NA
1003801860,NA,NA
1003801860,NA,NA
1003801860,NA,NA
1003801860,NA,NA
1003801860,NA,NA
1003801860,NA,NA
1003801860,NA,NA
1003801860,NA,NA
1003801860,NA,NA
1003801860,NA,NA
1003801870,NA,NA
1003801870,NA,NA
1003801870,NA,NA
1003801870,NA,NA
1003801870,NA,NA
1003801870,NA,NA
1003801870,NA,NA
1003801870,NA,NA
1003801870,NA,NA
1003801870,NA,NA
1003801870,NA,NA
1003801870,NA,NA
1003801870,NA,NA
1003801870,NA,NA
1003801870,NA,NA
1003801880,NA,NA
1003801880,NA,NA
1003801880,NA,NA
1003801880,NA,NA
1003801880,NA,NA
1003801880,NA,NA
1003801880,NA,NA
1003801880,NA,NA
1003801880,NA,NA
1003801880,NA,NA
1003801880,NA,NA
1003801880,NA,NA
1003801880,NA,NA
1003801880,NA,NA
1003801880,NA,NA
1003801890,NA,NA
1003801890,NA,NA
1003801890,NA,NA
1003801890,NA,NA
1003801890,NA,NA
1003801890,NA,NA
1003801890,NA,NA
1003801890,NA,NA
1003801890,NA,NA
1003801890,NA,NA
1003801890,NA,NA
1003801890,NA,NA
1003801890,NA,NA
1003801890,NA,NA
1003801890,NA,NA
1003901720,NA,NA
1003901720,NA,NA
1003901720,NA,NA
1003901720,NA,NA
1003901720,NA,NA
1003901720,NA,NA
1003901720,NA,NA
1003901720,NA,NA
1003901720,NA,NA
1003901720,NA,NA
1003901720,NA,NA
1003901720,NA,NA
1003901720,NA,NA
1003901720,NA,NA
1003901720,NA,NA
1003901730,NA,NA
1003901730,NA,NA
1003901730,NA,NA
1003901730,NA,NA
1003901730,NA,NA
1003901730,NA,NA
1003901730,NA,NA
1003901730,NA,NA
1003901730,NA,NA
1003901730,NA,NA
1003901730,NA,NA
1003901730,NA,NA
1003901730,NA,NA
1003901730,NA,NA
1003901730,NA,NA
1003901740,NA,NA
1003901740,NA,NA
1003901740,NA,NA
1003901740,NA,NA
1003901740,NA,NA
1003901740,NA,NA
1003901740,NA,NA
1003901740,NA,NA
1003901740,NA,NA
1003901740,NA,NA
1003901740,NA,NA
1003901740,NA,NA
1003901740,NA,NA
1003901740,NA,NA
1003901740,NA,NA
1003901750,NA,NA
1003901750,NA,NA
1003901750,NA,NA
1003901750,NA,NA
1003901750,NA,NA
1003901750,NA,NA
1003901750,NA,NA
1003901750,NA,NA
1003901750,NA,NA
1003901750,NA,NA
1003901750,NA,NA
1003901750,NA,NA
1003901750,NA,NA
1003901750,NA,NA
1003901750,NA,NA
1003901760,NA,NA
1003901760,NA,NA
1003901760,NA,NA
1003901760,NA,NA
1003901760,NA,NA
1003901760,NA,NA
1003901760,NA,NA
1003901760,NA,NA
1003901760,NA,NA
1003901760,NA,NA
1003901760,NA,NA
1003901760,NA,NA
1003901760,NA,NA
1003901760,NA,NA
1003901760,NA,NA
1003901770,NA,NA
1003901770,NA,NA
1003901770,NA,NA
1003901770,NA,NA
1003901770,NA,NA
1003901770,NA,NA
1003901770,NA,NA
1003901770,NA,NA
1003901770,NA,NA
1003901770,NA,NA
1003901770,NA,NA
1003901770,NA,NA
1003901770,NA,NA
1003901770,NA,NA
1003901770,NA,NA
1003901780,NA,NA
1003901780,NA,NA
1003901780,NA,NA
1003901780,NA,NA
1003901780,NA,NA
1003901780,NA,NA
1003901780,NA,NA
1003901780,NA,NA
1003901780,NA,NA
1003901780,NA,NA
1003901780,NA,NA
1003901780,NA,NA
1003901780,NA,NA
1003901780,NA,NA
1003901780,NA,NA
1003901790,NA,NA
1003901790,NA,NA
1003901790,NA,NA
1003901790,NA,NA
1003901790,NA,NA
1003901790,NA,NA
1003901790,NA,NA
1003901790,NA,NA
1003901790,NA,NA
1003901790,NA,NA
1003901790,NA,NA
1003901790,NA,NA
1003901790,NA,NA
1003901790,NA,NA
1003901790,NA,NA
1003901810,NA,NA
1003901810,NA,NA
1003901810,NA,NA
1003901810,NA,NA
1003901810,NA,NA
1003901810,NA,NA
1003901810,NA,NA
1003901810,NA,NA
1003901810,NA,NA
1003901810,NA,NA
1003901810,NA,NA
1003901810,NA,NA
1003901810,NA,NA
1003901810,NA,NA
1003901810,NA,NA
1003901820,NA,NA
1003901820,NA,NA
1003901820,NA,NA
1003901820,NA,NA
1003901820,NA,NA
1003901820,NA,NA
1003901820,NA,NA
1003901820,NA,NA
1003901820,NA,NA
1003901820,NA,NA
1003901820,NA,NA
1003901820,NA,NA
1003901820,NA,NA
1003901820,NA,NA
1003901820,NA,NA
1004001780,NA,NA
1004001780,NA,NA
1004001780,NA,NA
1004001780,NA,NA
1004001780,NA,NA
1004001780,NA,NA
1004001780,NA,NA
1004001780,NA,NA
1004001780,NA,NA
1004001780,NA,NA
1004001780,NA,NA
1004001780,NA,NA
1004001780,NA,NA
1004001780,NA,NA
1004001780,NA,NA
1004001790,NA,NA
1004001790,NA,NA
1004001790,NA,NA
1004001790,NA,NA
1004001790,NA,NA
1004001790,NA,NA
1004001790,NA,NA
1004001790,NA,NA
1004001790,NA,NA
1004001790,NA,NA
1004001790,NA,NA
1004001790,NA,NA
1004001790,NA,NA
1004001790,NA,NA
1004001790,NA,NA
1004002360,NA,NA
1004002360,NA,NA
1004002360,NA,NA
1004002360,NA,NA
1004002360,NA,NA
1004002360,NA,NA
1004002360,NA,NA
1004002360,NA,NA
1004002360,NA,NA
1004002360,NA,NA
1004002360,NA,NA
1004002360,NA,NA
1004002360,NA,NA
1004002360,NA,NA
1004002360,NA,NA
1004002370,NA,NA
1004002370,NA,NA
1004002370,NA,NA
1004002370,NA,NA
1004002370,NA,NA
1004002370,NA,NA
1004002370,NA,NA
1004002370,NA,NA
1004002370,NA,NA
1004002370,NA,NA
1004002370,NA,NA
1004002370,NA,NA
1004002370,NA,NA
1004002370,NA,NA
1004002370,NA,NA
1004002380,NA,NA
1004002380,NA,NA
1004002380,NA,NA
1004002380,NA,NA
1004002380,NA,NA
1004002380,NA,NA
1004002380,NA,NA
1004002380,NA,NA
1004002380,NA,NA
1004002380,NA,NA
1004002380,NA,NA
1004002380,NA,NA
1004002380,NA,NA
1004002380,NA,NA
1004002380,NA,NA
1004002390,NA,NA
1004002390,NA,NA
1004002390,NA,NA
1004002390,NA,NA
1004002390,NA,NA
1004002390,NA,NA
1004002390,NA,NA
1004002390,NA,NA
1004002390,NA,NA
1004002390,NA,NA
1004002390,NA,NA
1004002390,NA,NA
1004002390,NA,NA
1004002390,NA,NA
1004002390,NA,NA
1004002400,NA,NA
1004002400,NA,NA
1004002400,NA,NA
1004002400,NA,NA
1004002400,NA,NA
1004002400,NA,NA
1004002400,NA,NA
1004002400,NA,NA
1004002400,NA,NA
1004002400,NA,NA
1004002400,NA,NA
1004002400,NA,NA
1004002400,NA,NA
1004002400,NA,NA
1004002400,NA,NA
1004102340,NA,NA
1004102340,NA,NA
1004102340,NA,NA
1004102340,NA,NA
1004102340,NA,NA
1004102340,NA,NA
1004102340,NA,NA
1004102340,NA,NA
1004102340,NA,NA
1004102340,NA,NA
1004102340,NA,NA
1004102340,NA,NA
1004102340,NA,NA
1004102340,NA,NA
1004102340,NA,NA
1004102350,NA,NA
1004102350,NA,NA
1004102350,NA,NA
1004102350,NA,NA
1004102350,NA,NA
1004102350,NA,NA
1004102350,NA,NA
1004102350,NA,NA
1004102350,NA,NA
1004102350,NA,NA
1004102350,NA,NA
1004102350,NA,NA
1004102350,NA,NA
1004102350,NA,NA
1004102350,NA,NA
1004102360,NA,NA
1004102360,NA,NA
1004102360,NA,NA
1004102360,NA,NA
1004102360,NA,NA
1004102360,NA,NA
1004102360,NA,NA
1004102360,NA,NA
1004102360,NA,NA
1004102360,NA,NA
1004102360,NA,NA
1004102360,NA,NA
1004102360,NA,NA
1004102360,NA,NA
1004102360,NA,NA
1004102370,NA,NA
1004102370,NA,NA
1004102370,NA,NA
1004102370,NA,NA
1004102370,NA,NA
1004102370,NA,NA
1004102370,NA,NA
1004102370,NA,NA
1004102370,NA,NA
1004102370,NA,NA
1004102370,NA,NA
1004102370,NA,NA
1004102370,NA,NA
1004102370,NA,NA
1004102370,NA,NA
1004102380,NA,NA
1004102380,NA,NA
1004102380,NA,NA
1004102380,NA,NA
1004102380,NA,NA
1004102380,NA,NA
1004102380,NA,NA
1004102380,NA,NA
1004102380,NA,NA
1004102380,NA,NA
1004102380,NA,NA
1004102380,NA,NA
1004102380,NA,NA
1004102380,NA,NA
1004102380,NA,NA
1004102390,NA,NA
1004102390,NA,NA
1004102390,NA,NA
1004102390,NA,NA
1004102390,NA,NA
1004102390,NA,NA
1004102390,NA,NA
1004102390,NA,NA
1004102390,NA,NA
1004102390,NA,NA
1004102390,NA,NA
1004102390,NA,NA
1004102390,NA,NA
1004102390,NA,NA
1004102390,NA,NA
1004102400,NA,NA
1004102400,NA,NA
1004102400,NA,NA
1004102400,NA,NA
1004102400,NA,NA
1004102400,NA,NA
1004102400,NA,NA
1004102400,NA,NA
1004102400,NA,NA
1004102400,NA,NA
1004102400,NA,NA
1004102400,NA,NA
1004102400,NA,NA
1004102400,NA,NA
1004102400,NA,NA
1004202340,NA,NA
1004202340,NA,NA
1004202340,NA,NA
1004202340,NA,NA
1004202340,NA,NA
1004202340,NA,NA
1004202340,NA,NA
1004202340,NA,NA
1004202340,NA,NA
1004202340,NA,NA
1004202340,NA,NA
1004202340,NA,NA
1004202340,NA,NA
1004202340,NA,NA
1004202340,NA,NA
1004202350,NA,NA
1004202350,NA,NA
1004202350,NA,NA
1004202350,NA,NA
1004202350,NA,NA
1004202350,NA,NA
1004202350,NA,NA
1004202350,NA,NA
1004202350,NA,NA
1004202350,NA,NA
1004202350,NA,NA
1004202350,NA,NA
1004202350,NA,NA
1004202350,NA,NA
1004202350,NA,NA
1004202360,NA,NA
1004202360,NA,NA
1004202360,NA,NA
1004202360,NA,NA
1004202360,NA,NA
1004202360,NA,NA
1004202360,NA,NA
1004202360,NA,NA
1004202360,NA,NA
1004202360,NA,NA
1004202360,NA,NA
1004202360,NA,NA
1004202360,NA,NA
1004202360,NA,NA
1004202360,NA,NA
1004202370,NA,NA
1004202370,NA,NA
1004202370,NA,NA
1004202370,NA,NA
1004202370,NA,NA
1004202370,NA,NA
1004202370,NA,NA
1004202370,NA,NA
1004202370,NA,NA
1004202370,NA,NA
1004202370,NA,NA
1004202370,NA,NA
1004202370,NA,NA
1004202370,NA,NA
1004202370,NA,NA
1004202380,NA,NA
1004202380,NA,NA
1004202380,NA,NA
1004202380,NA,NA
1004202380,NA,NA
1004202380,NA,NA
1004202380,NA,NA
1004202380,NA,NA
1004202380,NA,NA
1004202380,NA,NA
1004202380,NA,NA
1004202380,NA,NA
1004202380,NA,NA
1004202380,NA,NA
1004202380,NA,NA
1004202390,NA,NA
1004202390,NA,NA
1004202390,NA,NA
1004202390,NA,NA
1004202390,NA,NA
1004202390,NA,NA
1004202390,NA,NA
1004202390,NA,NA
1004202390,NA,NA
1004202390,NA,NA
1004202390,NA,NA
1004202390,NA,NA
1004202390,NA,NA
1004202390,NA,NA
1004202390,NA,NA
1004202400,NA,NA
1004202400,NA,NA
1004202400,NA,NA
1004202400,NA,NA
1004202400,NA,NA
1004202400,NA,NA
1004202400,NA,NA
1004202400,NA,NA
1004202400,NA,NA
1004202400,NA,NA
1004202400,NA,NA
1004202400,NA,NA
1004202400,NA,NA
1004202400,NA,NA
1004202400,NA,NA
1004302340,NA,NA
1004302340,NA,NA
1004302340,NA,NA
1004302340,NA,NA
1004302340,NA,NA
1004302340,NA,NA
1004302340,NA,NA
1004302340,NA,NA
1004302340,NA,NA
1004302340,NA,NA
1004302340,NA,NA
1004302340,NA,NA
1004302340,NA,NA
1004302340,NA,NA
1004302340,NA,NA
1004302350,NA,NA
1004302350,NA,NA
1004302350,NA,NA
1004302350,NA,NA
1004302350,NA,NA
1004302350,NA,NA
1004302350,NA,NA
1004302350,NA,NA
1004302350,NA,NA
1004302350,NA,NA
1004302350,NA,NA
1004302350,NA,NA
1004302350,NA,NA
1004302350,NA,NA
1004302350,NA,NA
1004302360,NA,NA
1004302360,NA,NA
1004302360,NA,NA
1004302360,NA,NA
1004302360,NA,NA
1004302360,NA,NA
1004302360,NA,NA
1004302360,NA,NA
1004302360,NA,NA
1004302360,NA,NA
1004302360,NA,NA
1004302360,NA,NA
1004302360,NA,NA
1004302360,NA,NA
1004302360,NA,NA
1004302370,NA,NA
1004302370,NA,NA
1004302370,NA,NA
1004302370,NA,NA
1004302370,NA,NA
1004302370,NA,NA
1004302370,NA,NA
1004302370,NA,NA
1004302370,NA,NA
1004302370,NA,NA
1004302370,NA,NA
1004302370,NA,NA
1004302370,NA,NA
1004302370,NA,NA
1004302370,NA,NA
1004302380,NA,NA
1004302380,NA,NA
1004302380,NA,NA
1004302380,NA,NA
1004302380,NA,NA
1004302380,NA,NA
1004302380,NA,NA
1004302380,NA,NA
1004302380,NA,NA
1004302380,NA,NA
1004302380,NA,NA
1004302380,NA,NA
1004302380,NA,NA
1004302380,NA,NA
1004302380,NA,NA
1004302390,NA,NA
1004302390,NA,NA
1004302390,NA,NA
1004302390,NA,NA
1004302390,NA,NA
1004302390,NA,NA
1004302390,NA,NA
1004302390,NA,NA
1004302390,NA,NA
1004302390,NA,NA
1004302390,NA,NA
1004302390,NA,NA
1004302390,NA,NA
1004302390,NA,NA
1004302390,NA,NA
1004302400,NA,NA
1004302400,NA,NA
1004302400,NA,NA
1004302400,NA,NA
1004302400,NA,NA
1004302400,NA,NA
1004302400,NA,NA
1004302400,NA,NA
1004302400,NA,NA
1004302400,NA,NA
1004302400,NA,NA
1004302400,NA,NA
1004302400,NA,NA
1004302400,NA,NA
1004302400,NA,NA
1004302910,NA,NA
1004302910,NA,NA
1004302910,NA,NA
1004302910,NA,NA
1004302910,NA,NA
1004302910,NA,NA
1004302910,NA,NA
1004302910,NA,NA
1004302910,NA,NA
1004302910,NA,NA
1004302910,NA,NA
1004302910,NA,NA
1004302910,NA,NA
1004302910,NA,NA
1004302910,NA,NA
1004302920,NA,NA
1004302920,NA,NA
1004302920,NA,NA
1004302920,NA,NA
1004302920,NA,NA
1004302920,NA,NA
1004302920,NA,NA
1004302920,NA,NA
1004302920,NA,NA
1004302920,NA,NA
1004302920,NA,NA
1004302920,NA,NA
1004302920,NA,NA
1004302920,NA,NA
1004302920,NA,NA
1004302930,NA,NA
1004302930,NA,NA
1004302930,NA,NA
1004302930,NA,NA
1004302930,NA,NA
1004302930,NA,NA
1004302930,NA,NA
1004302930,NA,NA
1004302930,NA,NA
1004302930,NA,NA
1004302930,NA,NA
1004302930,NA,NA
1004302930,NA,NA
1004302930,NA,NA
1004302930,NA,NA
1004302940,NA,NA
1004302940,NA,NA
1004302940,NA,NA
1004302940,NA,NA
1004302940,NA,NA
1004302940,NA,NA
1004302940,NA,NA
1004302940,NA,NA
1004302940,NA,NA
1004302940,NA,NA
1004302940,NA,NA
1004302940,NA,NA
1004302940,NA,NA
1004302940,NA,NA
1004302940,NA,NA
1004402350,NA,NA
1004402350,NA,NA
1004402350,NA,NA
1004402350,NA,NA
1004402350,NA,NA
1004402350,NA,NA
1004402350,NA,NA
1004402350,NA,NA
1004402350,NA,NA
1004402350,NA,NA
1004402350,NA,NA
1004402350,NA,NA
1004402350,NA,NA
1004402350,NA,NA
1004402350,NA,NA
1004402360,NA,NA
1004402360,NA,NA
1004402360,NA,NA
1004402360,NA,NA
1004402360,NA,NA
1004402360,NA,NA
1004402360,NA,NA
1004402360,NA,NA
1004402360,NA,NA
1004402360,NA,NA
1004402360,NA,NA
1004402360,NA,NA
1004402360,NA,NA
1004402360,NA,NA
1004402360,NA,NA
1004402370,NA,NA
1004402370,NA,NA
1004402370,NA,NA
1004402370,NA,NA
1004402370,NA,NA
1004402370,NA,NA
1004402370,NA,NA
1004402370,NA,NA
1004402370,NA,NA
1004402370,NA,NA
1004402370,NA,NA
1004402370,NA,NA
1004402370,NA,NA
1004402370,NA,NA
1004402370,NA,NA
1004402380,NA,NA
1004402380,NA,NA
1004402380,NA,NA
1004402380,NA,NA
1004402380,NA,NA
1004402380,NA,NA
1004402380,NA,NA
1004402380,NA,NA
1004402380,NA,NA
1004402380,NA,NA
1004402380,NA,NA
1004402380,NA,NA
1004402380,NA,NA
1004402380,NA,NA
1004402380,NA,NA
1004402390,NA,NA
1004402390,NA,NA
1004402390,NA,NA
1004402390,NA,NA
1004402390,NA,NA
1004402390,NA,NA
1004402390,NA,NA
1004402390,NA,NA
1004402390,NA,NA
1004402390,NA,NA
1004402390,NA,NA
1004402390,NA,NA
1004402390,NA,NA
1004402390,NA,NA
1004402390,NA,NA
1004402400,NA,NA
1004402400,NA,NA
1004402400,NA,NA
1004402400,NA,NA
1004402400,NA,NA
1004402400,NA,NA
1004402400,NA,NA
1004402400,NA,NA
1004402400,NA,NA
1004402400,NA,NA
1004402400,NA,NA
1004402400,NA,NA
1004402400,NA,NA
1004402400,NA,NA
1004402400,NA,NA
1004402900,NA,NA
1004402900,NA,NA
1004402900,NA,NA
1004402900,NA,NA
1004402900,NA,NA
1004402900,NA,NA
1004402900,NA,NA
1004402900,NA,NA
1004402900,NA,NA
1004402900,NA,NA
1004402900,NA,NA
1004402900,NA,NA
1004402900,NA,NA
1004402900,NA,NA
1004402900,NA,NA
1004402910,NA,NA
1004402910,NA,NA
1004402910,NA,NA
1004402910,NA,NA
1004402910,NA,NA
1004402910,NA,NA
1004402910,NA,NA
1004402910,NA,NA
1004402910,NA,NA
1004402910,NA,NA
1004402910,NA,NA
1004402910,NA,NA
1004402910,NA,NA
1004402910,NA,NA
1004402910,NA,NA
1004402920,NA,NA
1004402920,NA,NA
1004402920,NA,NA
1004402920,NA,NA
1004402920,NA,NA
1004402920,NA,NA
1004402920,NA,NA
1004402920,NA,NA
1004402920,NA,NA
1004402920,NA,NA
1004402920,NA,NA
1004402920,NA,NA
1004402920,NA,NA
1004402920,NA,NA
1004402920,NA,NA
1004402930,NA,NA
1004402930,NA,NA
1004402930,NA,NA
1004402930,NA,NA
1004402930,NA,NA
1004402930,NA,NA
1004402930,NA,NA
1004402930,NA,NA
1004402930,NA,NA
1004402930,NA,NA
1004402930,NA,NA
1004402930,NA,NA
1004402930,NA,NA
1004402930,NA,NA
1004402930,NA,NA
1004402940,NA,NA
1004402940,NA,NA
1004402940,NA,NA
1004402940,NA,NA
1004402940,NA,NA
1004402940,NA,NA
1004402940,NA,NA
1004402940,NA,NA
1004402940,NA,NA
1004402940,NA,NA
1004402940,NA,NA
1004402940,NA,NA
1004402940,NA,NA
1004402940,NA,NA
1004402940,NA,NA
1004502350,NA,NA
1004502350,NA,NA
1004502350,NA,NA
1004502350,NA,NA
1004502350,NA,NA
1004502350,NA,NA
1004502350,NA,NA
1004502350,NA,NA
1004502350,NA,NA
1004502350,NA,NA
1004502350,NA,NA
1004502350,NA,NA
1004502350,NA,NA
1004502350,NA,NA
1004502350,NA,NA
1004502360,NA,NA
1004502360,NA,NA
1004502360,NA,NA
1004502360,NA,NA
1004502360,NA,NA
1004502360,NA,NA
1004502360,NA,NA
1004502360,NA,NA
1004502360,NA,NA
1004502360,NA,NA
1004502360,NA,NA
1004502360,NA,NA
1004502360,NA,NA
1004502360,NA,NA
1004502360,NA,NA
1004502370,NA,NA
1004502370,NA,NA
1004502370,NA,NA
1004502370,NA,NA
1004502370,NA,NA
1004502370,NA,NA
1004502370,NA,NA
1004502370,NA,NA
1004502370,NA,NA
1004502370,NA,NA
1004502370,NA,NA
1004502370,NA,NA
1004502370,NA,NA
1004502370,NA,NA
1004502370,NA,NA
1004502380,NA,NA
1004502380,NA,NA
1004502380,NA,NA
1004502380,NA,NA
1004502380,NA,NA
1004502380,NA,NA
1004502380,NA,NA
1004502380,NA,NA
1004502380,NA,NA
1004502380,NA,NA
1004502380,NA,NA
1004502380,NA,NA
1004502380,NA,NA
1004502380,NA,NA
1004502380,NA,NA
1004502390,NA,NA
1004502390,NA,NA
1004502390,NA,NA
1004502390,NA,NA
1004502390,NA,NA
1004502390,NA,NA
1004502390,NA,NA
1004502390,NA,NA
1004502390,NA,NA
1004502390,NA,NA
1004502390,NA,NA
1004502390,NA,NA
1004502390,NA,NA
1004502390,NA,NA
1004502390,NA,NA
1004502880,NA,NA
1004502880,NA,NA
1004502880,NA,NA
1004502880,NA,NA
1004502880,NA,NA
1004502880,NA,NA
1004502880,NA,NA
1004502880,NA,NA
1004502880,NA,NA
1004502880,NA,NA
1004502880,NA,NA
1004502880,NA,NA
1004502880,NA,NA
1004502880,NA,NA
1004502880,NA,NA
1004502890,NA,NA
1004502890,NA,NA
1004502890,NA,NA
1004502890,NA,NA
1004502890,NA,NA
1004502890,NA,NA
1004502890,NA,NA
1004502890,NA,NA
1004502890,NA,NA
1004502890,NA,NA
1004502890,NA,NA
1004502890,NA,NA
1004502890,NA,NA
1004502890,NA,NA
1004502890,NA,NA
1004502900,NA,NA
1004502900,NA,NA
1004502900,NA,NA
1004502900,NA,NA
1004502900,NA,NA
1004502900,NA,NA
1004502900,NA,NA
1004502900,NA,NA
1004502900,NA,NA
1004502900,NA,NA
1004502900,NA,NA
1004502900,NA,NA
1004502900,NA,NA
1004502900,NA,NA
1004502900,NA,NA
1004502910,NA,NA
1004502910,NA,NA
1004502910,NA,NA
1004502910,NA,NA
1004502910,NA,NA
1004502910,NA,NA
1004502910,NA,NA
1004502910,NA,NA
1004502910,NA,NA
1004502910,NA,NA
1004502910,NA,NA
1004502910,NA,NA
1004502910,NA,NA
1004502910,NA,NA
1004502910,NA,NA
1004502920,NA,NA
1004502920,NA,NA
1004502920,NA,NA
1004502920,NA,NA
1004502920,NA,NA
1004502920,NA,NA
1004502920,NA,NA
1004502920,NA,NA
1004502920,NA,NA
1004502920,NA,NA
1004502920,NA,NA
1004502920,NA,NA
1004502920,NA,NA
1004502920,NA,NA
1004502920,NA,NA
1004502930,NA,NA
1004502930,NA,NA
1004502930,NA,NA
1004502930,NA,NA
1004502930,NA,NA
1004502930,NA,NA
1004502930,NA,NA
1004502930,NA,NA
1004502930,NA,NA
1004502930,NA,NA
1004502930,NA,NA
1004502930,NA,NA
1004502930,NA,NA
1004502930,NA,NA
1004502930,NA,NA
1004502940,NA,NA
1004502940,NA,NA
1004502940,NA,NA
1004502940,NA,NA
1004502940,NA,NA
1004502940,NA,NA
1004502940,NA,NA
1004502940,NA,NA
1004502940,NA,NA
1004502940,NA,NA
1004502940,NA,NA
1004502940,NA,NA
1004502940,NA,NA
1004502940,NA,NA
1004502940,NA,NA
1004602340,NA,NA
1004602340,NA,NA
1004602340,NA,NA
1004602340,NA,NA
1004602340,NA,NA
1004602340,NA,NA
1004602340,NA,NA
1004602340,NA,NA
1004602340,NA,NA
1004602340,NA,NA
1004602340,NA,NA
1004602340,NA,NA
1004602340,NA,NA
1004602340,NA,NA
1004602340,NA,NA
1004602350,NA,NA
1004602350,NA,NA
1004602350,NA,NA
1004602350,NA,NA
1004602350,NA,NA
1004602350,NA,NA
1004602350,NA,NA
1004602350,NA,NA
1004602350,NA,NA
1004602350,NA,NA
1004602350,NA,NA
1004602350,NA,NA
1004602350,NA,NA
1004602350,NA,NA
1004602350,NA,NA
1004602360,NA,NA
1004602360,NA,NA
1004602360,NA,NA
1004602360,NA,NA
1004602360,NA,NA
1004602360,NA,NA
1004602360,NA,NA
1004602360,NA,NA
1004602360,NA,NA
1004602360,NA,NA
1004602360,NA,NA
1004602360,NA,NA
1004602360,NA,NA
1004602360,NA,NA
1004602360,NA,NA
1004602370,NA,NA
1004602370,NA,NA
1004602370,NA,NA
1004602370,NA,NA
1004602370,NA,NA
1004602370,NA,NA
1004602370,NA,NA
1004602370,NA,NA
1004602370,NA,NA
1004602370,NA,NA
1004602370,NA,NA
1004602370,NA,NA
1004602370,NA,NA
1004602370,NA,NA
1004602370,NA,NA
1004602380,NA,NA
1004602380,NA,NA
1004602380,NA,NA
1004602380,NA,NA
1004602380,NA,NA
1004602380,NA,NA
1004602380,NA,NA
1004602380,NA,NA
1004602380,NA,NA
1004602380,NA,NA
1004602380,NA,NA
1004602380,NA,NA
1004602380,NA,NA
1004602380,NA,NA
1004602380,NA,NA
1004602390,NA,NA
1004602390,NA,NA
1004602390,NA,NA
1004602390,NA,NA
1004602390,NA,NA
1004602390,NA,NA
1004602390,NA,NA
1004602390,NA,NA
1004602390,NA,NA
1004602390,NA,NA
1004602390,NA,NA
1004602390,NA,NA
1004602390,NA,NA
1004602390,NA,NA
1004602390,NA,NA
1004602870,NA,NA
1004602870,NA,NA
1004602870,NA,NA
1004602870,NA,NA
1004602870,NA,NA
1004602870,NA,NA
1004602870,NA,NA
1004602870,NA,NA
1004602870,NA,NA
1004602870,NA,NA
1004602870,NA,NA
1004602870,NA,NA
1004602870,NA,NA
1004602870,NA,NA
1004602870,NA,NA
1004602880,NA,NA
1004602880,NA,NA
1004602880,NA,NA
1004602880,NA,NA
1004602880,NA,NA
1004602880,NA,NA
1004602880,NA,NA
1004602880,NA,NA
1004602880,NA,NA
1004602880,NA,NA
1004602880,NA,NA
1004602880,NA,NA
1004602880,NA,NA
1004602880,NA,NA
1004602880,NA,NA
1004602890,NA,NA
1004602890,NA,NA
1004602890,NA,NA
1004602890,NA,NA
1004602890,NA,NA
1004602890,NA,NA
1004602890,NA,NA
1004602890,NA,NA
1004602890,NA,NA
1004602890,NA,NA
1004602890,NA,NA
1004602890,NA,NA
1004602890,NA,NA
1004602890,NA,NA
1004602890,NA,NA
1004602900,NA,NA
1004602900,NA,NA
1004602900,NA,NA
1004602900,NA,NA
1004602900,NA,NA
1004602900,NA,NA
1004602900,NA,NA
1004602900,NA,NA
1004602900,NA,NA
1004602900,NA,NA
1004602900,NA,NA
1004602900,NA,NA
1004602900,NA,NA
1004602900,NA,NA
1004602900,NA,NA
1004602910,NA,NA
1004602910,NA,NA
1004602910,NA,NA
1004602910,NA,NA
1004602910,NA,NA
1004602910,NA,NA
1004602910,NA,NA
1004602910,NA,NA
1004602910,NA,NA
1004602910,NA,NA
1004602910,NA,NA
1004602910,NA,NA
1004602910,NA,NA
1004602910,NA,NA
1004602910,NA,NA
1004602920,NA,NA
1004602920,NA,NA
1004602920,NA,NA
1004602920,NA,NA
1004602920,NA,NA
1004602920,NA,NA
1004602920,NA,NA
1004602920,NA,NA
1004602920,NA,NA
1004602920,NA,NA
1004602920,NA,NA
1004602920,NA,NA
1004602920,NA,NA
1004602920,NA,NA
1004602920,NA,NA
1004602930,NA,NA
1004602930,NA,NA
1004602930,NA,NA
1004602930,NA,NA
1004602930,NA,NA
1004602930,NA,NA
1004602930,NA,NA
1004602930,NA,NA
1004602930,NA,NA
1004602930,NA,NA
1004602930,NA,NA
1004602930,NA,NA
1004602930,NA,NA
1004602930,NA,NA
1004602930,NA,NA
1004602940,NA,NA
1004602940,NA,NA
1004602940,NA,NA
1004602940,NA,NA
1004602940,NA,NA
1004602940,NA,NA
1004602940,NA,NA
1004602940,NA,NA
1004602940,NA,NA
1004602940,NA,NA
1004602940,NA,NA
1004602940,NA,NA
1004602940,NA,NA
1004602940,NA,NA
1004602940,NA,NA
1004702340,NA,NA
1004702340,NA,NA
1004702340,NA,NA
1004702340,NA,NA
1004702340,NA,NA
1004702340,NA,NA
1004702340,NA,NA
1004702340,NA,NA
1004702340,NA,NA
1004702340,NA,NA
1004702340,NA,NA
1004702340,NA,NA
1004702340,NA,NA
1004702340,NA,NA
1004702340,NA,NA
1004702350,NA,NA
1004702350,NA,NA
1004702350,NA,NA
1004702350,NA,NA
1004702350,NA,NA
1004702350,NA,NA
1004702350,NA,NA
1004702350,NA,NA
1004702350,NA,NA
1004702350,NA,NA
1004702350,NA,NA
1004702350,NA,NA
1004702350,NA,NA
1004702350,NA,NA
1004702350,NA,NA
1004702360,NA,NA
1004702360,NA,NA
1004702360,NA,NA
1004702360,NA,NA
1004702360,NA,NA
1004702360,NA,NA
1004702360,NA,NA
1004702360,NA,NA
1004702360,NA,NA
1004702360,NA,NA
1004702360,NA,NA
1004702360,NA,NA
1004702360,NA,NA
1004702360,NA,NA
1004702360,NA,NA
1004702370,NA,NA
1004702370,NA,NA
1004702370,NA,NA
1004702370,NA,NA
1004702370,NA,NA
1004702370,NA,NA
1004702370,NA,NA
1004702370,NA,NA
1004702370,NA,NA
1004702370,NA,NA
1004702370,NA,NA
1004702370,NA,NA
1004702370,NA,NA
1004702370,NA,NA
1004702370,NA,NA
1004702380,NA,NA
1004702380,NA,NA
1004702380,NA,NA
1004702380,NA,NA
1004702380,NA,NA
1004702380,NA,NA
1004702380,NA,NA
1004702380,NA,NA
1004702380,NA,NA
1004702380,NA,NA
1004702380,NA,NA
1004702380,NA,NA
1004702380,NA,NA
1004702380,NA,NA
1004702380,NA,NA
1004702390,NA,NA
1004702390,NA,NA
1004702390,NA,NA
1004702390,NA,NA
1004702390,NA,NA
1004702390,NA,NA
1004702390,NA,NA
1004702390,NA,NA
1004702390,NA,NA
1004702390,NA,NA
1004702390,NA,NA
1004702390,NA,NA
1004702390,NA,NA
1004702390,NA,NA
1004702390,NA,NA
1004702840,NA,NA
1004702840,NA,NA
1004702840,NA,NA
1004702840,NA,NA
1004702840,NA,NA
1004702840,NA,NA
1004702840,NA,NA
1004702840,NA,NA
1004702840,NA,NA
1004702840,NA,NA
1004702840,NA,NA
1004702840,NA,NA
1004702840,NA,NA
1004702840,NA,NA
1004702840,NA,NA
1004702850,NA,NA
1004702850,NA,NA
1004702850,NA,NA
1004702850,NA,NA
1004702850,NA,NA
1004702850,NA,NA
1004702850,NA,NA
1004702850,NA,NA
1004702850,NA,NA
1004702850,NA,NA
1004702850,NA,NA
1004702850,NA,NA
1004702850,NA,NA
1004702850,NA,NA
1004702850,NA,NA
1004702860,NA,NA
1004702860,NA,NA
1004702860,NA,NA
1004702860,NA,NA
1004702860,NA,NA
1004702860,NA,NA
1004702860,NA,NA
1004702860,NA,NA
1004702860,NA,NA
1004702860,NA,NA
1004702860,NA,NA
1004702860,NA,NA
1004702860,NA,NA
1004702860,NA,NA
1004702860,NA,NA
1004702870,NA,NA
1004702870,NA,NA
1004702870,NA,NA
1004702870,NA,NA
1004702870,NA,NA
1004702870,NA,NA
1004702870,NA,NA
1004702870,NA,NA
1004702870,NA,NA
1004702870,NA,NA
1004702870,NA,NA
1004702870,NA,NA
1004702870,NA,NA
1004702870,NA,NA
1004702870,NA,NA
1004702880,NA,NA
1004702880,NA,NA
1004702880,NA,NA
1004702880,NA,NA
1004702880,NA,NA
1004702880,NA,NA
1004702880,NA,NA
1004702880,NA,NA
1004702880,NA,NA
1004702880,NA,NA
1004702880,NA,NA
1004702880,NA,NA
1004702880,NA,NA
1004702880,NA,NA
1004702880,NA,NA
1004702890,NA,NA
1004702890,NA,NA
1004702890,NA,NA
1004702890,NA,NA
1004702890,NA,NA
1004702890,NA,NA
1004702890,NA,NA
1004702890,NA,NA
1004702890,NA,NA
1004702890,NA,NA
1004702890,NA,NA
1004702890,NA,NA
1004702890,NA,NA
1004702890,NA,NA
1004702890,NA,NA
1004702900,NA,NA
1004702900,NA,NA
1004702900,NA,NA
1004702900,NA,NA
1004702900,NA,NA
1004702900,NA,NA
1004702900,NA,NA
1004702900,NA,NA
1004702900,NA,NA
1004702900,NA,NA
1004702900,NA,NA
1004702900,NA,NA
1004702900,NA,NA
1004702900,NA,NA
1004702900,NA,NA
1004702910,NA,NA
1004702910,NA,NA
1004702910,NA,NA
1004702910,NA,NA
1004702910,NA,NA
1004702910,NA,NA
1004702910,NA,NA
1004702910,NA,NA
1004702910,NA,NA
1004702910,NA,NA
1004702910,NA,NA
1004702910,NA,NA
1004702910,NA,NA
1004702910,NA,NA
1004702910,NA,NA
1004702920,NA,NA
1004702920,NA,NA
1004702920,NA,NA
1004702920,NA,NA
1004702920,NA,NA
1004702920,NA,NA
1004702920,NA,NA
1004702920,NA,NA
1004702920,NA,NA
1004702920,NA,NA
1004702920,NA,NA
1004702920,NA,NA
1004702920,NA,NA
1004702920,NA,NA
1004702920,NA,NA
1004702930,NA,NA
1004702930,NA,NA
1004702930,NA,NA
1004702930,NA,NA
1004702930,NA,NA
1004702930,NA,NA
1004702930,NA,NA
1004702930,NA,NA
1004702930,NA,NA
1004702930,NA,NA
1004702930,NA,NA
1004702930,NA,NA
1004702930,NA,NA
1004702930,NA,NA
1004702930,NA,NA
1004702940,NA,NA
1004702940,NA,NA
1004702940,NA,NA
1004702940,NA,NA
1004702940,NA,NA
1004702940,NA,NA
1004702940,NA,NA
1004702940,NA,NA
1004702940,NA,NA
1004702940,NA,NA
1004702940,NA,NA
1004702940,NA,NA
1004702940,NA,NA
1004702940,NA,NA
1004702940,NA,NA
1004802340,NA,NA
1004802340,NA,NA
1004802340,NA,NA
1004802340,NA,NA
1004802340,NA,NA
1004802340,NA,NA
1004802340,NA,NA
1004802340,NA,NA
1004802340,NA,NA
1004802340,NA,NA
1004802340,NA,NA
1004802340,NA,NA
1004802340,NA,NA
1004802340,NA,NA
1004802340,NA,NA
1004802350,NA,NA
1004802350,NA,NA
1004802350,NA,NA
1004802350,NA,NA
1004802350,NA,NA
1004802350,NA,NA
1004802350,NA,NA
1004802350,NA,NA
1004802350,NA,NA
1004802350,NA,NA
1004802350,NA,NA
1004802350,NA,NA
1004802350,NA,NA
1004802350,NA,NA
1004802350,NA,NA
1004802360,NA,NA
1004802360,NA,NA
1004802360,NA,NA
1004802360,NA,NA
1004802360,NA,NA
1004802360,NA,NA
1004802360,NA,NA
1004802360,NA,NA
1004802360,NA,NA
1004802360,NA,NA
1004802360,NA,NA
1004802360,NA,NA
1004802360,NA,NA
1004802360,NA,NA
1004802360,NA,NA
1004802370,NA,NA
1004802370,NA,NA
1004802370,NA,NA
1004802370,NA,NA
1004802370,NA,NA
1004802370,NA,NA
1004802370,NA,NA
1004802370,NA,NA
1004802370,NA,NA
1004802370,NA,NA
1004802370,NA,NA
1004802370,NA,NA
1004802370,NA,NA
1004802370,NA,NA
1004802370,NA,NA
1004802380,NA,NA
1004802380,NA,NA
1004802380,NA,NA
1004802380,NA,NA
1004802380,NA,NA
1004802380,NA,NA
1004802380,NA,NA
1004802380,NA,NA
1004802380,NA,NA
1004802380,NA,NA
1004802380,NA,NA
1004802380,NA,NA
1004802380,NA,NA
1004802380,NA,NA
1004802380,NA,NA
1004802390,NA,NA
1004802390,NA,NA
1004802390,NA,NA
1004802390,NA,NA
1004802390,NA,NA
1004802390,NA,NA
1004802390,NA,NA
1004802390,NA,NA
1004802390,NA,NA
1004802390,NA,NA
1004802390,NA,NA
1004802390,NA,NA
1004802390,NA,NA
1004802390,NA,NA
1004802390,NA,NA
1004802840,NA,NA
1004802840,NA,NA
1004802840,NA,NA
1004802840,NA,NA
1004802840,NA,NA
1004802840,NA,NA
1004802840,NA,NA
1004802840,NA,NA
1004802840,NA,NA
1004802840,NA,NA
1004802840,NA,NA
1004802840,NA,NA
1004802840,NA,NA
1004802840,NA,NA
1004802840,NA,NA
1004802850,NA,NA
1004802850,NA,NA
1004802850,NA,NA
1004802850,NA,NA
1004802850,NA,NA
1004802850,NA,NA
1004802850,NA,NA
1004802850,NA,NA
1004802850,NA,NA
1004802850,NA,NA
1004802850,NA,NA
1004802850,NA,NA
1004802850,NA,NA
1004802850,NA,NA
1004802850,NA,NA
1004802860,NA,NA
1004802860,NA,NA
1004802860,NA,NA
1004802860,NA,NA
1004802860,NA,NA
1004802860,NA,NA
1004802860,NA,NA
1004802860,NA,NA
1004802860,NA,NA
1004802860,NA,NA
1004802860,NA,NA
1004802860,NA,NA
1004802860,NA,NA
1004802860,NA,NA
1004802860,NA,NA
1004802870,NA,NA
1004802870,NA,NA
1004802870,NA,NA
1004802870,NA,NA
1004802870,NA,NA
1004802870,NA,NA
1004802870,NA,NA
1004802870,NA,NA
1004802870,NA,NA
1004802870,NA,NA
1004802870,NA,NA
1004802870,NA,NA
1004802870,NA,NA
1004802870,NA,NA
1004802870,NA,NA
1004802880,NA,NA
1004802880,NA,NA
1004802880,NA,NA
1004802880,NA,NA
1004802880,NA,NA
1004802880,NA,NA
1004802880,NA,NA
1004802880,NA,NA
1004802880,NA,NA
1004802880,NA,NA
1004802880,NA,NA
1004802880,NA,NA
1004802880,NA,NA
1004802880,NA,NA
1004802880,NA,NA
1004802890,NA,NA
1004802890,NA,NA
1004802890,NA,NA
1004802890,NA,NA
1004802890,NA,NA
1004802890,NA,NA
1004802890,NA,NA
1004802890,NA,NA
1004802890,NA,NA
1004802890,NA,NA
1004802890,NA,NA
1004802890,NA,NA
1004802890,NA,NA
1004802890,NA,NA
1004802890,NA,NA
1004802900,NA,NA
1004802900,NA,NA
1004802900,NA,NA
1004802900,NA,NA
1004802900,NA,NA
1004802900,NA,NA
1004802900,NA,NA
1004802900,NA,NA
1004802900,NA,NA
1004802900,NA,NA
1004802900,NA,NA
1004802900,NA,NA
1004802900,NA,NA
1004802900,NA,NA
1004802900,NA,NA
1004802910,NA,NA
1004802910,NA,NA
1004802910,NA,NA
1004802910,NA,NA
1004802910,NA,NA
1004802910,NA,NA
1004802910,NA,NA
1004802910,NA,NA
1004802910,NA,NA
1004802910,NA,NA
1004802910,NA,NA
1004802910,NA,NA
1004802910,NA,NA
1004802910,NA,NA
1004802910,NA,NA
1004902340,NA,NA
1004902340,NA,NA
1004902340,NA,NA
1004902340,NA,NA
1004902340,NA,NA
1004902340,NA,NA
1004902340,NA,NA
1004902340,NA,NA
1004902340,NA,NA
1004902340,NA,NA
1004902340,NA,NA
1004902340,NA,NA
1004902340,NA,NA
1004902340,NA,NA
1004902340,NA,NA
1004902350,NA,NA
1004902350,NA,NA
1004902350,NA,NA
1004902350,NA,NA
1004902350,NA,NA
1004902350,NA,NA
1004902350,NA,NA
1004902350,NA,NA
1004902350,NA,NA
1004902350,NA,NA
1004902350,NA,NA
1004902350,NA,NA
1004902350,NA,NA
1004902350,NA,NA
1004902350,NA,NA
1004902360,NA,NA
1004902360,NA,NA
1004902360,NA,NA
1004902360,NA,NA
1004902360,NA,NA
1004902360,NA,NA
1004902360,NA,NA
1004902360,NA,NA
1004902360,NA,NA
1004902360,NA,NA
1004902360,NA,NA
1004902360,NA,NA
1004902360,NA,NA
1004902360,NA,NA
1004902360,NA,NA
1004902370,NA,NA
1004902370,NA,NA
1004902370,NA,NA
1004902370,NA,NA
1004902370,NA,NA
1004902370,NA,NA
1004902370,NA,NA
1004902370,NA,NA
1004902370,NA,NA
1004902370,NA,NA
1004902370,NA,NA
1004902370,NA,NA
1004902370,NA,NA
1004902370,NA,NA
1004902370,NA,NA
1004902380,NA,NA
1004902380,NA,NA
1004902380,NA,NA
1004902380,NA,NA
1004902380,NA,NA
1004902380,NA,NA
1004902380,NA,NA
1004902380,NA,NA
1004902380,NA,NA
1004902380,NA,NA
1004902380,NA,NA
1004902380,NA,NA
1004902380,NA,NA
1004902380,NA,NA
1004902380,NA,NA
1004902820,NA,NA
1004902820,NA,NA
1004902820,NA,NA
1004902820,NA,NA
1004902820,NA,NA
1004902820,NA,NA
1004902820,NA,NA
1004902820,NA,NA
1004902820,NA,NA
1004902820,NA,NA
1004902820,NA,NA
1004902820,NA,NA
1004902820,NA,NA
1004902820,NA,NA
1004902820,NA,NA
1004902830,NA,NA
1004902830,NA,NA
1004902830,NA,NA
1004902830,NA,NA
1004902830,NA,NA
1004902830,NA,NA
1004902830,NA,NA
1004902830,NA,NA
1004902830,NA,NA
1004902830,NA,NA
1004902830,NA,NA
1004902830,NA,NA
1004902830,NA,NA
1004902830,NA,NA
1004902830,NA,NA
1004902840,NA,NA
1004902840,NA,NA
1004902840,NA,NA
1004902840,NA,NA
1004902840,NA,NA
1004902840,NA,NA
1004902840,NA,NA
1004902840,NA,NA
1004902840,NA,NA
1004902840,NA,NA
1004902840,NA,NA
1004902840,NA,NA
1004902840,NA,NA
1004902840,NA,NA
1004902840,NA,NA
1004902850,NA,NA
1004902850,NA,NA
1004902850,NA,NA
1004902850,NA,NA
1004902850,NA,NA
1004902850,NA,NA
1004902850,NA,NA
1004902850,NA,NA
1004902850,NA,NA
1004902850,NA,NA
1004902850,NA,NA
1004902850,NA,NA
1004902850,NA,NA
1004902850,NA,NA
1004902850,NA,NA
1004902860,NA,NA
1004902860,NA,NA
1004902860,NA,NA
1004902860,NA,NA
1004902860,NA,NA
1004902860,NA,NA
1004902860,NA,NA
1004902860,NA,NA
1004902860,NA,NA
1004902860,NA,NA
1004902860,NA,NA
1004902860,NA,NA
1004902860,NA,NA
1004902860,NA,NA
1004902860,NA,NA
1004902870,NA,NA
1004902870,NA,NA
1004902870,NA,NA
1004902870,NA,NA
1004902870,NA,NA
1004902870,NA,NA
1004902870,NA,NA
1004902870,NA,NA
1004902870,NA,NA
1004902870,NA,NA
1004902870,NA,NA
1004902870,NA,NA
1004902870,NA,NA
1004902870,NA,NA
1004902870,NA,NA
1004902880,NA,NA
1004902880,NA,NA
1004902880,NA,NA
1004902880,NA,NA
1004902880,NA,NA
1004902880,NA,NA
1004902880,NA,NA
1004902880,NA,NA
1004902880,NA,NA
1004902880,NA,NA
1004902880,NA,NA
1004902880,NA,NA
1004902880,NA,NA
1004902880,NA,NA
1004902880,NA,NA
1004902890,NA,NA
1004902890,NA,NA
1004902890,NA,NA
1004902890,NA,NA
1004902890,NA,NA
1004902890,NA,NA
1004902890,NA,NA
1004902890,NA,NA
1004902890,NA,NA
1004902890,NA,NA
1004902890,NA,NA
1004902890,NA,NA
1004902890,NA,NA
1004902890,NA,NA
1004902890,NA,NA
1004902900,NA,NA
1004902900,NA,NA
1004902900,NA,NA
1004902900,NA,NA
1004902900,NA,NA
1004902900,NA,NA
1004902900,NA,NA
1004902900,NA,NA
1004902900,NA,NA
1004902900,NA,NA
1004902900,NA,NA
1004902900,NA,NA
1004902900,NA,NA
1004902900,NA,NA
1004902900,NA,NA
1004902910,NA,NA
1004902910,NA,NA
1004902910,NA,NA
1004902910,NA,NA
1004902910,NA,NA
1004902910,NA,NA
1004902910,NA,NA
1004902910,NA,NA
1004902910,NA,NA
1004902910,NA,NA
1004902910,NA,NA
1004902910,NA,NA
1004902910,NA,NA
1004902910,NA,NA
1004902910,NA,NA
1005002350,NA,NA
1005002350,NA,NA
1005002350,NA,NA
1005002350,NA,NA
1005002350,NA,NA
1005002350,NA,NA
1005002350,NA,NA
1005002350,NA,NA
1005002350,NA,NA
1005002350,NA,NA
1005002350,NA,NA
1005002350,NA,NA
1005002350,NA,NA
1005002350,NA,NA
1005002350,NA,NA
1005002360,NA,NA
1005002360,NA,NA
1005002360,NA,NA
1005002360,NA,NA
1005002360,NA,NA
1005002360,NA,NA
1005002360,NA,NA
1005002360,NA,NA
1005002360,NA,NA
1005002360,NA,NA
1005002360,NA,NA
1005002360,NA,NA
1005002360,NA,NA
1005002360,NA,NA
1005002360,NA,NA
1005002370,NA,NA
1005002370,NA,NA
1005002370,NA,NA
1005002370,NA,NA
1005002370,NA,NA
1005002370,NA,NA
1005002370,NA,NA
1005002370,NA,NA
1005002370,NA,NA
1005002370,NA,NA
1005002370,NA,NA
1005002370,NA,NA
1005002370,NA,NA
1005002370,NA,NA
1005002370,NA,NA
1005002380,NA,NA
1005002380,NA,NA
1005002380,NA,NA
1005002380,NA,NA
1005002380,NA,NA
1005002380,NA,NA
1005002380,NA,NA
1005002380,NA,NA
1005002380,NA,NA
1005002380,NA,NA
1005002380,NA,NA
1005002380,NA,NA
1005002380,NA,NA
1005002380,NA,NA
1005002380,NA,NA
1005002390,NA,NA
1005002390,NA,NA
1005002390,NA,NA
1005002390,NA,NA
1005002390,NA,NA
1005002390,NA,NA
1005002390,NA,NA
1005002390,NA,NA
1005002390,NA,NA
1005002390,NA,NA
1005002390,NA,NA
1005002390,NA,NA
1005002390,NA,NA
1005002390,NA,NA
1005002390,NA,NA
1005002810,NA,NA
1005002810,NA,NA
1005002810,NA,NA
1005002810,NA,NA
1005002810,NA,NA
1005002810,NA,NA
1005002810,NA,NA
1005002810,NA,NA
1005002810,NA,NA
1005002810,NA,NA
1005002810,NA,NA
1005002810,NA,NA
1005002810,NA,NA
1005002810,NA,NA
1005002810,NA,NA
1005002820,NA,NA
1005002820,NA,NA
1005002820,NA,NA
1005002820,NA,NA
1005002820,NA,NA
1005002820,NA,NA
1005002820,NA,NA
1005002820,NA,NA
1005002820,NA,NA
1005002820,NA,NA
1005002820,NA,NA
1005002820,NA,NA
1005002820,NA,NA
1005002820,NA,NA
1005002820,NA,NA
1005002830,NA,NA
1005002830,NA,NA
1005002830,NA,NA
1005002830,NA,NA
1005002830,NA,NA
1005002830,NA,NA
1005002830,NA,NA
1005002830,NA,NA
1005002830,NA,NA
1005002830,NA,NA
1005002830,NA,NA
1005002830,NA,NA
1005002830,NA,NA
1005002830,NA,NA
1005002830,NA,NA
1005002840,NA,NA
1005002840,NA,NA
1005002840,NA,NA
1005002840,NA,NA
1005002840,NA,NA
1005002840,NA,NA
1005002840,NA,NA
1005002840,NA,NA
1005002840,NA,NA
1005002840,NA,NA
1005002840,NA,NA
1005002840,NA,NA
1005002840,NA,NA
1005002840,NA,NA
1005002840,NA,NA
1005002850,NA,NA
1005002850,NA,NA
1005002850,NA,NA
1005002850,NA,NA
1005002850,NA,NA
1005002850,NA,NA
1005002850,NA,NA
1005002850,NA,NA
1005002850,NA,NA
1005002850,NA,NA
1005002850,NA,NA
1005002850,NA,NA
1005002850,NA,NA
1005002850,NA,NA
1005002850,NA,NA
1005002860,NA,NA
1005002860,NA,NA
1005002860,NA,NA
1005002860,NA,NA
1005002860,NA,NA
1005002860,NA,NA
1005002860,NA,NA
1005002860,NA,NA
1005002860,NA,NA
1005002860,NA,NA
1005002860,NA,NA
1005002860,NA,NA
1005002860,NA,NA
1005002860,NA,NA
1005002860,NA,NA
1005002870,NA,NA
1005002870,NA,NA
1005002870,NA,NA
1005002870,NA,NA
1005002870,NA,NA
1005002870,NA,NA
1005002870,NA,NA
1005002870,NA,NA
1005002870,NA,NA
1005002870,NA,NA
1005002870,NA,NA
1005002870,NA,NA
1005002870,NA,NA
1005002870,NA,NA
1005002870,NA,NA
1005002880,NA,NA
1005002880,NA,NA
1005002880,NA,NA
1005002880,NA,NA
1005002880,NA,NA
1005002880,NA,NA
1005002880,NA,NA
1005002880,NA,NA
1005002880,NA,NA
1005002880,NA,NA
1005002880,NA,NA
1005002880,NA,NA
1005002880,NA,NA
1005002880,NA,NA
1005002880,NA,NA
1005002890,NA,NA
1005002890,NA,NA
1005002890,NA,NA
1005002890,NA,NA
1005002890,NA,NA
1005002890,NA,NA
1005002890,NA,NA
1005002890,NA,NA
1005002890,NA,NA
1005002890,NA,NA
1005002890,NA,NA
1005002890,NA,NA
1005002890,NA,NA
1005002890,NA,NA
1005002890,NA,NA
1005002900,NA,NA
1005002900,NA,NA
1005002900,NA,NA
1005002900,NA,NA
1005002900,NA,NA
1005002900,NA,NA
1005002900,NA,NA
1005002900,NA,NA
1005002900,NA,NA
1005002900,NA,NA
1005002900,NA,NA
1005002900,NA,NA
1005002900,NA,NA
1005002900,NA,NA
1005002900,NA,NA
1005002910,NA,NA
1005002910,NA,NA
1005002910,NA,NA
1005002910,NA,NA
1005002910,NA,NA
1005002910,NA,NA
1005002910,NA,NA
1005002910,NA,NA
1005002910,NA,NA
1005002910,NA,NA
1005002910,NA,NA
1005002910,NA,NA
1005002910,NA,NA
1005002910,NA,NA
1005002910,NA,NA
1005102350,NA,NA
1005102350,NA,NA
1005102350,NA,NA
1005102350,NA,NA
1005102350,NA,NA
1005102350,NA,NA
1005102350,NA,NA
1005102350,NA,NA
1005102350,NA,NA
1005102350,NA,NA
1005102350,NA,NA
1005102350,NA,NA
1005102350,NA,NA
1005102350,NA,NA
1005102350,NA,NA
1005102360,NA,NA
1005102360,NA,NA
1005102360,NA,NA
1005102360,NA,NA
1005102360,NA,NA
1005102360,NA,NA
1005102360,NA,NA
1005102360,NA,NA
1005102360,NA,NA
1005102360,NA,NA
1005102360,NA,NA
1005102360,NA,NA
1005102360,NA,NA
1005102360,NA,NA
1005102360,NA,NA
1005102370,NA,NA
1005102370,NA,NA
1005102370,NA,NA
1005102370,NA,NA
1005102370,NA,NA
1005102370,NA,NA
1005102370,NA,NA
1005102370,NA,NA
1005102370,NA,NA
1005102370,NA,NA
1005102370,NA,NA
1005102370,NA,NA
1005102370,NA,NA
1005102370,NA,NA
1005102370,NA,NA
1005102380,NA,NA
1005102380,NA,NA
1005102380,NA,NA
1005102380,NA,NA
1005102380,NA,NA
1005102380,NA,NA
1005102380,NA,NA
1005102380,NA,NA
1005102380,NA,NA
1005102380,NA,NA
1005102380,NA,NA
1005102380,NA,NA
1005102380,NA,NA
1005102380,NA,NA
1005102380,NA,NA
1005102390,NA,NA
1005102390,NA,NA
1005102390,NA,NA
1005102390,NA,NA
1005102390,NA,NA
1005102390,NA,NA
1005102390,NA,NA
1005102390,NA,NA
1005102390,NA,NA
1005102390,NA,NA
1005102390,NA,NA
1005102390,NA,NA
1005102390,NA,NA
1005102390,NA,NA
1005102390,NA,NA
1005102810,NA,NA
1005102810,NA,NA
1005102810,NA,NA
1005102810,NA,NA
1005102810,NA,NA
1005102810,NA,NA
1005102810,NA,NA
1005102810,NA,NA
1005102810,NA,NA
1005102810,NA,NA
1005102810,NA,NA
1005102810,NA,NA
1005102810,NA,NA
1005102810,NA,NA
1005102810,NA,NA
1005102820,NA,NA
1005102820,NA,NA
1005102820,NA,NA
1005102820,NA,NA
1005102820,NA,NA
1005102820,NA,NA
1005102820,NA,NA
1005102820,NA,NA
1005102820,NA,NA
1005102820,NA,NA
1005102820,NA,NA
1005102820,NA,NA
1005102820,NA,NA
1005102820,NA,NA
1005102820,NA,NA
1005102830,NA,NA
1005102830,NA,NA
1005102830,NA,NA
1005102830,NA,NA
1005102830,NA,NA
1005102830,NA,NA
1005102830,NA,NA
1005102830,NA,NA
1005102830,NA,NA
1005102830,NA,NA
1005102830,NA,NA
1005102830,NA,NA
1005102830,NA,NA
1005102830,NA,NA
1005102830,NA,NA
1005102840,NA,NA
1005102840,NA,NA
1005102840,NA,NA
1005102840,NA,NA
1005102840,NA,NA
1005102840,NA,NA
1005102840,NA,NA
1005102840,NA,NA
1005102840,NA,NA
1005102840,NA,NA
1005102840,NA,NA
1005102840,NA,NA
1005102840,NA,NA
1005102840,NA,NA
1005102840,NA,NA
1005102850,NA,NA
1005102850,NA,NA
1005102850,NA,NA
1005102850,NA,NA
1005102850,NA,NA
1005102850,NA,NA
1005102850,NA,NA
1005102850,NA,NA
1005102850,NA,NA
1005102850,NA,NA
1005102850,NA,NA
1005102850,NA,NA
1005102850,NA,NA
1005102850,NA,NA
1005102850,NA,NA
1005102860,NA,NA
1005102860,NA,NA
1005102860,NA,NA
1005102860,NA,NA
1005102860,NA,NA
1005102860,NA,NA
1005102860,NA,NA
1005102860,NA,NA
1005102860,NA,NA
1005102860,NA,NA
1005102860,NA,NA
1005102860,NA,NA
1005102860,NA,NA
1005102860,NA,NA
1005102860,NA,NA
1005102870,NA,NA
1005102870,NA,NA
1005102870,NA,NA
1005102870,NA,NA
1005102870,NA,NA
1005102870,NA,NA
1005102870,NA,NA
1005102870,NA,NA
1005102870,NA,NA
1005102870,NA,NA
1005102870,NA,NA
1005102870,NA,NA
1005102870,NA,NA
1005102870,NA,NA
1005102870,NA,NA
1005202350,NA,NA
1005202350,NA,NA
1005202350,NA,NA
1005202350,NA,NA
1005202350,NA,NA
1005202350,NA,NA
1005202350,NA,NA
1005202350,NA,NA
1005202350,NA,NA
1005202350,NA,NA
1005202350,NA,NA
1005202350,NA,NA
1005202350,NA,NA
1005202350,NA,NA
1005202350,NA,NA
1005202360,NA,NA
1005202360,NA,NA
1005202360,NA,NA
1005202360,NA,NA
1005202360,NA,NA
1005202360,NA,NA
1005202360,NA,NA
1005202360,NA,NA
1005202360,NA,NA
1005202360,NA,NA
1005202360,NA,NA
1005202360,NA,NA
1005202360,NA,NA
1005202360,NA,NA
1005202360,NA,NA
1005202370,NA,NA
1005202370,NA,NA
1005202370,NA,NA
1005202370,NA,NA
1005202370,NA,NA
1005202370,NA,NA
1005202370,NA,NA
1005202370,NA,NA
1005202370,NA,NA
1005202370,NA,NA
1005202370,NA,NA
1005202370,NA,NA
1005202370,NA,NA
1005202370,NA,NA
1005202370,NA,NA
1005202380,NA,NA
1005202380,NA,NA
1005202380,NA,NA
1005202380,NA,NA
1005202380,NA,NA
1005202380,NA,NA
1005202380,NA,NA
1005202380,NA,NA
1005202380,NA,NA
1005202380,NA,NA
1005202380,NA,NA
1005202380,NA,NA
1005202380,NA,NA
1005202380,NA,NA
1005202380,NA,NA
1005202390,NA,NA
1005202390,NA,NA
1005202390,NA,NA
1005202390,NA,NA
1005202390,NA,NA
1005202390,NA,NA
1005202390,NA,NA
1005202390,NA,NA
1005202390,NA,NA
1005202390,NA,NA
1005202390,NA,NA
1005202390,NA,NA
1005202390,NA,NA
1005202390,NA,NA
1005202390,NA,NA
1005202400,NA,NA
1005202400,NA,NA
1005202400,NA,NA
1005202400,NA,NA
1005202400,NA,NA
1005202400,NA,NA
1005202400,NA,NA
1005202400,NA,NA
1005202400,NA,NA
1005202400,NA,NA
1005202400,NA,NA
1005202400,NA,NA
1005202400,NA,NA
1005202400,NA,NA
1005202400,NA,NA
1005202810,NA,NA
1005202810,NA,NA
1005202810,NA,NA
1005202810,NA,NA
1005202810,NA,NA
1005202810,NA,NA
1005202810,NA,NA
1005202810,NA,NA
1005202810,NA,NA
1005202810,NA,NA
1005202810,NA,NA
1005202810,NA,NA
1005202810,NA,NA
1005202810,NA,NA
1005202810,NA,NA
1005202820,NA,NA
1005202820,NA,NA
1005202820,NA,NA
1005202820,NA,NA
1005202820,NA,NA
1005202820,NA,NA
1005202820,NA,NA
1005202820,NA,NA
1005202820,NA,NA
1005202820,NA,NA
1005202820,NA,NA
1005202820,NA,NA
1005202820,NA,NA
1005202820,NA,NA
1005202820,NA,NA
1005202830,NA,NA
1005202830,NA,NA
1005202830,NA,NA
1005202830,NA,NA
1005202830,NA,NA
1005202830,NA,NA
1005202830,NA,NA
1005202830,NA,NA
1005202830,NA,NA
1005202830,NA,NA
1005202830,NA,NA
1005202830,NA,NA
1005202830,NA,NA
1005202830,NA,NA
1005202830,NA,NA
1005202840,NA,NA
1005202840,NA,NA
1005202840,NA,NA
1005202840,NA,NA
1005202840,NA,NA
1005202840,NA,NA
1005202840,NA,NA
1005202840,NA,NA
1005202840,NA,NA
1005202840,NA,NA
1005202840,NA,NA
1005202840,NA,NA
1005202840,NA,NA
1005202840,NA,NA
1005202840,NA,NA
1005202850,NA,NA
1005202850,NA,NA
1005202850,NA,NA
1005202850,NA,NA
1005202850,NA,NA
1005202850,NA,NA
1005202850,NA,NA
1005202850,NA,NA
1005202850,NA,NA
1005202850,NA,NA
1005202850,NA,NA
1005202850,NA,NA
1005202850,NA,NA
1005202850,NA,NA
1005202850,NA,NA
1005202860,NA,NA
1005202860,NA,NA
1005202860,NA,NA
1005202860,NA,NA
1005202860,NA,NA
1005202860,NA,NA
1005202860,NA,NA
1005202860,NA,NA
1005202860,NA,NA
1005202860,NA,NA
1005202860,NA,NA
1005202860,NA,NA
1005202860,NA,NA
1005202860,NA,NA
1005202860,NA,NA
1005202870,NA,NA
1005202870,NA,NA
1005202870,NA,NA
1005202870,NA,NA
1005202870,NA,NA
1005202870,NA,NA
1005202870,NA,NA
1005202870,NA,NA
1005202870,NA,NA
1005202870,NA,NA
1005202870,NA,NA
1005202870,NA,NA
1005202870,NA,NA
1005202870,NA,NA
1005202870,NA,NA
1005302360,NA,NA
1005302360,NA,NA
1005302360,NA,NA
1005302360,NA,NA
1005302360,NA,NA
1005302360,NA,NA
1005302360,NA,NA
1005302360,NA,NA
1005302360,NA,NA
1005302360,NA,NA
1005302360,NA,NA
1005302360,NA,NA
1005302360,NA,NA
1005302360,NA,NA
1005302360,NA,NA
1005302370,NA,NA
1005302370,NA,NA
1005302370,NA,NA
1005302370,NA,NA
1005302370,NA,NA
1005302370,NA,NA
1005302370,NA,NA
1005302370,NA,NA
1005302370,NA,NA
1005302370,NA,NA
1005302370,NA,NA
1005302370,NA,NA
1005302370,NA,NA
1005302370,NA,NA
1005302370,NA,NA
1005302380,NA,NA
1005302380,NA,NA
1005302380,NA,NA
1005302380,NA,NA
1005302380,NA,NA
1005302380,NA,NA
1005302380,NA,NA
1005302380,NA,NA
1005302380,NA,NA
1005302380,NA,NA
1005302380,NA,NA
1005302380,NA,NA
1005302380,NA,NA
1005302380,NA,NA
1005302380,NA,NA
1005302390,NA,NA
1005302390,NA,NA
1005302390,NA,NA
1005302390,NA,NA
1005302390,NA,NA
1005302390,NA,NA
1005302390,NA,NA
1005302390,NA,NA
1005302390,NA,NA
1005302390,NA,NA
1005302390,NA,NA
1005302390,NA,NA
1005302390,NA,NA
1005302390,NA,NA
1005302390,NA,NA
1005302400,NA,NA
1005302400,NA,NA
1005302400,NA,NA
1005302400,NA,NA
1005302400,NA,NA
1005302400,NA,NA
1005302400,NA,NA
1005302400,NA,NA
1005302400,NA,NA
1005302400,NA,NA
1005302400,NA,NA
1005302400,NA,NA
1005302400,NA,NA
1005302400,NA,NA
1005302400,NA,NA
1005302410,NA,NA
1005302410,NA,NA
1005302410,NA,NA
1005302410,NA,NA
1005302410,NA,NA
1005302410,NA,NA
1005302410,NA,NA
1005302410,NA,NA
1005302410,NA,NA
1005302410,NA,NA
1005302410,NA,NA
1005302410,NA,NA
1005302410,NA,NA
1005302410,NA,NA
1005302410,NA,NA
1005302810,NA,NA
1005302810,NA,NA
1005302810,NA,NA
1005302810,NA,NA
1005302810,NA,NA
1005302810,NA,NA
1005302810,NA,NA
1005302810,NA,NA
1005302810,NA,NA
1005302810,NA,NA
1005302810,NA,NA
1005302810,NA,NA
1005302810,NA,NA
1005302810,NA,NA
1005302810,NA,NA
1005302820,NA,NA
1005302820,NA,NA
1005302820,NA,NA
1005302820,NA,NA
1005302820,NA,NA
1005302820,NA,NA
1005302820,NA,NA
1005302820,NA,NA
1005302820,NA,NA
1005302820,NA,NA
1005302820,NA,NA
1005302820,NA,NA
1005302820,NA,NA
1005302820,NA,NA
1005302820,NA,NA
1005302830,NA,NA
1005302830,NA,NA
1005302830,NA,NA
1005302830,NA,NA
1005302830,NA,NA
1005302830,NA,NA
1005302830,NA,NA
1005302830,NA,NA
1005302830,NA,NA
1005302830,NA,NA
1005302830,NA,NA
1005302830,NA,NA
1005302830,NA,NA
1005302830,NA,NA
1005302830,NA,NA
1005302840,NA,NA
1005302840,NA,NA
1005302840,NA,NA
1005302840,NA,NA
1005302840,NA,NA
1005302840,NA,NA
1005302840,NA,NA
1005302840,NA,NA
1005302840,NA,NA
1005302840,NA,NA
1005302840,NA,NA
1005302840,NA,NA
1005302840,NA,NA
1005302840,NA,NA
1005302840,NA,NA
1005302850,NA,NA
1005302850,NA,NA
1005302850,NA,NA
1005302850,NA,NA
1005302850,NA,NA
1005302850,NA,NA
1005302850,NA,NA
1005302850,NA,NA
1005302850,NA,NA
1005302850,NA,NA
1005302850,NA,NA
1005302850,NA,NA
1005302850,NA,NA
1005302850,NA,NA
1005302850,NA,NA
1005302860,NA,NA
1005302860,NA,NA
1005302860,NA,NA
1005302860,NA,NA
1005302860,NA,NA
1005302860,NA,NA
1005302860,NA,NA
1005302860,NA,NA
1005302860,NA,NA
1005302860,NA,NA
1005302860,NA,NA
1005302860,NA,NA
1005302860,NA,NA
1005302860,NA,NA
1005302860,NA,NA
1005402360,NA,NA
1005402360,NA,NA
1005402360,NA,NA
1005402360,NA,NA
1005402360,NA,NA
1005402360,NA,NA
1005402360,NA,NA
1005402360,NA,NA
1005402360,NA,NA
1005402360,NA,NA
1005402360,NA,NA
1005402360,NA,NA
1005402360,NA,NA
1005402360,NA,NA
1005402360,NA,NA
1005402370,NA,NA
1005402370,NA,NA
1005402370,NA,NA
1005402370,NA,NA
1005402370,NA,NA
1005402370,NA,NA
1005402370,NA,NA
1005402370,NA,NA
1005402370,NA,NA
1005402370,NA,NA
1005402370,NA,NA
1005402370,NA,NA
1005402370,NA,NA
1005402370,NA,NA
1005402370,NA,NA
1005402380,NA,NA
1005402380,NA,NA
1005402380,NA,NA
1005402380,NA,NA
1005402380,NA,NA
1005402380,NA,NA
1005402380,NA,NA
1005402380,NA,NA
1005402380,NA,NA
1005402380,NA,NA
1005402380,NA,NA
1005402380,NA,NA
1005402380,NA,NA
1005402380,NA,NA
1005402380,NA,NA
1005402390,NA,NA
1005402390,NA,NA
1005402390,NA,NA
1005402390,NA,NA
1005402390,NA,NA
1005402390,NA,NA
1005402390,NA,NA
1005402390,NA,NA
1005402390,NA,NA
1005402390,NA,NA
1005402390,NA,NA
1005402390,NA,NA
1005402390,NA,NA
1005402390,NA,NA
1005402390,NA,NA
1005402400,NA,NA
1005402400,NA,NA
1005402400,NA,NA
1005402400,NA,NA
1005402400,NA,NA
1005402400,NA,NA
1005402400,NA,NA
1005402400,NA,NA
1005402400,NA,NA
1005402400,NA,NA
1005402400,NA,NA
1005402400,NA,NA
1005402400,NA,NA
1005402400,NA,NA
1005402400,NA,NA
1005402410,NA,NA
1005402410,NA,NA
1005402410,NA,NA
1005402410,NA,NA
1005402410,NA,NA
1005402410,NA,NA
1005402410,NA,NA
1005402410,NA,NA
1005402410,NA,NA
1005402410,NA,NA
1005402410,NA,NA
1005402410,NA,NA
1005402410,NA,NA
1005402410,NA,NA
1005402410,NA,NA
1005402420,NA,NA
1005402420,NA,NA
1005402420,NA,NA
1005402420,NA,NA
1005402420,NA,NA
1005402420,NA,NA
1005402420,NA,NA
1005402420,NA,NA
1005402420,NA,NA
1005402420,NA,NA
1005402420,NA,NA
1005402420,NA,NA
1005402420,NA,NA
1005402420,NA,NA
1005402420,NA,NA
1005402430,NA,NA
1005402430,NA,NA
1005402430,NA,NA
1005402430,NA,NA
1005402430,NA,NA
1005402430,NA,NA
1005402430,NA,NA
1005402430,NA,NA
1005402430,NA,NA
1005402430,NA,NA
1005402430,NA,NA
1005402430,NA,NA
1005402430,NA,NA
1005402430,NA,NA
1005402430,NA,NA
1005402810,NA,NA
1005402810,NA,NA
1005402810,NA,NA
1005402810,NA,NA
1005402810,NA,NA
1005402810,NA,NA
1005402810,NA,NA
1005402810,NA,NA
1005402810,NA,NA
1005402810,NA,NA
1005402810,NA,NA
1005402810,NA,NA
1005402810,NA,NA
1005402810,NA,NA
1005402810,NA,NA
1005402820,NA,NA
1005402820,NA,NA
1005402820,NA,NA
1005402820,NA,NA
1005402820,NA,NA
1005402820,NA,NA
1005402820,NA,NA
1005402820,NA,NA
1005402820,NA,NA
1005402820,NA,NA
1005402820,NA,NA
1005402820,NA,NA
1005402820,NA,NA
1005402820,NA,NA
1005402820,NA,NA
1005402830,NA,NA
1005402830,NA,NA
1005402830,NA,NA
1005402830,NA,NA
1005402830,NA,NA
1005402830,NA,NA
1005402830,NA,NA
1005402830,NA,NA
1005402830,NA,NA
1005402830,NA,NA
1005402830,NA,NA
1005402830,NA,NA
1005402830,NA,NA
1005402830,NA,NA
1005402830,NA,NA
1005402840,NA,NA
1005402840,NA,NA
1005402840,NA,NA
1005402840,NA,NA
1005402840,NA,NA
1005402840,NA,NA
1005402840,NA,NA
1005402840,NA,NA
1005402840,NA,NA
1005402840,NA,NA
1005402840,NA,NA
1005402840,NA,NA
1005402840,NA,NA
1005402840,NA,NA
1005402840,NA,NA
1005402850,NA,NA
1005402850,NA,NA
1005402850,NA,NA
1005402850,NA,NA
1005402850,NA,NA
1005402850,NA,NA
1005402850,NA,NA
1005402850,NA,NA
1005402850,NA,NA
1005402850,NA,NA
1005402850,NA,NA
1005402850,NA,NA
1005402850,NA,NA
1005402850,NA,NA
1005402850,NA,NA
1005402860,NA,NA
1005402860,NA,NA
1005402860,NA,NA
1005402860,NA,NA
1005402860,NA,NA
1005402860,NA,NA
1005402860,NA,NA
1005402860,NA,NA
1005402860,NA,NA
1005402860,NA,NA
1005402860,NA,NA
1005402860,NA,NA
1005402860,NA,NA
1005402860,NA,NA
1005402860,NA,NA
1005502370,NA,NA
1005502370,NA,NA
1005502370,NA,NA
1005502370,NA,NA
1005502370,NA,NA
1005502370,NA,NA
1005502370,NA,NA
1005502370,NA,NA
1005502370,NA,NA
1005502370,NA,NA
1005502370,NA,NA
1005502370,NA,NA
1005502370,NA,NA
1005502370,NA,NA
1005502370,NA,NA
1005502380,NA,NA
1005502380,NA,NA
1005502380,NA,NA
1005502380,NA,NA
1005502380,NA,NA
1005502380,NA,NA
1005502380,NA,NA
1005502380,NA,NA
1005502380,NA,NA
1005502380,NA,NA
1005502380,NA,NA
1005502380,NA,NA
1005502380,NA,NA
1005502380,NA,NA
1005502380,NA,NA
1005502390,NA,NA
1005502390,NA,NA
1005502390,NA,NA
1005502390,NA,NA
1005502390,NA,NA
1005502390,NA,NA
1005502390,NA,NA
1005502390,NA,NA
1005502390,NA,NA
1005502390,NA,NA
1005502390,NA,NA
1005502390,NA,NA
1005502390,NA,NA
1005502390,NA,NA
1005502390,NA,NA
1005502400,NA,NA
1005502400,NA,NA
1005502400,NA,NA
1005502400,NA,NA
1005502400,NA,NA
1005502400,NA,NA
1005502400,NA,NA
1005502400,NA,NA
1005502400,NA,NA
1005502400,NA,NA
1005502400,NA,NA
1005502400,NA,NA
1005502400,NA,NA
1005502400,NA,NA
1005502400,NA,NA
1005502410,NA,NA
1005502410,NA,NA
1005502410,NA,NA
1005502410,NA,NA
1005502410,NA,NA
1005502410,NA,NA
1005502410,NA,NA
1005502410,NA,NA
1005502410,NA,NA
1005502410,NA,NA
1005502410,NA,NA
1005502410,NA,NA
1005502410,NA,NA
1005502410,NA,NA
1005502410,NA,NA
1005502420,NA,NA
1005502420,NA,NA
1005502420,NA,NA
1005502420,NA,NA
1005502420,NA,NA
1005502420,NA,NA
1005502420,NA,NA
1005502420,NA,NA
1005502420,NA,NA
1005502420,NA,NA
1005502420,NA,NA
1005502420,NA,NA
1005502420,NA,NA
1005502420,NA,NA
1005502420,NA,NA
1005502430,NA,NA
1005502430,NA,NA
1005502430,NA,NA
1005502430,NA,NA
1005502430,NA,NA
1005502430,NA,NA
1005502430,NA,NA
1005502430,NA,NA
1005502430,NA,NA
1005502430,NA,NA
1005502430,NA,NA
1005502430,NA,NA
1005502430,NA,NA
1005502430,NA,NA
1005502430,NA,NA
1005502800,NA,NA
1005502800,NA,NA
1005502800,NA,NA
1005502800,NA,NA
1005502800,NA,NA
1005502800,NA,NA
1005502800,NA,NA
1005502800,NA,NA
1005502800,NA,NA
1005502800,NA,NA
1005502800,NA,NA
1005502800,NA,NA
1005502800,NA,NA
1005502800,NA,NA
1005502800,NA,NA
1005502810,NA,NA
1005502810,NA,NA
1005502810,NA,NA
1005502810,NA,NA
1005502810,NA,NA
1005502810,NA,NA
1005502810,NA,NA
1005502810,NA,NA
1005502810,NA,NA
1005502810,NA,NA
1005502810,NA,NA
1005502810,NA,NA
1005502810,NA,NA
1005502810,NA,NA
1005502810,NA,NA
1005502820,NA,NA
1005502820,NA,NA
1005502820,NA,NA
1005502820,NA,NA
1005502820,NA,NA
1005502820,NA,NA
1005502820,NA,NA
1005502820,NA,NA
1005502820,NA,NA
1005502820,NA,NA
1005502820,NA,NA
1005502820,NA,NA
1005502820,NA,NA
1005502820,NA,NA
1005502820,NA,NA
1005502830,NA,NA
1005502830,NA,NA
1005502830,NA,NA
1005502830,NA,NA
1005502830,NA,NA
1005502830,NA,NA
1005502830,NA,NA
1005502830,NA,NA
1005502830,NA,NA
1005502830,NA,NA
1005502830,NA,NA
1005502830,NA,NA
1005502830,NA,NA
1005502830,NA,NA
1005502830,NA,NA
1005502840,NA,NA
1005502840,NA,NA
1005502840,NA,NA
1005502840,NA,NA
1005502840,NA,NA
1005502840,NA,NA
1005502840,NA,NA
1005502840,NA,NA
1005502840,NA,NA
1005502840,NA,NA
1005502840,NA,NA
1005502840,NA,NA
1005502840,NA,NA
1005502840,NA,NA
1005502840,NA,NA
1005502850,NA,NA
1005502850,NA,NA
1005502850,NA,NA
1005502850,NA,NA
1005502850,NA,NA
1005502850,NA,NA
1005502850,NA,NA
1005502850,NA,NA
1005502850,NA,NA
1005502850,NA,NA
1005502850,NA,NA
1005502850,NA,NA
1005502850,NA,NA
1005502850,NA,NA
1005502850,NA,NA
1005502860,NA,NA
1005502860,NA,NA
1005502860,NA,NA
1005502860,NA,NA
1005502860,NA,NA
1005502860,NA,NA
1005502860,NA,NA
1005502860,NA,NA
1005502860,NA,NA
1005502860,NA,NA
1005502860,NA,NA
1005502860,NA,NA
1005502860,NA,NA
1005502860,NA,NA
1005502860,NA,NA
1005602380,NA,NA
1005602380,NA,NA
1005602380,NA,NA
1005602380,NA,NA
1005602380,NA,NA
1005602380,NA,NA
1005602380,NA,NA
1005602380,NA,NA
1005602380,NA,NA
1005602380,NA,NA
1005602380,NA,NA
1005602380,NA,NA
1005602380,NA,NA
1005602380,NA,NA
1005602380,NA,NA
1005602390,NA,NA
1005602390,NA,NA
1005602390,NA,NA
1005602390,NA,NA
1005602390,NA,NA
1005602390,NA,NA
1005602390,NA,NA
1005602390,NA,NA
1005602390,NA,NA
1005602390,NA,NA
1005602390,NA,NA
1005602390,NA,NA
1005602390,NA,NA
1005602390,NA,NA
1005602390,NA,NA
1005602400,NA,NA
1005602400,NA,NA
1005602400,NA,NA
1005602400,NA,NA
1005602400,NA,NA
1005602400,NA,NA
1005602400,NA,NA
1005602400,NA,NA
1005602400,NA,NA
1005602400,NA,NA
1005602400,NA,NA
1005602400,NA,NA
1005602400,NA,NA
1005602400,NA,NA
1005602400,NA,NA
1005602410,NA,NA
1005602410,NA,NA
1005602410,NA,NA
1005602410,NA,NA
1005602410,NA,NA
1005602410,NA,NA
1005602410,NA,NA
1005602410,NA,NA
1005602410,NA,NA
1005602410,NA,NA
1005602410,NA,NA
1005602410,NA,NA
1005602410,NA,NA
1005602410,NA,NA
1005602410,NA,NA
1005602420,NA,NA
1005602420,NA,NA
1005602420,NA,NA
1005602420,NA,NA
1005602420,NA,NA
1005602420,NA,NA
1005602420,NA,NA
1005602420,NA,NA
1005602420,NA,NA
1005602420,NA,NA
1005602420,NA,NA
1005602420,NA,NA
1005602420,NA,NA
1005602420,NA,NA
1005602420,NA,NA
1005602430,NA,NA
1005602430,NA,NA
1005602430,NA,NA
1005602430,NA,NA
1005602430,NA,NA
1005602430,NA,NA
1005602430,NA,NA
1005602430,NA,NA
1005602430,NA,NA
1005602430,NA,NA
1005602430,NA,NA
1005602430,NA,NA
1005602430,NA,NA
1005602430,NA,NA
1005602430,NA,NA
1005602440,NA,NA
1005602440,NA,NA
1005602440,NA,NA
1005602440,NA,NA
1005602440,NA,NA
1005602440,NA,NA
1005602440,NA,NA
1005602440,NA,NA
1005602440,NA,NA
1005602440,NA,NA
1005602440,NA,NA
1005602440,NA,NA
1005602440,NA,NA
1005602440,NA,NA
1005602440,NA,NA
1005602450,NA,NA
1005602450,NA,NA
1005602450,NA,NA
1005602450,NA,NA
1005602450,NA,NA
1005602450,NA,NA
1005602450,NA,NA
1005602450,NA,NA
1005602450,NA,NA
1005602450,NA,NA
1005602450,NA,NA
1005602450,NA,NA
1005602450,NA,NA
1005602450,NA,NA
1005602450,NA,NA
1005602780,NA,NA
1005602780,NA,NA
1005602780,NA,NA
1005602780,NA,NA
1005602780,NA,NA
1005602780,NA,NA
1005602780,NA,NA
1005602780,NA,NA
1005602780,NA,NA
1005602780,NA,NA
1005602780,NA,NA
1005602780,NA,NA
1005602780,NA,NA
1005602780,NA,NA
1005602780,NA,NA
1005602790,NA,NA
1005602790,NA,NA
1005602790,NA,NA
1005602790,NA,NA
1005602790,NA,NA
1005602790,NA,NA
1005602790,NA,NA
1005602790,NA,NA
1005602790,NA,NA
1005602790,NA,NA
1005602790,NA,NA
1005602790,NA,NA
1005602790,NA,NA
1005602790,NA,NA
1005602790,NA,NA
1005602800,NA,NA
1005602800,NA,NA
1005602800,NA,NA
1005602800,NA,NA
1005602800,NA,NA
1005602800,NA,NA
1005602800,NA,NA
1005602800,NA,NA
1005602800,NA,NA
1005602800,NA,NA
1005602800,NA,NA
1005602800,NA,NA
1005602800,NA,NA
1005602800,NA,NA
1005602800,NA,NA
1005602810,NA,NA
1005602810,NA,NA
1005602810,NA,NA
1005602810,NA,NA
1005602810,NA,NA
1005602810,NA,NA
1005602810,NA,NA
1005602810,NA,NA
1005602810,NA,NA
1005602810,NA,NA
1005602810,NA,NA
1005602810,NA,NA
1005602810,NA,NA
1005602810,NA,NA
1005602810,NA,NA
1005602820,NA,NA
1005602820,NA,NA
1005602820,NA,NA
1005602820,NA,NA
1005602820,NA,NA
1005602820,NA,NA
1005602820,NA,NA
1005602820,NA,NA
1005602820,NA,NA
1005602820,NA,NA
1005602820,NA,NA
1005602820,NA,NA
1005602820,NA,NA
1005602820,NA,NA
1005602820,NA,NA
1005602830,NA,NA
1005602830,NA,NA
1005602830,NA,NA
1005602830,NA,NA
1005602830,NA,NA
1005602830,NA,NA
1005602830,NA,NA
1005602830,NA,NA
1005602830,NA,NA
1005602830,NA,NA
1005602830,NA,NA
1005602830,NA,NA
1005602830,NA,NA
1005602830,NA,NA
1005602830,NA,NA
1005602840,NA,NA
1005602840,NA,NA
1005602840,NA,NA
1005602840,NA,NA
1005602840,NA,NA
1005602840,NA,NA
1005602840,NA,NA
1005602840,NA,NA
1005602840,NA,NA
1005602840,NA,NA
1005602840,NA,NA
1005602840,NA,NA
1005602840,NA,NA
1005602840,NA,NA
1005602840,NA,NA
1005602850,NA,NA
1005602850,NA,NA
1005602850,NA,NA
1005602850,NA,NA
1005602850,NA,NA
1005602850,NA,NA
1005602850,NA,NA
1005602850,NA,NA
1005602850,NA,NA
1005602850,NA,NA
1005602850,NA,NA
1005602850,NA,NA
1005602850,NA,NA
1005602850,NA,NA
1005602850,NA,NA
1005602860,NA,NA
1005602860,NA,NA
1005602860,NA,NA
1005602860,NA,NA
1005602860,NA,NA
1005602860,NA,NA
1005602860,NA,NA
1005602860,NA,NA
1005602860,NA,NA
1005602860,NA,NA
1005602860,NA,NA
1005602860,NA,NA
1005602860,NA,NA
1005602860,NA,NA
1005602860,NA,NA
1005702380,NA,NA
1005702380,NA,NA
1005702380,NA,NA
1005702380,NA,NA
1005702380,NA,NA
1005702380,NA,NA
1005702380,NA,NA
1005702380,NA,NA
1005702380,NA,NA
1005702380,NA,NA
1005702380,NA,NA
1005702380,NA,NA
1005702380,NA,NA
1005702380,NA,NA
1005702380,NA,NA
1005702390,NA,NA
1005702390,NA,NA
1005702390,NA,NA
1005702390,NA,NA
1005702390,NA,NA
1005702390,NA,NA
1005702390,NA,NA
1005702390,NA,NA
1005702390,NA,NA
1005702390,NA,NA
1005702390,NA,NA
1005702390,NA,NA
1005702390,NA,NA
1005702390,NA,NA
1005702390,NA,NA
1005702400,NA,NA
1005702400,NA,NA
1005702400,NA,NA
1005702400,NA,NA
1005702400,NA,NA
1005702400,NA,NA
1005702400,NA,NA
1005702400,NA,NA
1005702400,NA,NA
1005702400,NA,NA
1005702400,NA,NA
1005702400,NA,NA
1005702400,NA,NA
1005702400,NA,NA
1005702400,NA,NA
1005702410,NA,NA
1005702410,NA,NA
1005702410,NA,NA
1005702410,NA,NA
1005702410,NA,NA
1005702410,NA,NA
1005702410,NA,NA
1005702410,NA,NA
1005702410,NA,NA
1005702410,NA,NA
1005702410,NA,NA
1005702410,NA,NA
1005702410,NA,NA
1005702410,NA,NA
1005702410,NA,NA
1005702420,NA,NA
1005702420,NA,NA
1005702420,NA,NA
1005702420,NA,NA
1005702420,NA,NA
1005702420,NA,NA
1005702420,NA,NA
1005702420,NA,NA
1005702420,NA,NA
1005702420,NA,NA
1005702420,NA,NA
1005702420,NA,NA
1005702420,NA,NA
1005702420,NA,NA
1005702420,NA,NA
1005702430,NA,NA
1005702430,NA,NA
1005702430,NA,NA
1005702430,NA,NA
1005702430,NA,NA
1005702430,NA,NA
1005702430,NA,NA
1005702430,NA,NA
1005702430,NA,NA
1005702430,NA,NA
1005702430,NA,NA
1005702430,NA,NA
1005702430,NA,NA
1005702430,NA,NA
1005702430,NA,NA
1005702440,NA,NA
1005702440,NA,NA
1005702440,NA,NA
1005702440,NA,NA
1005702440,NA,NA
1005702440,NA,NA
1005702440,NA,NA
1005702440,NA,NA
1005702440,NA,NA
1005702440,NA,NA
1005702440,NA,NA
1005702440,NA,NA
1005702440,NA,NA
1005702440,NA,NA
1005702440,NA,NA
1005702450,NA,NA
1005702450,NA,NA
1005702450,NA,NA
1005702450,NA,NA
1005702450,NA,NA
1005702450,NA,NA
1005702450,NA,NA
1005702450,NA,NA
1005702450,NA,NA
1005702450,NA,NA
1005702450,NA,NA
1005702450,NA,NA
1005702450,NA,NA
1005702450,NA,NA
1005702450,NA,NA
1005702770,NA,NA
1005702770,NA,NA
1005702770,NA,NA
1005702770,NA,NA
1005702770,NA,NA
1005702770,NA,NA
1005702770,NA,NA
1005702770,NA,NA
1005702770,NA,NA
1005702770,NA,NA
1005702770,NA,NA
1005702770,NA,NA
1005702770,NA,NA
1005702770,NA,NA
1005702770,NA,NA
1005702780,NA,NA
1005702780,NA,NA
1005702780,NA,NA
1005702780,NA,NA
1005702780,NA,NA
1005702780,NA,NA
1005702780,NA,NA
1005702780,NA,NA
1005702780,NA,NA
1005702780,NA,NA
1005702780,NA,NA
1005702780,NA,NA
1005702780,NA,NA
1005702780,NA,NA
1005702780,NA,NA
1005702790,NA,NA
1005702790,NA,NA
1005702790,NA,NA
1005702790,NA,NA
1005702790,NA,NA
1005702790,NA,NA
1005702790,NA,NA
1005702790,NA,NA
1005702790,NA,NA
1005702790,NA,NA
1005702790,NA,NA
1005702790,NA,NA
1005702790,NA,NA
1005702790,NA,NA
1005702790,NA,NA
1005702800,NA,NA
1005702800,NA,NA
1005702800,NA,NA
1005702800,NA,NA
1005702800,NA,NA
1005702800,NA,NA
1005702800,NA,NA
1005702800,NA,NA
1005702800,NA,NA
1005702800,NA,NA
1005702800,NA,NA
1005702800,NA,NA
1005702800,NA,NA
1005702800,NA,NA
1005702800,NA,NA
1005702810,NA,NA
1005702810,NA,NA
1005702810,NA,NA
1005702810,NA,NA
1005702810,NA,NA
1005702810,NA,NA
1005702810,NA,NA
1005702810,NA,NA
1005702810,NA,NA
1005702810,NA,NA
1005702810,NA,NA
1005702810,NA,NA
1005702810,NA,NA
1005702810,NA,NA
1005702810,NA,NA
1005702820,NA,NA
1005702820,NA,NA
1005702820,NA,NA
1005702820,NA,NA
1005702820,NA,NA
1005702820,NA,NA
1005702820,NA,NA
1005702820,NA,NA
1005702820,NA,NA
1005702820,NA,NA
1005702820,NA,NA
1005702820,NA,NA
1005702820,NA,NA
1005702820,NA,NA
1005702820,NA,NA
1005702830,NA,NA
1005702830,NA,NA
1005702830,NA,NA
1005702830,NA,NA
1005702830,NA,NA
1005702830,NA,NA
1005702830,NA,NA
1005702830,NA,NA
1005702830,NA,NA
1005702830,NA,NA
1005702830,NA,NA
1005702830,NA,NA
1005702830,NA,NA
1005702830,NA,NA
1005702830,NA,NA
1005702840,NA,NA
1005702840,NA,NA
1005702840,NA,NA
1005702840,NA,NA
1005702840,NA,NA
1005702840,NA,NA
1005702840,NA,NA
1005702840,NA,NA
1005702840,NA,NA
1005702840,NA,NA
1005702840,NA,NA
1005702840,NA,NA
1005702840,NA,NA
1005702840,NA,NA
1005702840,NA,NA
1005802390,NA,NA
1005802390,NA,NA
1005802390,NA,NA
1005802390,NA,NA
1005802390,NA,NA
1005802390,NA,NA
1005802390,NA,NA
1005802390,NA,NA
1005802390,NA,NA
1005802390,NA,NA
1005802390,NA,NA
1005802390,NA,NA
1005802390,NA,NA
1005802390,NA,NA
1005802390,NA,NA
1005802400,NA,NA
1005802400,NA,NA
1005802400,NA,NA
1005802400,NA,NA
1005802400,NA,NA
1005802400,NA,NA
1005802400,NA,NA
1005802400,NA,NA
1005802400,NA,NA
1005802400,NA,NA
1005802400,NA,NA
1005802400,NA,NA
1005802400,NA,NA
1005802400,NA,NA
1005802400,NA,NA
1005802410,NA,NA
1005802410,NA,NA
1005802410,NA,NA
1005802410,NA,NA
1005802410,NA,NA
1005802410,NA,NA
1005802410,NA,NA
1005802410,NA,NA
1005802410,NA,NA
1005802410,NA,NA
1005802410,NA,NA
1005802410,NA,NA
1005802410,NA,NA
1005802410,NA,NA
1005802410,NA,NA
1005802420,NA,NA
1005802420,NA,NA
1005802420,NA,NA
1005802420,NA,NA
1005802420,NA,NA
1005802420,NA,NA
1005802420,NA,NA
1005802420,NA,NA
1005802420,NA,NA
1005802420,NA,NA
1005802420,NA,NA
1005802420,NA,NA
1005802420,NA,NA
1005802420,NA,NA
1005802420,NA,NA
1005802430,NA,NA
1005802430,NA,NA
1005802430,NA,NA
1005802430,NA,NA
1005802430,NA,NA
1005802430,NA,NA
1005802430,NA,NA
1005802430,NA,NA
1005802430,NA,NA
1005802430,NA,NA
1005802430,NA,NA
1005802430,NA,NA
1005802430,NA,NA
1005802430,NA,NA
1005802430,NA,NA
1005802440,NA,NA
1005802440,NA,NA
1005802440,NA,NA
1005802440,NA,NA
1005802440,NA,NA
1005802440,NA,NA
1005802440,NA,NA
1005802440,NA,NA
1005802440,NA,NA
1005802440,NA,NA
1005802440,NA,NA
1005802440,NA,NA
1005802440,NA,NA
1005802440,NA,NA
1005802440,NA,NA
1005802450,NA,NA
1005802450,NA,NA
1005802450,NA,NA
1005802450,NA,NA
1005802450,NA,NA
1005802450,NA,NA
1005802450,NA,NA
1005802450,NA,NA
1005802450,NA,NA
1005802450,NA,NA
1005802450,NA,NA
1005802450,NA,NA
1005802450,NA,NA
1005802450,NA,NA
1005802450,NA,NA
1005802680,NA,NA
1005802680,NA,NA
1005802680,NA,NA
1005802680,NA,NA
1005802680,NA,NA
1005802680,NA,NA
1005802680,NA,NA
1005802680,NA,NA
1005802680,NA,NA
1005802680,NA,NA
1005802680,NA,NA
1005802680,NA,NA
1005802680,NA,NA
1005802680,NA,NA
1005802680,NA,NA
1005802690,NA,NA
1005802690,NA,NA
1005802690,NA,NA
1005802690,NA,NA
1005802690,NA,NA
1005802690,NA,NA
1005802690,NA,NA
1005802690,NA,NA
1005802690,NA,NA
1005802690,NA,NA
1005802690,NA,NA
1005802690,NA,NA
1005802690,NA,NA
1005802690,NA,NA
1005802690,NA,NA
1005802700,NA,NA
1005802700,NA,NA
1005802700,NA,NA
1005802700,NA,NA
1005802700,NA,NA
1005802700,NA,NA
1005802700,NA,NA
1005802700,NA,NA
1005802700,NA,NA
1005802700,NA,NA
1005802700,NA,NA
1005802700,NA,NA
1005802700,NA,NA
1005802700,NA,NA
1005802700,NA,NA
1005802710,NA,NA
1005802710,NA,NA
1005802710,NA,NA
1005802710,NA,NA
1005802710,NA,NA
1005802710,NA,NA
1005802710,NA,NA
1005802710,NA,NA
1005802710,NA,NA
1005802710,NA,NA
1005802710,NA,NA
1005802710,NA,NA
1005802710,NA,NA
1005802710,NA,NA
1005802710,NA,NA
1005802720,NA,NA
1005802720,NA,NA
1005802720,NA,NA
1005802720,NA,NA
1005802720,NA,NA
1005802720,NA,NA
1005802720,NA,NA
1005802720,NA,NA
1005802720,NA,NA
1005802720,NA,NA
1005802720,NA,NA
1005802720,NA,NA
1005802720,NA,NA
1005802720,NA,NA
1005802720,NA,NA
1005802730,NA,NA
1005802730,NA,NA
1005802730,NA,NA
1005802730,NA,NA
1005802730,NA,NA
1005802730,NA,NA
1005802730,NA,NA
1005802730,NA,NA
1005802730,NA,NA
1005802730,NA,NA
1005802730,NA,NA
1005802730,NA,NA
1005802730,NA,NA
1005802730,NA,NA
1005802730,NA,NA
1005802740,NA,NA
1005802740,NA,NA
1005802740,NA,NA
1005802740,NA,NA
1005802740,NA,NA
1005802740,NA,NA
1005802740,NA,NA
1005802740,NA,NA
1005802740,NA,NA
1005802740,NA,NA
1005802740,NA,NA
1005802740,NA,NA
1005802740,NA,NA
1005802740,NA,NA
1005802740,NA,NA
1005802750,NA,NA
1005802750,NA,NA
1005802750,NA,NA
1005802750,NA,NA
1005802750,NA,NA
1005802750,NA,NA
1005802750,NA,NA
1005802750,NA,NA
1005802750,NA,NA
1005802750,NA,NA
1005802750,NA,NA
1005802750,NA,NA
1005802750,NA,NA
1005802750,NA,NA
1005802750,NA,NA
1005802760,NA,NA
1005802760,NA,NA
1005802760,NA,NA
1005802760,NA,NA
1005802760,NA,NA
1005802760,NA,NA
1005802760,NA,NA
1005802760,NA,NA
1005802760,NA,NA
1005802760,NA,NA
1005802760,NA,NA
1005802760,NA,NA
1005802760,NA,NA
1005802760,NA,NA
1005802760,NA,NA
1005802770,NA,NA
1005802770,NA,NA
1005802770,NA,NA
1005802770,NA,NA
1005802770,NA,NA
1005802770,NA,NA
1005802770,NA,NA
1005802770,NA,NA
1005802770,NA,NA
1005802770,NA,NA
1005802770,NA,NA
1005802770,NA,NA
1005802770,NA,NA
1005802770,NA,NA
1005802770,NA,NA
1005802780,NA,NA
1005802780,NA,NA
1005802780,NA,NA
1005802780,NA,NA
1005802780,NA,NA
1005802780,NA,NA
1005802780,NA,NA
1005802780,NA,NA
1005802780,NA,NA
1005802780,NA,NA
1005802780,NA,NA
1005802780,NA,NA
1005802780,NA,NA
1005802780,NA,NA
1005802780,NA,NA
1005802790,NA,NA
1005802790,NA,NA
1005802790,NA,NA
1005802790,NA,NA
1005802790,NA,NA
1005802790,NA,NA
1005802790,NA,NA
1005802790,NA,NA
1005802790,NA,NA
1005802790,NA,NA
1005802790,NA,NA
1005802790,NA,NA
1005802790,NA,NA
1005802790,NA,NA
1005802790,NA,NA
1005802800,NA,NA
1005802800,NA,NA
1005802800,NA,NA
1005802800,NA,NA
1005802800,NA,NA
1005802800,NA,NA
1005802800,NA,NA
1005802800,NA,NA
1005802800,NA,NA
1005802800,NA,NA
1005802800,NA,NA
1005802800,NA,NA
1005802800,NA,NA
1005802800,NA,NA
1005802800,NA,NA
1005802810,NA,NA
1005802810,NA,NA
1005802810,NA,NA
1005802810,NA,NA
1005802810,NA,NA
1005802810,NA,NA
1005802810,NA,NA
1005802810,NA,NA
1005802810,NA,NA
1005802810,NA,NA
1005802810,NA,NA
1005802810,NA,NA
1005802810,NA,NA
1005802810,NA,NA
1005802810,NA,NA
1005802820,NA,NA
1005802820,NA,NA
1005802820,NA,NA
1005802820,NA,NA
1005802820,NA,NA
1005802820,NA,NA
1005802820,NA,NA
1005802820,NA,NA
1005802820,NA,NA
1005802820,NA,NA
1005802820,NA,NA
1005802820,NA,NA
1005802820,NA,NA
1005802820,NA,NA
1005802820,NA,NA
1005902630,NA,NA
1005902630,NA,NA
1005902630,NA,NA
1005902630,NA,NA
1005902630,NA,NA
1005902630,NA,NA
1005902630,NA,NA
1005902630,NA,NA
1005902630,NA,NA
1005902630,NA,NA
1005902630,NA,NA
1005902630,NA,NA
1005902630,NA,NA
1005902630,NA,NA
1005902630,NA,NA
1005902640,NA,NA
1005902640,NA,NA
1005902640,NA,NA
1005902640,NA,NA
1005902640,NA,NA
1005902640,NA,NA
1005902640,NA,NA
1005902640,NA,NA
1005902640,NA,NA
1005902640,NA,NA
1005902640,NA,NA
1005902640,NA,NA
1005902640,NA,NA
1005902640,NA,NA
1005902640,NA,NA
1005902650,NA,NA
1005902650,NA,NA
1005902650,NA,NA
1005902650,NA,NA
1005902650,NA,NA
1005902650,NA,NA
1005902650,NA,NA
1005902650,NA,NA
1005902650,NA,NA
1005902650,NA,NA
1005902650,NA,NA
1005902650,NA,NA
1005902650,NA,NA
1005902650,NA,NA
1005902650,NA,NA
1005902660,NA,NA
1005902660,NA,NA
1005902660,NA,NA
1005902660,NA,NA
1005902660,NA,NA
1005902660,NA,NA
1005902660,NA,NA
1005902660,NA,NA
1005902660,NA,NA
1005902660,NA,NA
1005902660,NA,NA
1005902660,NA,NA
1005902660,NA,NA
1005902660,NA,NA
1005902660,NA,NA
1005902670,NA,NA
1005902670,NA,NA
1005902670,NA,NA
1005902670,NA,NA
1005902670,NA,NA
1005902670,NA,NA
1005902670,NA,NA
1005902670,NA,NA
1005902670,NA,NA
1005902670,NA,NA
1005902670,NA,NA
1005902670,NA,NA
1005902670,NA,NA
1005902670,NA,NA
1005902670,NA,NA
1005902680,NA,NA
1005902680,NA,NA
1005902680,NA,NA
1005902680,NA,NA
1005902680,NA,NA
1005902680,NA,NA
1005902680,NA,NA
1005902680,NA,NA
1005902680,NA,NA
1005902680,NA,NA
1005902680,NA,NA
1005902680,NA,NA
1005902680,NA,NA
1005902680,NA,NA
1005902680,NA,NA
1005902690,NA,NA
1005902690,NA,NA
1005902690,NA,NA
1005902690,NA,NA
1005902690,NA,NA
1005902690,NA,NA
1005902690,NA,NA
1005902690,NA,NA
1005902690,NA,NA
1005902690,NA,NA
1005902690,NA,NA
1005902690,NA,NA
1005902690,NA,NA
1005902690,NA,NA
1005902690,NA,NA
1005902700,NA,NA
1005902700,NA,NA
1005902700,NA,NA
1005902700,NA,NA
1005902700,NA,NA
1005902700,NA,NA
1005902700,NA,NA
1005902700,NA,NA
1005902700,NA,NA
1005902700,NA,NA
1005902700,NA,NA
1005902700,NA,NA
1005902700,NA,NA
1005902700,NA,NA
1005902700,NA,NA
1005902710,NA,NA
1005902710,NA,NA
1005902710,NA,NA
1005902710,NA,NA
1005902710,NA,NA
1005902710,NA,NA
1005902710,NA,NA
1005902710,NA,NA
1005902710,NA,NA
1005902710,NA,NA
1005902710,NA,NA
1005902710,NA,NA
1005902710,NA,NA
1005902710,NA,NA
1005902710,NA,NA
1005902720,NA,NA
1005902720,NA,NA
1005902720,NA,NA
1005902720,NA,NA
1005902720,NA,NA
1005902720,NA,NA
1005902720,NA,NA
1005902720,NA,NA
1005902720,NA,NA
1005902720,NA,NA
1005902720,NA,NA
1005902720,NA,NA
1005902720,NA,NA
1005902720,NA,NA
1005902720,NA,NA
1005902730,NA,NA
1005902730,NA,NA
1005902730,NA,NA
1005902730,NA,NA
1005902730,NA,NA
1005902730,NA,NA
1005902730,NA,NA
1005902730,NA,NA
1005902730,NA,NA
1005902730,NA,NA
1005902730,NA,NA
1005902730,NA,NA
1005902730,NA,NA
1005902730,NA,NA
1005902730,NA,NA
1005902740,NA,NA
1005902740,NA,NA
1005902740,NA,NA
1005902740,NA,NA
1005902740,NA,NA
1005902740,NA,NA
1005902740,NA,NA
1005902740,NA,NA
1005902740,NA,NA
1005902740,NA,NA
1005902740,NA,NA
1005902740,NA,NA
1005902740,NA,NA
1005902740,NA,NA
1005902740,NA,NA
1005902750,NA,NA
1005902750,NA,NA
1005902750,NA,NA
1005902750,NA,NA
1005902750,NA,NA
1005902750,NA,NA
1005902750,NA,NA
1005902750,NA,NA
1005902750,NA,NA
1005902750,NA,NA
1005902750,NA,NA
1005902750,NA,NA
1005902750,NA,NA
1005902750,NA,NA
1005902750,NA,NA
1005902760,NA,NA
1005902760,NA,NA
1005902760,NA,NA
1005902760,NA,NA
1005902760,NA,NA
1005902760,NA,NA
1005902760,NA,NA
1005902760,NA,NA
1005902760,NA,NA
1005902760,NA,NA
1005902760,NA,NA
1005902760,NA,NA
1005902760,NA,NA
1005902760,NA,NA
1005902760,NA,NA
1005902770,NA,NA
1005902770,NA,NA
1005902770,NA,NA
1005902770,NA,NA
1005902770,NA,NA
1005902770,NA,NA
1005902770,NA,NA
1005902770,NA,NA
1005902770,NA,NA
1005902770,NA,NA
1005902770,NA,NA
1005902770,NA,NA
1005902770,NA,NA
1005902770,NA,NA
1005902770,NA,NA
1005902780,NA,NA
1005902780,NA,NA
1005902780,NA,NA
1005902780,NA,NA
1005902780,NA,NA
1005902780,NA,NA
1005902780,NA,NA
1005902780,NA,NA
1005902780,NA,NA
1005902780,NA,NA
1005902780,NA,NA
1005902780,NA,NA
1005902780,NA,NA
1005902780,NA,NA
1005902780,NA,NA
1005902790,NA,NA
1005902790,NA,NA
1005902790,NA,NA
1005902790,NA,NA
1005902790,NA,NA
1005902790,NA,NA
1005902790,NA,NA
1005902790,NA,NA
1005902790,NA,NA
1005902790,NA,NA
1005902790,NA,NA
1005902790,NA,NA
1005902790,NA,NA
1005902790,NA,NA
1005902790,NA,NA
1005902800,NA,NA
1005902800,NA,NA
1005902800,NA,NA
1005902800,NA,NA
1005902800,NA,NA
1005902800,NA,NA
1005902800,NA,NA
1005902800,NA,NA
1005902800,NA,NA
1005902800,NA,NA
1005902800,NA,NA
1005902800,NA,NA
1005902800,NA,NA
1005902800,NA,NA
1005902800,NA,NA
1005902810,NA,NA
1005902810,NA,NA
1005902810,NA,NA
1005902810,NA,NA
1005902810,NA,NA
1005902810,NA,NA
1005902810,NA,NA
1005902810,NA,NA
1005902810,NA,NA
1005902810,NA,NA
1005902810,NA,NA
1005902810,NA,NA
1005902810,NA,NA
1005902810,NA,NA
1005902810,NA,NA
1006001810,NA,NA
1006001810,NA,NA
1006001810,NA,NA
1006001810,NA,NA
1006001810,NA,NA
1006001810,NA,NA
1006001810,NA,NA
1006001810,NA,NA
1006001810,NA,NA
1006001810,NA,NA
1006001810,NA,NA
1006001810,NA,NA
1006001810,NA,NA
1006001810,NA,NA
1006001810,NA,NA
1006001820,NA,NA
1006001820,NA,NA
1006001820,NA,NA
1006001820,NA,NA
1006001820,NA,NA
1006001820,NA,NA
1006001820,NA,NA
1006001820,NA,NA
1006001820,NA,NA
1006001820,NA,NA
1006001820,NA,NA
1006001820,NA,NA
1006001820,NA,NA
1006001820,NA,NA
1006001820,NA,NA
1006001830,NA,NA
1006001830,NA,NA
1006001830,NA,NA
1006001830,NA,NA
1006001830,NA,NA
1006001830,NA,NA
1006001830,NA,NA
1006001830,NA,NA
1006001830,NA,NA
1006001830,NA,NA
1006001830,NA,NA
1006001830,NA,NA
1006001830,NA,NA
1006001830,NA,NA
1006001830,NA,NA
1006002620,NA,NA
1006002620,NA,NA
1006002620,NA,NA
1006002620,NA,NA
1006002620,NA,NA
1006002620,NA,NA
1006002620,NA,NA
1006002620,NA,NA
1006002620,NA,NA
1006002620,NA,NA
1006002620,NA,NA
1006002620,NA,NA
1006002620,NA,NA
1006002620,NA,NA
1006002620,NA,NA
1006002630,NA,NA
1006002630,NA,NA
1006002630,NA,NA
1006002630,NA,NA
1006002630,NA,NA
1006002630,NA,NA
1006002630,NA,NA
1006002630,NA,NA
1006002630,NA,NA
1006002630,NA,NA
1006002630,NA,NA
1006002630,NA,NA
1006002630,NA,NA
1006002630,NA,NA
1006002630,NA,NA
1006002640,NA,NA
1006002640,NA,NA
1006002640,NA,NA
1006002640,NA,NA
1006002640,NA,NA
1006002640,NA,NA
1006002640,NA,NA
1006002640,NA,NA
1006002640,NA,NA
1006002640,NA,NA
1006002640,NA,NA
1006002640,NA,NA
1006002640,NA,NA
1006002640,NA,NA
1006002640,NA,NA
1006002650,NA,NA
1006002650,NA,NA
1006002650,NA,NA
1006002650,NA,NA
1006002650,NA,NA
1006002650,NA,NA
1006002650,NA,NA
1006002650,NA,NA
1006002650,NA,NA
1006002650,NA,NA
1006002650,NA,NA
1006002650,NA,NA
1006002650,NA,NA
1006002650,NA,NA
1006002650,NA,NA
1006002660,NA,NA
1006002660,NA,NA
1006002660,NA,NA
1006002660,NA,NA
1006002660,NA,NA
1006002660,NA,NA
1006002660,NA,NA
1006002660,NA,NA
1006002660,NA,NA
1006002660,NA,NA
1006002660,NA,NA
1006002660,NA,NA
1006002660,NA,NA
1006002660,NA,NA
1006002660,NA,NA
1006002670,NA,NA
1006002670,NA,NA
1006002670,NA,NA
1006002670,NA,NA
1006002670,NA,NA
1006002670,NA,NA
1006002670,NA,NA
1006002670,NA,NA
1006002670,NA,NA
1006002670,NA,NA
1006002670,NA,NA
1006002670,NA,NA
1006002670,NA,NA
1006002670,NA,NA
1006002670,NA,NA
1006002680,NA,NA
1006002680,NA,NA
1006002680,NA,NA
1006002680,NA,NA
1006002680,NA,NA
1006002680,NA,NA
1006002680,NA,NA
1006002680,NA,NA
1006002680,NA,NA
1006002680,NA,NA
1006002680,NA,NA
1006002680,NA,NA
1006002680,NA,NA
1006002680,NA,NA
1006002680,NA,NA
1006002690,NA,NA
1006002690,NA,NA
1006002690,NA,NA
1006002690,NA,NA
1006002690,NA,NA
1006002690,NA,NA
1006002690,NA,NA
1006002690,NA,NA
1006002690,NA,NA
1006002690,NA,NA
1006002690,NA,NA
1006002690,NA,NA
1006002690,NA,NA
1006002690,NA,NA
1006002690,NA,NA
1006002700,NA,NA
1006002700,NA,NA
1006002700,NA,NA
1006002700,NA,NA
1006002700,NA,NA
1006002700,NA,NA
1006002700,NA,NA
1006002700,NA,NA
1006002700,NA,NA
1006002700,NA,NA
1006002700,NA,NA
1006002700,NA,NA
1006002700,NA,NA
1006002700,NA,NA
1006002700,NA,NA
1006002710,NA,NA
1006002710,NA,NA
1006002710,NA,NA
1006002710,NA,NA
1006002710,NA,NA
1006002710,NA,NA
1006002710,NA,NA
1006002710,NA,NA
1006002710,NA,NA
1006002710,NA,NA
1006002710,NA,NA
1006002710,NA,NA
1006002710,NA,NA
1006002710,NA,NA
1006002710,NA,NA
1006002720,NA,NA
1006002720,NA,NA
1006002720,NA,NA
1006002720,NA,NA
1006002720,NA,NA
1006002720,NA,NA
1006002720,NA,NA
1006002720,NA,NA
1006002720,NA,NA
1006002720,NA,NA
1006002720,NA,NA
1006002720,NA,NA
1006002720,NA,NA
1006002720,NA,NA
1006002720,NA,NA
1006002730,NA,NA
1006002730,NA,NA
1006002730,NA,NA
1006002730,NA,NA
1006002730,NA,NA
1006002730,NA,NA
1006002730,NA,NA
1006002730,NA,NA
1006002730,NA,NA
1006002730,NA,NA
1006002730,NA,NA
1006002730,NA,NA
1006002730,NA,NA
1006002730,NA,NA
1006002730,NA,NA
1006002740,NA,NA
1006002740,NA,NA
1006002740,NA,NA
1006002740,NA,NA
1006002740,NA,NA
1006002740,NA,NA
1006002740,NA,NA
1006002740,NA,NA
1006002740,NA,NA
1006002740,NA,NA
1006002740,NA,NA
1006002740,NA,NA
1006002740,NA,NA
1006002740,NA,NA
1006002740,NA,NA
1006002750,NA,NA
1006002750,NA,NA
1006002750,NA,NA
1006002750,NA,NA
1006002750,NA,NA
1006002750,NA,NA
1006002750,NA,NA
1006002750,NA,NA
1006002750,NA,NA
1006002750,NA,NA
1006002750,NA,NA
1006002750,NA,NA
1006002750,NA,NA
1006002750,NA,NA
1006002750,NA,NA
1006002760,NA,NA
1006002760,NA,NA
1006002760,NA,NA
1006002760,NA,NA
1006002760,NA,NA
1006002760,NA,NA
1006002760,NA,NA
1006002760,NA,NA
1006002760,NA,NA
1006002760,NA,NA
1006002760,NA,NA
1006002760,NA,NA
1006002760,NA,NA
1006002760,NA,NA
1006002760,NA,NA
1006002770,NA,NA
1006002770,NA,NA
1006002770,NA,NA
1006002770,NA,NA
1006002770,NA,NA
1006002770,NA,NA
1006002770,NA,NA
1006002770,NA,NA
1006002770,NA,NA
1006002770,NA,NA
1006002770,NA,NA
1006002770,NA,NA
1006002770,NA,NA
1006002770,NA,NA
1006002770,NA,NA
1006002780,NA,NA
1006002780,NA,NA
1006002780,NA,NA
1006002780,NA,NA
1006002780,NA,NA
1006002780,NA,NA
1006002780,NA,NA
1006002780,NA,NA
1006002780,NA,NA
1006002780,NA,NA
1006002780,NA,NA
1006002780,NA,NA
1006002780,NA,NA
1006002780,NA,NA
1006002780,NA,NA
1006002790,NA,NA
1006002790,NA,NA
1006002790,NA,NA
1006002790,NA,NA
1006002790,NA,NA
1006002790,NA,NA
1006002790,NA,NA
1006002790,NA,NA
1006002790,NA,NA
1006002790,NA,NA
1006002790,NA,NA
1006002790,NA,NA
1006002790,NA,NA
1006002790,NA,NA
1006002790,NA,NA
1006002800,NA,NA
1006002800,NA,NA
1006002800,NA,NA
1006002800,NA,NA
1006002800,NA,NA
1006002800,NA,NA
1006002800,NA,NA
1006002800,NA,NA
1006002800,NA,NA
1006002800,NA,NA
1006002800,NA,NA
1006002800,NA,NA
1006002800,NA,NA
1006002800,NA,NA
1006002800,NA,NA
1006002810,NA,NA
1006002810,NA,NA
1006002810,NA,NA
1006002810,NA,NA
1006002810,NA,NA
1006002810,NA,NA
1006002810,NA,NA
1006002810,NA,NA
1006002810,NA,NA
1006002810,NA,NA
1006002810,NA,NA
1006002810,NA,NA
1006002810,NA,NA
1006002810,NA,NA
1006002810,NA,NA
1006101810,NA,NA
1006101810,NA,NA
1006101810,NA,NA
1006101810,NA,NA
1006101810,NA,NA
1006101810,NA,NA
1006101810,NA,NA
1006101810,NA,NA
1006101810,NA,NA
1006101810,NA,NA
1006101810,NA,NA
1006101810,NA,NA
1006101810,NA,NA
1006101810,NA,NA
1006101810,NA,NA
1006101820,NA,NA
1006101820,NA,NA
1006101820,NA,NA
1006101820,NA,NA
1006101820,NA,NA
1006101820,NA,NA
1006101820,NA,NA
1006101820,NA,NA
1006101820,NA,NA
1006101820,NA,NA
1006101820,NA,NA
1006101820,NA,NA
1006101820,NA,NA
1006101820,NA,NA
1006101820,NA,NA
1006101830,NA,NA
1006101830,NA,NA
1006101830,NA,NA
1006101830,NA,NA
1006101830,NA,NA
1006101830,NA,NA
1006101830,NA,NA
1006101830,NA,NA
1006101830,NA,NA
1006101830,NA,NA
1006101830,NA,NA
1006101830,NA,NA
1006101830,NA,NA
1006101830,NA,NA
1006101830,NA,NA
1006101840,NA,NA
1006101840,NA,NA
1006101840,NA,NA
1006101840,NA,NA
1006101840,NA,NA
1006101840,NA,NA
1006101840,NA,NA
1006101840,NA,NA
1006101840,NA,NA
1006101840,NA,NA
1006101840,NA,NA
1006101840,NA,NA
1006101840,NA,NA
1006101840,NA,NA
1006101840,NA,NA
1006101850,NA,NA
1006101850,NA,NA
1006101850,NA,NA
1006101850,NA,NA
1006101850,NA,NA
1006101850,NA,NA
1006101850,NA,NA
1006101850,NA,NA
1006101850,NA,NA
1006101850,NA,NA
1006101850,NA,NA
1006101850,NA,NA
1006101850,NA,NA
1006101850,NA,NA
1006101850,NA,NA
1006102610,NA,NA
1006102610,NA,NA
1006102610,NA,NA
1006102610,NA,NA
1006102610,NA,NA
1006102610,NA,NA
1006102610,NA,NA
1006102610,NA,NA
1006102610,NA,NA
1006102610,NA,NA
1006102610,NA,NA
1006102610,NA,NA
1006102610,NA,NA
1006102610,NA,NA
1006102610,NA,NA
1006102620,NA,NA
1006102620,NA,NA
1006102620,NA,NA
1006102620,NA,NA
1006102620,NA,NA
1006102620,NA,NA
1006102620,NA,NA
1006102620,NA,NA
1006102620,NA,NA
1006102620,NA,NA
1006102620,NA,NA
1006102620,NA,NA
1006102620,NA,NA
1006102620,NA,NA
1006102620,NA,NA
1006102630,NA,NA
1006102630,NA,NA
1006102630,NA,NA
1006102630,NA,NA
1006102630,NA,NA
1006102630,NA,NA
1006102630,NA,NA
1006102630,NA,NA
1006102630,NA,NA
1006102630,NA,NA
1006102630,NA,NA
1006102630,NA,NA
1006102630,NA,NA
1006102630,NA,NA
1006102630,NA,NA
1006102640,NA,NA
1006102640,NA,NA
1006102640,NA,NA
1006102640,NA,NA
1006102640,NA,NA
1006102640,NA,NA
1006102640,NA,NA
1006102640,NA,NA
1006102640,NA,NA
1006102640,NA,NA
1006102640,NA,NA
1006102640,NA,NA
1006102640,NA,NA
1006102640,NA,NA
1006102640,NA,NA
1006102650,NA,NA
1006102650,NA,NA
1006102650,NA,NA
1006102650,NA,NA
1006102650,NA,NA
1006102650,NA,NA
1006102650,NA,NA
1006102650,NA,NA
1006102650,NA,NA
1006102650,NA,NA
1006102650,NA,NA
1006102650,NA,NA
1006102650,NA,NA
1006102650,NA,NA
1006102650,NA,NA
1006102660,NA,NA
1006102660,NA,NA
1006102660,NA,NA
1006102660,NA,NA
1006102660,NA,NA
1006102660,NA,NA
1006102660,NA,NA
1006102660,NA,NA
1006102660,NA,NA
1006102660,NA,NA
1006102660,NA,NA
1006102660,NA,NA
1006102660,NA,NA
1006102660,NA,NA
1006102660,NA,NA
1006102670,NA,NA
1006102670,NA,NA
1006102670,NA,NA
1006102670,NA,NA
1006102670,NA,NA
1006102670,NA,NA
1006102670,NA,NA
1006102670,NA,NA
1006102670,NA,NA
1006102670,NA,NA
1006102670,NA,NA
1006102670,NA,NA
1006102670,NA,NA
1006102670,NA,NA
1006102670,NA,NA
1006102680,NA,NA
1006102680,NA,NA
1006102680,NA,NA
1006102680,NA,NA
1006102680,NA,NA
1006102680,NA,NA
1006102680,NA,NA
1006102680,NA,NA
1006102680,NA,NA
1006102680,NA,NA
1006102680,NA,NA
1006102680,NA,NA
1006102680,NA,NA
1006102680,NA,NA
1006102680,NA,NA
1006102690,NA,NA
1006102690,NA,NA
1006102690,NA,NA
1006102690,NA,NA
1006102690,NA,NA
1006102690,NA,NA
1006102690,NA,NA
1006102690,NA,NA
1006102690,NA,NA
1006102690,NA,NA
1006102690,NA,NA
1006102690,NA,NA
1006102690,NA,NA
1006102690,NA,NA
1006102690,NA,NA
1006102700,NA,NA
1006102700,NA,NA
1006102700,NA,NA
1006102700,NA,NA
1006102700,NA,NA
1006102700,NA,NA
1006102700,NA,NA
1006102700,NA,NA
1006102700,NA,NA
1006102700,NA,NA
1006102700,NA,NA
1006102700,NA,NA
1006102700,NA,NA
1006102700,NA,NA
1006102700,NA,NA
1006102710,NA,NA
1006102710,NA,NA
1006102710,NA,NA
1006102710,NA,NA
1006102710,NA,NA
1006102710,NA,NA
1006102710,NA,NA
1006102710,NA,NA
1006102710,NA,NA
1006102710,NA,NA
1006102710,NA,NA
1006102710,NA,NA
1006102710,NA,NA
1006102710,NA,NA
1006102710,NA,NA
1006102720,NA,NA
1006102720,NA,NA
1006102720,NA,NA
1006102720,NA,NA
1006102720,NA,NA
1006102720,NA,NA
1006102720,NA,NA
1006102720,NA,NA
1006102720,NA,NA
1006102720,NA,NA
1006102720,NA,NA
1006102720,NA,NA
1006102720,NA,NA
1006102720,NA,NA
1006102720,NA,NA
1006102730,NA,NA
1006102730,NA,NA
1006102730,NA,NA
1006102730,NA,NA
1006102730,NA,NA
1006102730,NA,NA
1006102730,NA,NA
1006102730,NA,NA
1006102730,NA,NA
1006102730,NA,NA
1006102730,NA,NA
1006102730,NA,NA
1006102730,NA,NA
1006102730,NA,NA
1006102730,NA,NA
1006102740,NA,NA
1006102740,NA,NA
1006102740,NA,NA
1006102740,NA,NA
1006102740,NA,NA
1006102740,NA,NA
1006102740,NA,NA
1006102740,NA,NA
1006102740,NA,NA
1006102740,NA,NA
1006102740,NA,NA
1006102740,NA,NA
1006102740,NA,NA
1006102740,NA,NA
1006102740,NA,NA
1006102750,NA,NA
1006102750,NA,NA
1006102750,NA,NA
1006102750,NA,NA
1006102750,NA,NA
1006102750,NA,NA
1006102750,NA,NA
1006102750,NA,NA
1006102750,NA,NA
1006102750,NA,NA
1006102750,NA,NA
1006102750,NA,NA
1006102750,NA,NA
1006102750,NA,NA
1006102750,NA,NA
1006102760,NA,NA
1006102760,NA,NA
1006102760,NA,NA
1006102760,NA,NA
1006102760,NA,NA
1006102760,NA,NA
1006102760,NA,NA
1006102760,NA,NA
1006102760,NA,NA
1006102760,NA,NA
1006102760,NA,NA
1006102760,NA,NA
1006102760,NA,NA
1006102760,NA,NA
1006102760,NA,NA
1006102770,NA,NA
1006102770,NA,NA
1006102770,NA,NA
1006102770,NA,NA
1006102770,NA,NA
1006102770,NA,NA
1006102770,NA,NA
1006102770,NA,NA
1006102770,NA,NA
1006102770,NA,NA
1006102770,NA,NA
1006102770,NA,NA
1006102770,NA,NA
1006102770,NA,NA
1006102770,NA,NA
1006102780,NA,NA
1006102780,NA,NA
1006102780,NA,NA
1006102780,NA,NA
1006102780,NA,NA
1006102780,NA,NA
1006102780,NA,NA
1006102780,NA,NA
1006102780,NA,NA
1006102780,NA,NA
1006102780,NA,NA
1006102780,NA,NA
1006102780,NA,NA
1006102780,NA,NA
1006102780,NA,NA
1006102790,NA,NA
1006102790,NA,NA
1006102790,NA,NA
1006102790,NA,NA
1006102790,NA,NA
1006102790,NA,NA
1006102790,NA,NA
1006102790,NA,NA
1006102790,NA,NA
1006102790,NA,NA
1006102790,NA,NA
1006102790,NA,NA
1006102790,NA,NA
1006102790,NA,NA
1006102790,NA,NA
1006102800,NA,NA
1006102800,NA,NA
1006102800,NA,NA
1006102800,NA,NA
1006102800,NA,NA
1006102800,NA,NA
1006102800,NA,NA
1006102800,NA,NA
1006102800,NA,NA
1006102800,NA,NA
1006102800,NA,NA
1006102800,NA,NA
1006102800,NA,NA
1006102800,NA,NA
1006102800,NA,NA
1006102810,NA,NA
1006102810,NA,NA
1006102810,NA,NA
1006102810,NA,NA
1006102810,NA,NA
1006102810,NA,NA
1006102810,NA,NA
1006102810,NA,NA
1006102810,NA,NA
1006102810,NA,NA
1006102810,NA,NA
1006102810,NA,NA
1006102810,NA,NA
1006102810,NA,NA
1006102810,NA,NA
1006201810,NA,NA
1006201810,NA,NA
1006201810,NA,NA
1006201810,NA,NA
1006201810,NA,NA
1006201810,NA,NA
1006201810,NA,NA
1006201810,NA,NA
1006201810,NA,NA
1006201810,NA,NA
1006201810,NA,NA
1006201810,NA,NA
1006201810,NA,NA
1006201810,NA,NA
1006201810,NA,NA
1006201820,NA,NA
1006201820,NA,NA
1006201820,NA,NA
1006201820,NA,NA
1006201820,NA,NA
1006201820,NA,NA
1006201820,NA,NA
1006201820,NA,NA
1006201820,NA,NA
1006201820,NA,NA
1006201820,NA,NA
1006201820,NA,NA
1006201820,NA,NA
1006201820,NA,NA
1006201820,NA,NA
1006201830,NA,NA
1006201830,NA,NA
1006201830,NA,NA
1006201830,NA,NA
1006201830,NA,NA
1006201830,NA,NA
1006201830,NA,NA
1006201830,NA,NA
1006201830,NA,NA
1006201830,NA,NA
1006201830,NA,NA
1006201830,NA,NA
1006201830,NA,NA
1006201830,NA,NA
1006201830,NA,NA
1006201840,NA,NA
1006201840,NA,NA
1006201840,NA,NA
1006201840,NA,NA
1006201840,NA,NA
1006201840,NA,NA
1006201840,NA,NA
1006201840,NA,NA
1006201840,NA,NA
1006201840,NA,NA
1006201840,NA,NA
1006201840,NA,NA
1006201840,NA,NA
1006201840,NA,NA
1006201840,NA,NA
1006201850,NA,NA
1006201850,NA,NA
1006201850,NA,NA
1006201850,NA,NA
1006201850,NA,NA
1006201850,NA,NA
1006201850,NA,NA
1006201850,NA,NA
1006201850,NA,NA
1006201850,NA,NA
1006201850,NA,NA
1006201850,NA,NA
1006201850,NA,NA
1006201850,NA,NA
1006201850,NA,NA
1006202610,NA,NA
1006202610,NA,NA
1006202610,NA,NA
1006202610,NA,NA
1006202610,NA,NA
1006202610,NA,NA
1006202610,NA,NA
1006202610,NA,NA
1006202610,NA,NA
1006202610,NA,NA
1006202610,NA,NA
1006202610,NA,NA
1006202610,NA,NA
1006202610,NA,NA
1006202610,NA,NA
1006202620,NA,NA
1006202620,NA,NA
1006202620,NA,NA
1006202620,NA,NA
1006202620,NA,NA
1006202620,NA,NA
1006202620,NA,NA
1006202620,NA,NA
1006202620,NA,NA
1006202620,NA,NA
1006202620,NA,NA
1006202620,NA,NA
1006202620,NA,NA
1006202620,NA,NA
1006202620,NA,NA
1006202630,NA,NA
1006202630,NA,NA
1006202630,NA,NA
1006202630,NA,NA
1006202630,NA,NA
1006202630,NA,NA
1006202630,NA,NA
1006202630,NA,NA
1006202630,NA,NA
1006202630,NA,NA
1006202630,NA,NA
1006202630,NA,NA
1006202630,NA,NA
1006202630,NA,NA
1006202630,NA,NA
1006202640,NA,NA
1006202640,NA,NA
1006202640,NA,NA
1006202640,NA,NA
1006202640,NA,NA
1006202640,NA,NA
1006202640,NA,NA
1006202640,NA,NA
1006202640,NA,NA
1006202640,NA,NA
1006202640,NA,NA
1006202640,NA,NA
1006202640,NA,NA
1006202640,NA,NA
1006202640,NA,NA
1006202650,NA,NA
1006202650,NA,NA
1006202650,NA,NA
1006202650,NA,NA
1006202650,NA,NA
1006202650,NA,NA
1006202650,NA,NA
1006202650,NA,NA
1006202650,NA,NA
1006202650,NA,NA
1006202650,NA,NA
1006202650,NA,NA
1006202650,NA,NA
1006202650,NA,NA
1006202650,NA,NA
1006202660,NA,NA
1006202660,NA,NA
1006202660,NA,NA
1006202660,NA,NA
1006202660,NA,NA
1006202660,NA,NA
1006202660,NA,NA
1006202660,NA,NA
1006202660,NA,NA
1006202660,NA,NA
1006202660,NA,NA
1006202660,NA,NA
1006202660,NA,NA
1006202660,NA,NA
1006202660,NA,NA
1006202670,NA,NA
1006202670,NA,NA
1006202670,NA,NA
1006202670,NA,NA
1006202670,NA,NA
1006202670,NA,NA
1006202670,NA,NA
1006202670,NA,NA
1006202670,NA,NA
1006202670,NA,NA
1006202670,NA,NA
1006202670,NA,NA
1006202670,NA,NA
1006202670,NA,NA
1006202670,NA,NA
1006202680,NA,NA
1006202680,NA,NA
1006202680,NA,NA
1006202680,NA,NA
1006202680,NA,NA
1006202680,NA,NA
1006202680,NA,NA
1006202680,NA,NA
1006202680,NA,NA
1006202680,NA,NA
1006202680,NA,NA
1006202680,NA,NA
1006202680,NA,NA
1006202680,NA,NA
1006202680,NA,NA
1006202690,NA,NA
1006202690,NA,NA
1006202690,NA,NA
1006202690,NA,NA
1006202690,NA,NA
1006202690,NA,NA
1006202690,NA,NA
1006202690,NA,NA
1006202690,NA,NA
1006202690,NA,NA
1006202690,NA,NA
1006202690,NA,NA
1006202690,NA,NA
1006202690,NA,NA
1006202690,NA,NA
1006202700,NA,NA
1006202700,NA,NA
1006202700,NA,NA
1006202700,NA,NA
1006202700,NA,NA
1006202700,NA,NA
1006202700,NA,NA
1006202700,NA,NA
1006202700,NA,NA
1006202700,NA,NA
1006202700,NA,NA
1006202700,NA,NA
1006202700,NA,NA
1006202700,NA,NA
1006202700,NA,NA
1006202710,NA,NA
1006202710,NA,NA
1006202710,NA,NA
1006202710,NA,NA
1006202710,NA,NA
1006202710,NA,NA
1006202710,NA,NA
1006202710,NA,NA
1006202710,NA,NA
1006202710,NA,NA
1006202710,NA,NA
1006202710,NA,NA
1006202710,NA,NA
1006202710,NA,NA
1006202710,NA,NA
1006202720,NA,NA
1006202720,NA,NA
1006202720,NA,NA
1006202720,NA,NA
1006202720,NA,NA
1006202720,NA,NA
1006202720,NA,NA
1006202720,NA,NA
1006202720,NA,NA
1006202720,NA,NA
1006202720,NA,NA
1006202720,NA,NA
1006202720,NA,NA
1006202720,NA,NA
1006202720,NA,NA
1006202760,NA,NA
1006202760,NA,NA
1006202760,NA,NA
1006202760,NA,NA
1006202760,NA,NA
1006202760,NA,NA
1006202760,NA,NA
1006202760,NA,NA
1006202760,NA,NA
1006202760,NA,NA
1006202760,NA,NA
1006202760,NA,NA
1006202760,NA,NA
1006202760,NA,NA
1006202760,NA,NA
1006202770,NA,NA
1006202770,NA,NA
1006202770,NA,NA
1006202770,NA,NA
1006202770,NA,NA
1006202770,NA,NA
1006202770,NA,NA
1006202770,NA,NA
1006202770,NA,NA
1006202770,NA,NA
1006202770,NA,NA
1006202770,NA,NA
1006202770,NA,NA
1006202770,NA,NA
1006202770,NA,NA
1006202780,NA,NA
1006202780,NA,NA
1006202780,NA,NA
1006202780,NA,NA
1006202780,NA,NA
1006202780,NA,NA
1006202780,NA,NA
1006202780,NA,NA
1006202780,NA,NA
1006202780,NA,NA
1006202780,NA,NA
1006202780,NA,NA
1006202780,NA,NA
1006202780,NA,NA
1006202780,NA,NA
1006202790,NA,NA
1006202790,NA,NA
1006202790,NA,NA
1006202790,NA,NA
1006202790,NA,NA
1006202790,NA,NA
1006202790,NA,NA
1006202790,NA,NA
1006202790,NA,NA
1006202790,NA,NA
1006202790,NA,NA
1006202790,NA,NA
1006202790,NA,NA
1006202790,NA,NA
1006202790,NA,NA
1006202800,NA,NA
1006202800,NA,NA
1006202800,NA,NA
1006202800,NA,NA
1006202800,NA,NA
1006202800,NA,NA
1006202800,NA,NA
1006202800,NA,NA
1006202800,NA,NA
1006202800,NA,NA
1006202800,NA,NA
1006202800,NA,NA
1006202800,NA,NA
1006202800,NA,NA
1006202800,NA,NA
1006202810,NA,NA
1006202810,NA,NA
1006202810,NA,NA
1006202810,NA,NA
1006202810,NA,NA
1006202810,NA,NA
1006202810,NA,NA
1006202810,NA,NA
1006202810,NA,NA
1006202810,NA,NA
1006202810,NA,NA
1006202810,NA,NA
1006202810,NA,NA
1006202810,NA,NA
1006202810,NA,NA
1006301810,NA,NA
1006301810,NA,NA
1006301810,NA,NA
1006301810,NA,NA
1006301810,NA,NA
1006301810,NA,NA
1006301810,NA,NA
1006301810,NA,NA
1006301810,NA,NA
1006301810,NA,NA
1006301810,NA,NA
1006301810,NA,NA
1006301810,NA,NA
1006301810,NA,NA
1006301810,NA,NA
1006301820,NA,NA
1006301820,NA,NA
1006301820,NA,NA
1006301820,NA,NA
1006301820,NA,NA
1006301820,NA,NA
1006301820,NA,NA
1006301820,NA,NA
1006301820,NA,NA
1006301820,NA,NA
1006301820,NA,NA
1006301820,NA,NA
1006301820,NA,NA
1006301820,NA,NA
1006301820,NA,NA
1006301830,NA,NA
1006301830,NA,NA
1006301830,NA,NA
1006301830,NA,NA
1006301830,NA,NA
1006301830,NA,NA
1006301830,NA,NA
1006301830,NA,NA
1006301830,NA,NA
1006301830,NA,NA
1006301830,NA,NA
1006301830,NA,NA
1006301830,NA,NA
1006301830,NA,NA
1006301830,NA,NA
1006301840,NA,NA
1006301840,NA,NA
1006301840,NA,NA
1006301840,NA,NA
1006301840,NA,NA
1006301840,NA,NA
1006301840,NA,NA
1006301840,NA,NA
1006301840,NA,NA
1006301840,NA,NA
1006301840,NA,NA
1006301840,NA,NA
1006301840,NA,NA
1006301840,NA,NA
1006301840,NA,NA
1006301850,NA,NA
1006301850,NA,NA
1006301850,NA,NA
1006301850,NA,NA
1006301850,NA,NA
1006301850,NA,NA
1006301850,NA,NA
1006301850,NA,NA
1006301850,NA,NA
1006301850,NA,NA
1006301850,NA,NA
1006301850,NA,NA
1006301850,NA,NA
1006301850,NA,NA
1006301850,NA,NA
1006301860,NA,NA
1006301860,NA,NA
1006301860,NA,NA
1006301860,NA,NA
1006301860,NA,NA
1006301860,NA,NA
1006301860,NA,NA
1006301860,NA,NA
1006301860,NA,NA
1006301860,NA,NA
1006301860,NA,NA
1006301860,NA,NA
1006301860,NA,NA
1006301860,NA,NA
1006301860,NA,NA
1006301870,NA,NA
1006301870,NA,NA
1006301870,NA,NA
1006301870,NA,NA
1006301870,NA,NA
1006301870,NA,NA
1006301870,NA,NA
1006301870,NA,NA
1006301870,NA,NA
1006301870,NA,NA
1006301870,NA,NA
1006301870,NA,NA
1006301870,NA,NA
1006301870,NA,NA
1006301870,NA,NA
1006301880,NA,NA
1006301880,NA,NA
1006301880,NA,NA
1006301880,NA,NA
1006301880,NA,NA
1006301880,NA,NA
1006301880,NA,NA
1006301880,NA,NA
1006301880,NA,NA
1006301880,NA,NA
1006301880,NA,NA
1006301880,NA,NA
1006301880,NA,NA
1006301880,NA,NA
1006301880,NA,NA
1006301890,NA,NA
1006301890,NA,NA
1006301890,NA,NA
1006301890,NA,NA
1006301890,NA,NA
1006301890,NA,NA
1006301890,NA,NA
1006301890,NA,NA
1006301890,NA,NA
1006301890,NA,NA
1006301890,NA,NA
1006301890,NA,NA
1006301890,NA,NA
1006301890,NA,NA
1006301890,NA,NA
1006301900,NA,NA
1006301900,NA,NA
1006301900,NA,NA
1006301900,NA,NA
1006301900,NA,NA
1006301900,NA,NA
1006301900,NA,NA
1006301900,NA,NA
1006301900,NA,NA
1006301900,NA,NA
1006301900,NA,NA
1006301900,NA,NA
1006301900,NA,NA
1006301900,NA,NA
1006301900,NA,NA
1006302610,NA,NA
1006302610,NA,NA
1006302610,NA,NA
1006302610,NA,NA
1006302610,NA,NA
1006302610,NA,NA
1006302610,NA,NA
1006302610,NA,NA
1006302610,NA,NA
1006302610,NA,NA
1006302610,NA,NA
1006302610,NA,NA
1006302610,NA,NA
1006302610,NA,NA
1006302610,NA,NA
1006302620,NA,NA
1006302620,NA,NA
1006302620,NA,NA
1006302620,NA,NA
1006302620,NA,NA
1006302620,NA,NA
1006302620,NA,NA
1006302620,NA,NA
1006302620,NA,NA
1006302620,NA,NA
1006302620,NA,NA
1006302620,NA,NA
1006302620,NA,NA
1006302620,NA,NA
1006302620,NA,NA
1006302630,NA,NA
1006302630,NA,NA
1006302630,NA,NA
1006302630,NA,NA
1006302630,NA,NA
1006302630,NA,NA
1006302630,NA,NA
1006302630,NA,NA
1006302630,NA,NA
1006302630,NA,NA
1006302630,NA,NA
1006302630,NA,NA
1006302630,NA,NA
1006302630,NA,NA
1006302630,NA,NA
1006302640,NA,NA
1006302640,NA,NA
1006302640,NA,NA
1006302640,NA,NA
1006302640,NA,NA
1006302640,NA,NA
1006302640,NA,NA
1006302640,NA,NA
1006302640,NA,NA
1006302640,NA,NA
1006302640,NA,NA
1006302640,NA,NA
1006302640,NA,NA
1006302640,NA,NA
1006302640,NA,NA
1006302650,NA,NA
1006302650,NA,NA
1006302650,NA,NA
1006302650,NA,NA
1006302650,NA,NA
1006302650,NA,NA
1006302650,NA,NA
1006302650,NA,NA
1006302650,NA,NA
1006302650,NA,NA
1006302650,NA,NA
1006302650,NA,NA
1006302650,NA,NA
1006302650,NA,NA
1006302650,NA,NA
1006302760,NA,NA
1006302760,NA,NA
1006302760,NA,NA
1006302760,NA,NA
1006302760,NA,NA
1006302760,NA,NA
1006302760,NA,NA
1006302760,NA,NA
1006302760,NA,NA
1006302760,NA,NA
1006302760,NA,NA
1006302760,NA,NA
1006302760,NA,NA
1006302760,NA,NA
1006302760,NA,NA
1006302770,NA,NA
1006302770,NA,NA
1006302770,NA,NA
1006302770,NA,NA
1006302770,NA,NA
1006302770,NA,NA
1006302770,NA,NA
1006302770,NA,NA
1006302770,NA,NA
1006302770,NA,NA
1006302770,NA,NA
1006302770,NA,NA
1006302770,NA,NA
1006302770,NA,NA
1006302770,NA,NA
1006302780,NA,NA
1006302780,NA,NA
1006302780,NA,NA
1006302780,NA,NA
1006302780,NA,NA
1006302780,NA,NA
1006302780,NA,NA
1006302780,NA,NA
1006302780,NA,NA
1006302780,NA,NA
1006302780,NA,NA
1006302780,NA,NA
1006302780,NA,NA
1006302780,NA,NA
1006302780,NA,NA
1006302790,NA,NA
1006302790,NA,NA
1006302790,NA,NA
1006302790,NA,NA
1006302790,NA,NA
1006302790,NA,NA
1006302790,NA,NA
1006302790,NA,NA
1006302790,NA,NA
1006302790,NA,NA
1006302790,NA,NA
1006302790,NA,NA
1006302790,NA,NA
1006302790,NA,NA
1006302790,NA,NA
1006302800,NA,NA
1006302800,NA,NA
1006302800,NA,NA
1006302800,NA,NA
1006302800,NA,NA
1006302800,NA,NA
1006302800,NA,NA
1006302800,NA,NA
1006302800,NA,NA
1006302800,NA,NA
1006302800,NA,NA
1006302800,NA,NA
1006302800,NA,NA
1006302800,NA,NA
1006302800,NA,NA
1006302810,NA,NA
1006302810,NA,NA
1006302810,NA,NA
1006302810,NA,NA
1006302810,NA,NA
1006302810,NA,NA
1006302810,NA,NA
1006302810,NA,NA
1006302810,NA,NA
1006302810,NA,NA
1006302810,NA,NA
1006302810,NA,NA
1006302810,NA,NA
1006302810,NA,NA
1006302810,NA,NA
1006401850,NA,NA
1006401850,NA,NA
1006401850,NA,NA
1006401850,NA,NA
1006401850,NA,NA
1006401850,NA,NA
1006401850,NA,NA
1006401850,NA,NA
1006401850,NA,NA
1006401850,NA,NA
1006401850,NA,NA
1006401850,NA,NA
1006401850,NA,NA
1006401850,NA,NA
1006401850,NA,NA
1006401860,NA,NA
1006401860,NA,NA
1006401860,NA,NA
1006401860,NA,NA
1006401860,NA,NA
1006401860,NA,NA
1006401860,NA,NA
1006401860,NA,NA
1006401860,NA,NA
1006401860,NA,NA
1006401860,NA,NA
1006401860,NA,NA
1006401860,NA,NA
1006401860,NA,NA
1006401860,NA,NA
1006401870,NA,NA
1006401870,NA,NA
1006401870,NA,NA
1006401870,NA,NA
1006401870,NA,NA
1006401870,NA,NA
1006401870,NA,NA
1006401870,NA,NA
1006401870,NA,NA
1006401870,NA,NA
1006401870,NA,NA
1006401870,NA,NA
1006401870,NA,NA
1006401870,NA,NA
1006401870,NA,NA
1006401880,NA,NA
1006401880,NA,NA
1006401880,NA,NA
1006401880,NA,NA
1006401880,NA,NA
1006401880,NA,NA
1006401880,NA,NA
1006401880,NA,NA
1006401880,NA,NA
1006401880,NA,NA
1006401880,NA,NA
1006401880,NA,NA
1006401880,NA,NA
1006401880,NA,NA
1006401880,NA,NA
1006401890,NA,NA
1006401890,NA,NA
1006401890,NA,NA
1006401890,NA,NA
1006401890,NA,NA
1006401890,NA,NA
1006401890,NA,NA
1006401890,NA,NA
1006401890,NA,NA
1006401890,NA,NA
1006401890,NA,NA
1006401890,NA,NA
1006401890,NA,NA
1006401890,NA,NA
1006401890,NA,NA
1006401900,NA,NA
1006401900,NA,NA
1006401900,NA,NA
1006401900,NA,NA
1006401900,NA,NA
1006401900,NA,NA
1006401900,NA,NA
1006401900,NA,NA
1006401900,NA,NA
1006401900,NA,NA
1006401900,NA,NA
1006401900,NA,NA
1006401900,NA,NA
1006401900,NA,NA
1006401900,NA,NA
1006401910,NA,NA
1006401910,NA,NA
1006401910,NA,NA
1006401910,NA,NA
1006401910,NA,NA
1006401910,NA,NA
1006401910,NA,NA
1006401910,NA,NA
1006401910,NA,NA
1006401910,NA,NA
1006401910,NA,NA
1006401910,NA,NA
1006401910,NA,NA
1006401910,NA,NA
1006401910,NA,NA
1006401920,NA,NA
1006401920,NA,NA
1006401920,NA,NA
1006401920,NA,NA
1006401920,NA,NA
1006401920,NA,NA
1006401920,NA,NA
1006401920,NA,NA
1006401920,NA,NA
1006401920,NA,NA
1006401920,NA,NA
1006401920,NA,NA
1006401920,NA,NA
1006401920,NA,NA
1006401920,NA,NA
1006401930,NA,NA
1006401930,NA,NA
1006401930,NA,NA
1006401930,NA,NA
1006401930,NA,NA
1006401930,NA,NA
1006401930,NA,NA
1006401930,NA,NA
1006401930,NA,NA
1006401930,NA,NA
1006401930,NA,NA
1006401930,NA,NA
1006401930,NA,NA
1006401930,NA,NA
1006401930,NA,NA
1006402610,NA,NA
1006402610,NA,NA
1006402610,NA,NA
1006402610,NA,NA
1006402610,NA,NA
1006402610,NA,NA
1006402610,NA,NA
1006402610,NA,NA
1006402610,NA,NA
1006402610,NA,NA
1006402610,NA,NA
1006402610,NA,NA
1006402610,NA,NA
1006402610,NA,NA
1006402610,NA,NA
1006402620,NA,NA
1006402620,NA,NA
1006402620,NA,NA
1006402620,NA,NA
1006402620,NA,NA
1006402620,NA,NA
1006402620,NA,NA
1006402620,NA,NA
1006402620,NA,NA
1006402620,NA,NA
1006402620,NA,NA
1006402620,NA,NA
1006402620,NA,NA
1006402620,NA,NA
1006402620,NA,NA
1006402630,NA,NA
1006402630,NA,NA
1006402630,NA,NA
1006402630,NA,NA
1006402630,NA,NA
1006402630,NA,NA
1006402630,NA,NA
1006402630,NA,NA
1006402630,NA,NA
1006402630,NA,NA
1006402630,NA,NA
1006402630,NA,NA
1006402630,NA,NA
1006402630,NA,NA
1006402630,NA,NA
1006402640,NA,NA
1006402640,NA,NA
1006402640,NA,NA
1006402640,NA,NA
1006402640,NA,NA
1006402640,NA,NA
1006402640,NA,NA
1006402640,NA,NA
1006402640,NA,NA
1006402640,NA,NA
1006402640,NA,NA
1006402640,NA,NA
1006402640,NA,NA
1006402640,NA,NA
1006402640,NA,NA
1006402760,NA,NA
1006402760,NA,NA
1006402760,NA,NA
1006402760,NA,NA
1006402760,NA,NA
1006402760,NA,NA
1006402760,NA,NA
1006402760,NA,NA
1006402760,NA,NA
1006402760,NA,NA
1006402760,NA,NA
1006402760,NA,NA
1006402760,NA,NA
1006402760,NA,NA
1006402760,NA,NA
1006402770,NA,NA
1006402770,NA,NA
1006402770,NA,NA
1006402770,NA,NA
1006402770,NA,NA
1006402770,NA,NA
1006402770,NA,NA
1006402770,NA,NA
1006402770,NA,NA
1006402770,NA,NA
1006402770,NA,NA
1006402770,NA,NA
1006402770,NA,NA
1006402770,NA,NA
1006402770,NA,NA
1006402780,NA,NA
1006402780,NA,NA
1006402780,NA,NA
1006402780,NA,NA
1006402780,NA,NA
1006402780,NA,NA
1006402780,NA,NA
1006402780,NA,NA
1006402780,NA,NA
1006402780,NA,NA
1006402780,NA,NA
1006402780,NA,NA
1006402780,NA,NA
1006402780,NA,NA
1006402780,NA,NA
1006402790,NA,NA
1006402790,NA,NA
1006402790,NA,NA
1006402790,NA,NA
1006402790,NA,NA
1006402790,NA,NA
1006402790,NA,NA
1006402790,NA,NA
1006402790,NA,NA
1006402790,NA,NA
1006402790,NA,NA
1006402790,NA,NA
1006402790,NA,NA
1006402790,NA,NA
1006402790,NA,NA
1006402800,NA,NA
1006402800,NA,NA
1006402800,NA,NA
1006402800,NA,NA
1006402800,NA,NA
1006402800,NA,NA
1006402800,NA,NA
1006402800,NA,NA
1006402800,NA,NA
1006402800,NA,NA
1006402800,NA,NA
1006402800,NA,NA
1006402800,NA,NA
1006402800,NA,NA
1006402800,NA,NA
1006402810,NA,NA
1006402810,NA,NA
1006402810,NA,NA
1006402810,NA,NA
1006402810,NA,NA
1006402810,NA,NA
1006402810,NA,NA
1006402810,NA,NA
1006402810,NA,NA
1006402810,NA,NA
1006402810,NA,NA
1006402810,NA,NA
1006402810,NA,NA
1006402810,NA,NA
1006402810,NA,NA
1006501850,NA,NA
1006501850,NA,NA
1006501850,NA,NA
1006501850,NA,NA
1006501850,NA,NA
1006501850,NA,NA
1006501850,NA,NA
1006501850,NA,NA
1006501850,NA,NA
1006501850,NA,NA
1006501850,NA,NA
1006501850,NA,NA
1006501850,NA,NA
1006501850,NA,NA
1006501850,NA,NA
1006501860,NA,NA
1006501860,NA,NA
1006501860,NA,NA
1006501860,NA,NA
1006501860,NA,NA
1006501860,NA,NA
1006501860,NA,NA
1006501860,NA,NA
1006501860,NA,NA
1006501860,NA,NA
1006501860,NA,NA
1006501860,NA,NA
1006501860,NA,NA
1006501860,NA,NA
1006501860,NA,NA
1006501870,NA,NA
1006501870,NA,NA
1006501870,NA,NA
1006501870,NA,NA
1006501870,NA,NA
1006501870,NA,NA
1006501870,NA,NA
1006501870,NA,NA
1006501870,NA,NA
1006501870,NA,NA
1006501870,NA,NA
1006501870,NA,NA
1006501870,NA,NA
1006501870,NA,NA
1006501870,NA,NA
1006501880,NA,NA
1006501880,NA,NA
1006501880,NA,NA
1006501880,NA,NA
1006501880,NA,NA
1006501880,NA,NA
1006501880,NA,NA
1006501880,NA,NA
1006501880,NA,NA
1006501880,NA,NA
1006501880,NA,NA
1006501880,NA,NA
1006501880,NA,NA
1006501880,NA,NA
1006501880,NA,NA
1006501890,NA,NA
1006501890,NA,NA
1006501890,NA,NA
1006501890,NA,NA
1006501890,NA,NA
1006501890,NA,NA
1006501890,NA,NA
1006501890,NA,NA
1006501890,NA,NA
1006501890,NA,NA
1006501890,NA,NA
1006501890,NA,NA
1006501890,NA,NA
1006501890,NA,NA
1006501890,NA,NA
1006501900,NA,NA
1006501900,NA,NA
1006501900,NA,NA
1006501900,NA,NA
1006501900,NA,NA
1006501900,NA,NA
1006501900,NA,NA
1006501900,NA,NA
1006501900,NA,NA
1006501900,NA,NA
1006501900,NA,NA
1006501900,NA,NA
1006501900,NA,NA
1006501900,NA,NA
1006501900,NA,NA
1006501910,NA,NA
1006501910,NA,NA
1006501910,NA,NA
1006501910,NA,NA
1006501910,NA,NA
1006501910,NA,NA
1006501910,NA,NA
1006501910,NA,NA
1006501910,NA,NA
1006501910,NA,NA
1006501910,NA,NA
1006501910,NA,NA
1006501910,NA,NA
1006501910,NA,NA
1006501910,NA,NA
1006501920,NA,NA
1006501920,NA,NA
1006501920,NA,NA
1006501920,NA,NA
1006501920,NA,NA
1006501920,NA,NA
1006501920,NA,NA
1006501920,NA,NA
1006501920,NA,NA
1006501920,NA,NA
1006501920,NA,NA
1006501920,NA,NA
1006501920,NA,NA
1006501920,NA,NA
1006501920,NA,NA
1006501930,NA,NA
1006501930,NA,NA
1006501930,NA,NA
1006501930,NA,NA
1006501930,NA,NA
1006501930,NA,NA
1006501930,NA,NA
1006501930,NA,NA
1006501930,NA,NA
1006501930,NA,NA
1006501930,NA,NA
1006501930,NA,NA
1006501930,NA,NA
1006501930,NA,NA
1006501930,NA,NA
1006501940,NA,NA
1006501940,NA,NA
1006501940,NA,NA
1006501940,NA,NA
1006501940,NA,NA
1006501940,NA,NA
1006501940,NA,NA
1006501940,NA,NA
1006501940,NA,NA
1006501940,NA,NA
1006501940,NA,NA
1006501940,NA,NA
1006501940,NA,NA
1006501940,NA,NA
1006501940,NA,NA
1006501950,NA,NA
1006501950,NA,NA
1006501950,NA,NA
1006501950,NA,NA
1006501950,NA,NA
1006501950,NA,NA
1006501950,NA,NA
1006501950,NA,NA
1006501950,NA,NA
1006501950,NA,NA
1006501950,NA,NA
1006501950,NA,NA
1006501950,NA,NA
1006501950,NA,NA
1006501950,NA,NA
1006501960,NA,NA
1006501960,NA,NA
1006501960,NA,NA
1006501960,NA,NA
1006501960,NA,NA
1006501960,NA,NA
1006501960,NA,NA
1006501960,NA,NA
1006501960,NA,NA
1006501960,NA,NA
1006501960,NA,NA
1006501960,NA,NA
1006501960,NA,NA
1006501960,NA,NA
1006501960,NA,NA
1006502610,NA,NA
1006502610,NA,NA
1006502610,NA,NA
1006502610,NA,NA
1006502610,NA,NA
1006502610,NA,NA
1006502610,NA,NA
1006502610,NA,NA
1006502610,NA,NA
1006502610,NA,NA
1006502610,NA,NA
1006502610,NA,NA
1006502610,NA,NA
1006502610,NA,NA
1006502610,NA,NA
1006502620,NA,NA
1006502620,NA,NA
1006502620,NA,NA
1006502620,NA,NA
1006502620,NA,NA
1006502620,NA,NA
1006502620,NA,NA
1006502620,NA,NA
1006502620,NA,NA
1006502620,NA,NA
1006502620,NA,NA
1006502620,NA,NA
1006502620,NA,NA
1006502620,NA,NA
1006502620,NA,NA
1006502630,NA,NA
1006502630,NA,NA
1006502630,NA,NA
1006502630,NA,NA
1006502630,NA,NA
1006502630,NA,NA
1006502630,NA,NA
1006502630,NA,NA
1006502630,NA,NA
1006502630,NA,NA
1006502630,NA,NA
1006502630,NA,NA
1006502630,NA,NA
1006502630,NA,NA
1006502630,NA,NA
1006502640,NA,NA
1006502640,NA,NA
1006502640,NA,NA
1006502640,NA,NA
1006502640,NA,NA
1006502640,NA,NA
1006502640,NA,NA
1006502640,NA,NA
1006502640,NA,NA
1006502640,NA,NA
1006502640,NA,NA
1006502640,NA,NA
1006502640,NA,NA
1006502640,NA,NA
1006502640,NA,NA
1006502760,NA,NA
1006502760,NA,NA
1006502760,NA,NA
1006502760,NA,NA
1006502760,NA,NA
1006502760,NA,NA
1006502760,NA,NA
1006502760,NA,NA
1006502760,NA,NA
1006502760,NA,NA
1006502760,NA,NA
1006502760,NA,NA
1006502760,NA,NA
1006502760,NA,NA
1006502760,NA,NA
1006502770,NA,NA
1006502770,NA,NA
1006502770,NA,NA
1006502770,NA,NA
1006502770,NA,NA
1006502770,NA,NA
1006502770,NA,NA
1006502770,NA,NA
1006502770,NA,NA
1006502770,NA,NA
1006502770,NA,NA
1006502770,NA,NA
1006502770,NA,NA
1006502770,NA,NA
1006502770,NA,NA
1006502780,NA,NA
1006502780,NA,NA
1006502780,NA,NA
1006502780,NA,NA
1006502780,NA,NA
1006502780,NA,NA
1006502780,NA,NA
1006502780,NA,NA
1006502780,NA,NA
1006502780,NA,NA
1006502780,NA,NA
1006502780,NA,NA
1006502780,NA,NA
1006502780,NA,NA
1006502780,NA,NA
1006502790,NA,NA
1006502790,NA,NA
1006502790,NA,NA
1006502790,NA,NA
1006502790,NA,NA
1006502790,NA,NA
1006502790,NA,NA
1006502790,NA,NA
1006502790,NA,NA
1006502790,NA,NA
1006502790,NA,NA
1006502790,NA,NA
1006502790,NA,NA
1006502790,NA,NA
1006502790,NA,NA
1006502800,NA,NA
1006502800,NA,NA
1006502800,NA,NA
1006502800,NA,NA
1006502800,NA,NA
1006502800,NA,NA
1006502800,NA,NA
1006502800,NA,NA
1006502800,NA,NA
1006502800,NA,NA
1006502800,NA,NA
1006502800,NA,NA
1006502800,NA,NA
1006502800,NA,NA
1006502800,NA,NA
1006502810,NA,NA
1006502810,NA,NA
1006502810,NA,NA
1006502810,NA,NA
1006502810,NA,NA
1006502810,NA,NA
1006502810,NA,NA
1006502810,NA,NA
1006502810,NA,NA
1006502810,NA,NA
1006502810,NA,NA
1006502810,NA,NA
1006502810,NA,NA
1006502810,NA,NA
1006502810,NA,NA
1006601880,NA,NA
1006601880,NA,NA
1006601880,NA,NA
1006601880,NA,NA
1006601880,NA,NA
1006601880,NA,NA
1006601880,NA,NA
1006601880,NA,NA
1006601880,NA,NA
1006601880,NA,NA
1006601880,NA,NA
1006601880,NA,NA
1006601880,NA,NA
1006601880,NA,NA
1006601880,NA,NA
1006601890,NA,NA
1006601890,NA,NA
1006601890,NA,NA
1006601890,NA,NA
1006601890,NA,NA
1006601890,NA,NA
1006601890,NA,NA
1006601890,NA,NA
1006601890,NA,NA
1006601890,NA,NA
1006601890,NA,NA
1006601890,NA,NA
1006601890,NA,NA
1006601890,NA,NA
1006601890,NA,NA
1006601900,NA,NA
1006601900,NA,NA
1006601900,NA,NA
1006601900,NA,NA
1006601900,NA,NA
1006601900,NA,NA
1006601900,NA,NA
1006601900,NA,NA
1006601900,NA,NA
1006601900,NA,NA
1006601900,NA,NA
1006601900,NA,NA
1006601900,NA,NA
1006601900,NA,NA
1006601900,NA,NA
1006601910,NA,NA
1006601910,NA,NA
1006601910,NA,NA
1006601910,NA,NA
1006601910,NA,NA
1006601910,NA,NA
1006601910,NA,NA
1006601910,NA,NA
1006601910,NA,NA
1006601910,NA,NA
1006601910,NA,NA
1006601910,NA,NA
1006601910,NA,NA
1006601910,NA,NA
1006601910,NA,NA
1006601920,NA,NA
1006601920,NA,NA
1006601920,NA,NA
1006601920,NA,NA
1006601920,NA,NA
1006601920,NA,NA
1006601920,NA,NA
1006601920,NA,NA
1006601920,NA,NA
1006601920,NA,NA
1006601920,NA,NA
1006601920,NA,NA
1006601920,NA,NA
1006601920,NA,NA
1006601920,NA,NA
1006601930,NA,NA
1006601930,NA,NA
1006601930,NA,NA
1006601930,NA,NA
1006601930,NA,NA
1006601930,NA,NA
1006601930,NA,NA
1006601930,NA,NA
1006601930,NA,NA
1006601930,NA,NA
1006601930,NA,NA
1006601930,NA,NA
1006601930,NA,NA
1006601930,NA,NA
1006601930,NA,NA
1006601940,NA,NA
1006601940,NA,NA
1006601940,NA,NA
1006601940,NA,NA
1006601940,NA,NA
1006601940,NA,NA
1006601940,NA,NA
1006601940,NA,NA
1006601940,NA,NA
1006601940,NA,NA
1006601940,NA,NA
1006601940,NA,NA
1006601940,NA,NA
1006601940,NA,NA
1006601940,NA,NA
1006601950,NA,NA
1006601950,NA,NA
1006601950,NA,NA
1006601950,NA,NA
1006601950,NA,NA
1006601950,NA,NA
1006601950,NA,NA
1006601950,NA,NA
1006601950,NA,NA
1006601950,NA,NA
1006601950,NA,NA
1006601950,NA,NA
1006601950,NA,NA
1006601950,NA,NA
1006601950,NA,NA
1006601960,NA,NA
1006601960,NA,NA
1006601960,NA,NA
1006601960,NA,NA
1006601960,NA,NA
1006601960,NA,NA
1006601960,NA,NA
1006601960,NA,NA
1006601960,NA,NA
1006601960,NA,NA
1006601960,NA,NA
1006601960,NA,NA
1006601960,NA,NA
1006601960,NA,NA
1006601960,NA,NA
1006601970,NA,NA
1006601970,NA,NA
1006601970,NA,NA
1006601970,NA,NA
1006601970,NA,NA
1006601970,NA,NA
1006601970,NA,NA
1006601970,NA,NA
1006601970,NA,NA
1006601970,NA,NA
1006601970,NA,NA
1006601970,NA,NA
1006601970,NA,NA
1006601970,NA,NA
1006601970,NA,NA
1006601980,NA,NA
1006601980,NA,NA
1006601980,NA,NA
1006601980,NA,NA
1006601980,NA,NA
1006601980,NA,NA
1006601980,NA,NA
1006601980,NA,NA
1006601980,NA,NA
1006601980,NA,NA
1006601980,NA,NA
1006601980,NA,NA
1006601980,NA,NA
1006601980,NA,NA
1006601980,NA,NA
1006601990,NA,NA
1006601990,NA,NA
1006601990,NA,NA
1006601990,NA,NA
1006601990,NA,NA
1006601990,NA,NA
1006601990,NA,NA
1006601990,NA,NA
1006601990,NA,NA
1006601990,NA,NA
1006601990,NA,NA
1006601990,NA,NA
1006601990,NA,NA
1006601990,NA,NA
1006601990,NA,NA
1006602760,NA,NA
1006602760,NA,NA
1006602760,NA,NA
1006602760,NA,NA
1006602760,NA,NA
1006602760,NA,NA
1006602760,NA,NA
1006602760,NA,NA
1006602760,NA,NA
1006602760,NA,NA
1006602760,NA,NA
1006602760,NA,NA
1006602760,NA,NA
1006602760,NA,NA
1006602760,NA,NA
1006602770,NA,NA
1006602770,NA,NA
1006602770,NA,NA
1006602770,NA,NA
1006602770,NA,NA
1006602770,NA,NA
1006602770,NA,NA
1006602770,NA,NA
1006602770,NA,NA
1006602770,NA,NA
1006602770,NA,NA
1006602770,NA,NA
1006602770,NA,NA
1006602770,NA,NA
1006602770,NA,NA
1006602780,NA,NA
1006602780,NA,NA
1006602780,NA,NA
1006602780,NA,NA
1006602780,NA,NA
1006602780,NA,NA
1006602780,NA,NA
1006602780,NA,NA
1006602780,NA,NA
1006602780,NA,NA
1006602780,NA,NA
1006602780,NA,NA
1006602780,NA,NA
1006602780,NA,NA
1006602780,NA,NA
1006602790,NA,NA
1006602790,NA,NA
1006602790,NA,NA
1006602790,NA,NA
1006602790,NA,NA
1006602790,NA,NA
1006602790,NA,NA
1006602790,NA,NA
1006602790,NA,NA
1006602790,NA,NA
1006602790,NA,NA
1006602790,NA,NA
1006602790,NA,NA
1006602790,NA,NA
1006602790,NA,NA
1006602800,NA,NA
1006602800,NA,NA
1006602800,NA,NA
1006602800,NA,NA
1006602800,NA,NA
1006602800,NA,NA
1006602800,NA,NA
1006602800,NA,NA
1006602800,NA,NA
1006602800,NA,NA
1006602800,NA,NA
1006602800,NA,NA
1006602800,NA,NA
1006602800,NA,NA
1006602800,NA,NA
1006602810,NA,NA
1006602810,NA,NA
1006602810,NA,NA
1006602810,NA,NA
1006602810,NA,NA
1006602810,NA,NA
1006602810,NA,NA
1006602810,NA,NA
1006602810,NA,NA
1006602810,NA,NA
1006602810,NA,NA
1006602810,NA,NA
1006602810,NA,NA
1006602810,NA,NA
1006602810,NA,NA
1006701930,NA,NA
1006701930,NA,NA
1006701930,NA,NA
1006701930,NA,NA
1006701930,NA,NA
1006701930,NA,NA
1006701930,NA,NA
1006701930,NA,NA
1006701930,NA,NA
1006701930,NA,NA
1006701930,NA,NA
1006701930,NA,NA
1006701930,NA,NA
1006701930,NA,NA
1006701930,NA,NA
1006701940,NA,NA
1006701940,NA,NA
1006701940,NA,NA
1006701940,NA,NA
1006701940,NA,NA
1006701940,NA,NA
1006701940,NA,NA
1006701940,NA,NA
1006701940,NA,NA
1006701940,NA,NA
1006701940,NA,NA
1006701940,NA,NA
1006701940,NA,NA
1006701940,NA,NA
1006701940,NA,NA
1006701950,NA,NA
1006701950,NA,NA
1006701950,NA,NA
1006701950,NA,NA
1006701950,NA,NA
1006701950,NA,NA
1006701950,NA,NA
1006701950,NA,NA
1006701950,NA,NA
1006701950,NA,NA
1006701950,NA,NA
1006701950,NA,NA
1006701950,NA,NA
1006701950,NA,NA
1006701950,NA,NA
1006701960,NA,NA
1006701960,NA,NA
1006701960,NA,NA
1006701960,NA,NA
1006701960,NA,NA
1006701960,NA,NA
1006701960,NA,NA
1006701960,NA,NA
1006701960,NA,NA
1006701960,NA,NA
1006701960,NA,NA
1006701960,NA,NA
1006701960,NA,NA
1006701960,NA,NA
1006701960,NA,NA
1006701970,NA,NA
1006701970,NA,NA
1006701970,NA,NA
1006701970,NA,NA
1006701970,NA,NA
1006701970,NA,NA
1006701970,NA,NA
1006701970,NA,NA
1006701970,NA,NA
1006701970,NA,NA
1006701970,NA,NA
1006701970,NA,NA
1006701970,NA,NA
1006701970,NA,NA
1006701970,NA,NA
1006701980,NA,NA
1006701980,NA,NA
1006701980,NA,NA
1006701980,NA,NA
1006701980,NA,NA
1006701980,NA,NA
1006701980,NA,NA
1006701980,NA,NA
1006701980,NA,NA
1006701980,NA,NA
1006701980,NA,NA
1006701980,NA,NA
1006701980,NA,NA
1006701980,NA,NA
1006701980,NA,NA
1006701990,NA,NA
1006701990,NA,NA
1006701990,NA,NA
1006701990,NA,NA
1006701990,NA,NA
1006701990,NA,NA
1006701990,NA,NA
1006701990,NA,NA
1006701990,NA,NA
1006701990,NA,NA
1006701990,NA,NA
1006701990,NA,NA
1006701990,NA,NA
1006701990,NA,NA
1006701990,NA,NA
1006702000,NA,NA
1006702000,NA,NA
1006702000,NA,NA
1006702000,NA,NA
1006702000,NA,NA
1006702000,NA,NA
1006702000,NA,NA
1006702000,NA,NA
1006702000,NA,NA
1006702000,NA,NA
1006702000,NA,NA
1006702000,NA,NA
1006702000,NA,NA
1006702000,NA,NA
1006702000,NA,NA
1006702010,NA,NA
1006702010,NA,NA
1006702010,NA,NA
1006702010,NA,NA
1006702010,NA,NA
1006702010,NA,NA
1006702010,NA,NA
1006702010,NA,NA
1006702010,NA,NA
1006702010,NA,NA
1006702010,NA,NA
1006702010,NA,NA
1006702010,NA,NA
1006702010,NA,NA
1006702010,NA,NA
1006702020,NA,NA
1006702020,NA,NA
1006702020,NA,NA
1006702020,NA,NA
1006702020,NA,NA
1006702020,NA,NA
1006702020,NA,NA
1006702020,NA,NA
1006702020,NA,NA
1006702020,NA,NA
1006702020,NA,NA
1006702020,NA,NA
1006702020,NA,NA
1006702020,NA,NA
1006702020,NA,NA
1006702030,NA,NA
1006702030,NA,NA
1006702030,NA,NA
1006702030,NA,NA
1006702030,NA,NA
1006702030,NA,NA
1006702030,NA,NA
1006702030,NA,NA
1006702030,NA,NA
1006702030,NA,NA
1006702030,NA,NA
1006702030,NA,NA
1006702030,NA,NA
1006702030,NA,NA
1006702030,NA,NA
1006702770,NA,NA
1006702770,NA,NA
1006702770,NA,NA
1006702770,NA,NA
1006702770,NA,NA
1006702770,NA,NA
1006702770,NA,NA
1006702770,NA,NA
1006702770,NA,NA
1006702770,NA,NA
1006702770,NA,NA
1006702770,NA,NA
1006702770,NA,NA
1006702770,NA,NA
1006702770,NA,NA
1006702780,NA,NA
1006702780,NA,NA
1006702780,NA,NA
1006702780,NA,NA
1006702780,NA,NA
1006702780,NA,NA
1006702780,NA,NA
1006702780,NA,NA
1006702780,NA,NA
1006702780,NA,NA
1006702780,NA,NA
1006702780,NA,NA
1006702780,NA,NA
1006702780,NA,NA
1006702780,NA,NA
1006702790,NA,NA
1006702790,NA,NA
1006702790,NA,NA
1006702790,NA,NA
1006702790,NA,NA
1006702790,NA,NA
1006702790,NA,NA
1006702790,NA,NA
1006702790,NA,NA
1006702790,NA,NA
1006702790,NA,NA
1006702790,NA,NA
1006702790,NA,NA
1006702790,NA,NA
1006702790,NA,NA
1006801440,NA,NA
1006801440,NA,NA
1006801440,NA,NA
1006801440,NA,NA
1006801440,NA,NA
1006801440,NA,NA
1006801440,NA,NA
1006801440,NA,NA
1006801440,NA,NA
1006801440,NA,NA
1006801440,NA,NA
1006801440,NA,NA
1006801440,NA,NA
1006801440,NA,NA
1006801440,NA,NA
1006801450,NA,NA
1006801450,NA,NA
1006801450,NA,NA
1006801450,NA,NA
1006801450,NA,NA
1006801450,NA,NA
1006801450,NA,NA
1006801450,NA,NA
1006801450,NA,NA
1006801450,NA,NA
1006801450,NA,NA
1006801450,NA,NA
1006801450,NA,NA
1006801450,NA,NA
1006801450,NA,NA
1006801460,NA,NA
1006801460,NA,NA
1006801460,NA,NA
1006801460,NA,NA
1006801460,NA,NA
1006801460,NA,NA
1006801460,NA,NA
1006801460,NA,NA
1006801460,NA,NA
1006801460,NA,NA
1006801460,NA,NA
1006801460,NA,NA
1006801460,NA,NA
1006801460,NA,NA
1006801460,NA,NA
1006801970,NA,NA
1006801970,NA,NA
1006801970,NA,NA
1006801970,NA,NA
1006801970,NA,NA
1006801970,NA,NA
1006801970,NA,NA
1006801970,NA,NA
1006801970,NA,NA
1006801970,NA,NA
1006801970,NA,NA
1006801970,NA,NA
1006801970,NA,NA
1006801970,NA,NA
1006801970,NA,NA
1006801980,NA,NA
1006801980,NA,NA
1006801980,NA,NA
1006801980,NA,NA
1006801980,NA,NA
1006801980,NA,NA
1006801980,NA,NA
1006801980,NA,NA
1006801980,NA,NA
1006801980,NA,NA
1006801980,NA,NA
1006801980,NA,NA
1006801980,NA,NA
1006801980,NA,NA
1006801980,NA,NA
1006801990,NA,NA
1006801990,NA,NA
1006801990,NA,NA
1006801990,NA,NA
1006801990,NA,NA
1006801990,NA,NA
1006801990,NA,NA
1006801990,NA,NA
1006801990,NA,NA
1006801990,NA,NA
1006801990,NA,NA
1006801990,NA,NA
1006801990,NA,NA
1006801990,NA,NA
1006801990,NA,NA
1006802000,NA,NA
1006802000,NA,NA
1006802000,NA,NA
1006802000,NA,NA
1006802000,NA,NA
1006802000,NA,NA
1006802000,NA,NA
1006802000,NA,NA
1006802000,NA,NA
1006802000,NA,NA
1006802000,NA,NA
1006802000,NA,NA
1006802000,NA,NA
1006802000,NA,NA
1006802000,NA,NA
1006802010,NA,NA
1006802010,NA,NA
1006802010,NA,NA
1006802010,NA,NA
1006802010,NA,NA
1006802010,NA,NA
1006802010,NA,NA
1006802010,NA,NA
1006802010,NA,NA
1006802010,NA,NA
1006802010,NA,NA
1006802010,NA,NA
1006802010,NA,NA
1006802010,NA,NA
1006802010,NA,NA
1006802020,NA,NA
1006802020,NA,NA
1006802020,NA,NA
1006802020,NA,NA
1006802020,NA,NA
1006802020,NA,NA
1006802020,NA,NA
1006802020,NA,NA
1006802020,NA,NA
1006802020,NA,NA
1006802020,NA,NA
1006802020,NA,NA
1006802020,NA,NA
1006802020,NA,NA
1006802020,NA,NA
1006802030,NA,NA
1006802030,NA,NA
1006802030,NA,NA
1006802030,NA,NA
1006802030,NA,NA
1006802030,NA,NA
1006802030,NA,NA
1006802030,NA,NA
1006802030,NA,NA
1006802030,NA,NA
1006802030,NA,NA
1006802030,NA,NA
1006802030,NA,NA
1006802030,NA,NA
1006802030,NA,NA
1006802040,NA,NA
1006802040,NA,NA
1006802040,NA,NA
1006802040,NA,NA
1006802040,NA,NA
1006802040,NA,NA
1006802040,NA,NA
1006802040,NA,NA
1006802040,NA,NA
1006802040,NA,NA
1006802040,NA,NA
1006802040,NA,NA
1006802040,NA,NA
1006802040,NA,NA
1006802040,NA,NA
1006802050,NA,NA
1006802050,NA,NA
1006802050,NA,NA
1006802050,NA,NA
1006802050,NA,NA
1006802050,NA,NA
1006802050,NA,NA
1006802050,NA,NA
1006802050,NA,NA
1006802050,NA,NA
1006802050,NA,NA
1006802050,NA,NA
1006802050,NA,NA
1006802050,NA,NA
1006802050,NA,NA
1006901440,NA,NA
1006901440,NA,NA
1006901440,NA,NA
1006901440,NA,NA
1006901440,NA,NA
1006901440,NA,NA
1006901440,NA,NA
1006901440,NA,NA
1006901440,NA,NA
1006901440,NA,NA
1006901440,NA,NA
1006901440,NA,NA
1006901440,NA,NA
1006901440,NA,NA
1006901440,NA,NA
1006901450,NA,NA
1006901450,NA,NA
1006901450,NA,NA
1006901450,NA,NA
1006901450,NA,NA
1006901450,NA,NA
1006901450,NA,NA
1006901450,NA,NA
1006901450,NA,NA
1006901450,NA,NA
1006901450,NA,NA
1006901450,NA,NA
1006901450,NA,NA
1006901450,NA,NA
1006901450,NA,NA
1006901460,NA,NA
1006901460,NA,NA
1006901460,NA,NA
1006901460,NA,NA
1006901460,NA,NA
1006901460,NA,NA
1006901460,NA,NA
1006901460,NA,NA
1006901460,NA,NA
1006901460,NA,NA
1006901460,NA,NA
1006901460,NA,NA
1006901460,NA,NA
1006901460,NA,NA
1006901460,NA,NA
1006901980,NA,NA
1006901980,NA,NA
1006901980,NA,NA
1006901980,NA,NA
1006901980,NA,NA
1006901980,NA,NA
1006901980,NA,NA
1006901980,NA,NA
1006901980,NA,NA
1006901980,NA,NA
1006901980,NA,NA
1006901980,NA,NA
1006901980,NA,NA
1006901980,NA,NA
1006901980,NA,NA
1006901990,NA,NA
1006901990,NA,NA
1006901990,NA,NA
1006901990,NA,NA
1006901990,NA,NA
1006901990,NA,NA
1006901990,NA,NA
1006901990,NA,NA
1006901990,NA,NA
1006901990,NA,NA
1006901990,NA,NA
1006901990,NA,NA
1006901990,NA,NA
1006901990,NA,NA
1006901990,NA,NA
1006902000,NA,NA
1006902000,NA,NA
1006902000,NA,NA
1006902000,NA,NA
1006902000,NA,NA
1006902000,NA,NA
1006902000,NA,NA
1006902000,NA,NA
1006902000,NA,NA
1006902000,NA,NA
1006902000,NA,NA
1006902000,NA,NA
1006902000,NA,NA
1006902000,NA,NA
1006902000,NA,NA
1006902010,NA,NA
1006902010,NA,NA
1006902010,NA,NA
1006902010,NA,NA
1006902010,NA,NA
1006902010,NA,NA
1006902010,NA,NA
1006902010,NA,NA
1006902010,NA,NA
1006902010,NA,NA
1006902010,NA,NA
1006902010,NA,NA
1006902010,NA,NA
1006902010,NA,NA
1006902010,NA,NA
1006902020,NA,NA
1006902020,NA,NA
1006902020,NA,NA
1006902020,NA,NA
1006902020,NA,NA
1006902020,NA,NA
1006902020,NA,NA
1006902020,NA,NA
1006902020,NA,NA
1006902020,NA,NA
1006902020,NA,NA
1006902020,NA,NA
1006902020,NA,NA
1006902020,NA,NA
1006902020,NA,NA
1006902030,NA,NA
1006902030,NA,NA
1006902030,NA,NA
1006902030,NA,NA
1006902030,NA,NA
1006902030,NA,NA
1006902030,NA,NA
1006902030,NA,NA
1006902030,NA,NA
1006902030,NA,NA
1006902030,NA,NA
1006902030,NA,NA
1006902030,NA,NA
1006902030,NA,NA
1006902030,NA,NA
1006902040,NA,NA
1006902040,NA,NA
1006902040,NA,NA
1006902040,NA,NA
1006902040,NA,NA
1006902040,NA,NA
1006902040,NA,NA
1006902040,NA,NA
1006902040,NA,NA
1006902040,NA,NA
1006902040,NA,NA
1006902040,NA,NA
1006902040,NA,NA
1006902040,NA,NA
1006902040,NA,NA
1006902050,NA,NA
1006902050,NA,NA
1006902050,NA,NA
1006902050,NA,NA
1006902050,NA,NA
1006902050,NA,NA
1006902050,NA,NA
1006902050,NA,NA
1006902050,NA,NA
1006902050,NA,NA
1006902050,NA,NA
1006902050,NA,NA
1006902050,NA,NA
1006902050,NA,NA
1006902050,NA,NA
1006902060,NA,NA
1006902060,NA,NA
1006902060,NA,NA
1006902060,NA,NA
1006902060,NA,NA
1006902060,NA,NA
1006902060,NA,NA
1006902060,NA,NA
1006902060,NA,NA
1006902060,NA,NA
1006902060,NA,NA
1006902060,NA,NA
1006902060,NA,NA
1006902060,NA,NA
1006902060,NA,NA
1007001440,NA,NA
1007001440,NA,NA
1007001440,NA,NA
1007001440,NA,NA
1007001440,NA,NA
1007001440,NA,NA
1007001440,NA,NA
1007001440,NA,NA
1007001440,NA,NA
1007001440,NA,NA
1007001440,NA,NA
1007001440,NA,NA
1007001440,NA,NA
1007001440,NA,NA
1007001440,NA,NA
1007001450,NA,NA
1007001450,NA,NA
1007001450,NA,NA
1007001450,NA,NA
1007001450,NA,NA
1007001450,NA,NA
1007001450,NA,NA
1007001450,NA,NA
1007001450,NA,NA
1007001450,NA,NA
1007001450,NA,NA
1007001450,NA,NA
1007001450,NA,NA
1007001450,NA,NA
1007001450,NA,NA
1007001460,NA,NA
1007001460,NA,NA
1007001460,NA,NA
1007001460,NA,NA
1007001460,NA,NA
1007001460,NA,NA
1007001460,NA,NA
1007001460,NA,NA
1007001460,NA,NA
1007001460,NA,NA
1007001460,NA,NA
1007001460,NA,NA
1007001460,NA,NA
1007001460,NA,NA
1007001460,NA,NA
1007001470,NA,NA
1007001470,NA,NA
1007001470,NA,NA
1007001470,NA,NA
1007001470,NA,NA
1007001470,NA,NA
1007001470,NA,NA
1007001470,NA,NA
1007001470,NA,NA
1007001470,NA,NA
1007001470,NA,NA
1007001470,NA,NA
1007001470,NA,NA
1007001470,NA,NA
1007001470,NA,NA
1007001660,NA,NA
1007001660,NA,NA
1007001660,NA,NA
1007001660,NA,NA
1007001660,NA,NA
1007001660,NA,NA
1007001660,NA,NA
1007001660,NA,NA
1007001660,NA,NA
1007001660,NA,NA
1007001660,NA,NA
1007001660,NA,NA
1007001660,NA,NA
1007001660,NA,NA
1007001660,NA,NA
1007001670,NA,NA
1007001670,NA,NA
1007001670,NA,NA
1007001670,NA,NA
1007001670,NA,NA
1007001670,NA,NA
1007001670,NA,NA
1007001670,NA,NA
1007001670,NA,NA
1007001670,NA,NA
1007001670,NA,NA
1007001670,NA,NA
1007001670,NA,NA
1007001670,NA,NA
1007001670,NA,NA
1007001680,NA,NA
1007001680,NA,NA
1007001680,NA,NA
1007001680,NA,NA
1007001680,NA,NA
1007001680,NA,NA
1007001680,NA,NA
1007001680,NA,NA
1007001680,NA,NA
1007001680,NA,NA
1007001680,NA,NA
1007001680,NA,NA
1007001680,NA,NA
1007001680,NA,NA
1007001680,NA,NA
1007002010,NA,NA
1007002010,NA,NA
1007002010,NA,NA
1007002010,NA,NA
1007002010,NA,NA
1007002010,NA,NA
1007002010,NA,NA
1007002010,NA,NA
1007002010,NA,NA
1007002010,NA,NA
1007002010,NA,NA
1007002010,NA,NA
1007002010,NA,NA
1007002010,NA,NA
1007002010,NA,NA
1007002020,NA,NA
1007002020,NA,NA
1007002020,NA,NA
1007002020,NA,NA
1007002020,NA,NA
1007002020,NA,NA
1007002020,NA,NA
1007002020,NA,NA
1007002020,NA,NA
1007002020,NA,NA
1007002020,NA,NA
1007002020,NA,NA
1007002020,NA,NA
1007002020,NA,NA
1007002020,NA,NA
1007002030,NA,NA
1007002030,NA,NA
1007002030,NA,NA
1007002030,NA,NA
1007002030,NA,NA
1007002030,NA,NA
1007002030,NA,NA
1007002030,NA,NA
1007002030,NA,NA
1007002030,NA,NA
1007002030,NA,NA
1007002030,NA,NA
1007002030,NA,NA
1007002030,NA,NA
1007002030,NA,NA
1007002040,NA,NA
1007002040,NA,NA
1007002040,NA,NA
1007002040,NA,NA
1007002040,NA,NA
1007002040,NA,NA
1007002040,NA,NA
1007002040,NA,NA
1007002040,NA,NA
1007002040,NA,NA
1007002040,NA,NA
1007002040,NA,NA
1007002040,NA,NA
1007002040,NA,NA
1007002040,NA,NA
1007002050,NA,NA
1007002050,NA,NA
1007002050,NA,NA
1007002050,NA,NA
1007002050,NA,NA
1007002050,NA,NA
1007002050,NA,NA
1007002050,NA,NA
1007002050,NA,NA
1007002050,NA,NA
1007002050,NA,NA
1007002050,NA,NA
1007002050,NA,NA
1007002050,NA,NA
1007002050,NA,NA
1007002060,NA,NA
1007002060,NA,NA
1007002060,NA,NA
1007002060,NA,NA
1007002060,NA,NA
1007002060,NA,NA
1007002060,NA,NA
1007002060,NA,NA
1007002060,NA,NA
1007002060,NA,NA
1007002060,NA,NA
1007002060,NA,NA
1007002060,NA,NA
1007002060,NA,NA
1007002060,NA,NA
1007002920,NA,NA
1007002920,NA,NA
1007002920,NA,NA
1007002920,NA,NA
1007002920,NA,NA
1007002920,NA,NA
1007002920,NA,NA
1007002920,NA,NA
1007002920,NA,NA
1007002920,NA,NA
1007002920,NA,NA
1007002920,NA,NA
1007002920,NA,NA
1007002920,NA,NA
1007002920,NA,NA
1007002930,NA,NA
1007002930,NA,NA
1007002930,NA,NA
1007002930,NA,NA
1007002930,NA,NA
1007002930,NA,NA
1007002930,NA,NA
1007002930,NA,NA
1007002930,NA,NA
1007002930,NA,NA
1007002930,NA,NA
1007002930,NA,NA
1007002930,NA,NA
1007002930,NA,NA
1007002930,NA,NA
1007002940,NA,NA
1007002940,NA,NA
1007002940,NA,NA
1007002940,NA,NA
1007002940,NA,NA
1007002940,NA,NA
1007002940,NA,NA
1007002940,NA,NA
1007002940,NA,NA
1007002940,NA,NA
1007002940,NA,NA
1007002940,NA,NA
1007002940,NA,NA
1007002940,NA,NA
1007002940,NA,NA
1007002950,NA,NA
1007002950,NA,NA
1007002950,NA,NA
1007002950,NA,NA
1007002950,NA,NA
1007002950,NA,NA
1007002950,NA,NA
1007002950,NA,NA
1007002950,NA,NA
1007002950,NA,NA
1007002950,NA,NA
1007002950,NA,NA
1007002950,NA,NA
1007002950,NA,NA
1007002950,NA,NA
1007101440,NA,NA
1007101440,NA,NA
1007101440,NA,NA
1007101440,NA,NA
1007101440,NA,NA
1007101440,NA,NA
1007101440,NA,NA
1007101440,NA,NA
1007101440,NA,NA
1007101440,NA,NA
1007101440,NA,NA
1007101440,NA,NA
1007101440,NA,NA
1007101440,NA,NA
1007101440,NA,NA
1007101450,NA,NA
1007101450,NA,NA
1007101450,NA,NA
1007101450,NA,NA
1007101450,NA,NA
1007101450,NA,NA
1007101450,NA,NA
1007101450,NA,NA
1007101450,NA,NA
1007101450,NA,NA
1007101450,NA,NA
1007101450,NA,NA
1007101450,NA,NA
1007101450,NA,NA
1007101450,NA,NA
1007101460,NA,NA
1007101460,NA,NA
1007101460,NA,NA
1007101460,NA,NA
1007101460,NA,NA
1007101460,NA,NA
1007101460,NA,NA
1007101460,NA,NA
1007101460,NA,NA
1007101460,NA,NA
1007101460,NA,NA
1007101460,NA,NA
1007101460,NA,NA
1007101460,NA,NA
1007101460,NA,NA
1007101470,NA,NA
1007101470,NA,NA
1007101470,NA,NA
1007101470,NA,NA
1007101470,NA,NA
1007101470,NA,NA
1007101470,NA,NA
1007101470,NA,NA
1007101470,NA,NA
1007101470,NA,NA
1007101470,NA,NA
1007101470,NA,NA
1007101470,NA,NA
1007101470,NA,NA
1007101470,NA,NA
1007101660,NA,NA
1007101660,NA,NA
1007101660,NA,NA
1007101660,NA,NA
1007101660,NA,NA
1007101660,NA,NA
1007101660,NA,NA
1007101660,NA,NA
1007101660,NA,NA
1007101660,NA,NA
1007101660,NA,NA
1007101660,NA,NA
1007101660,NA,NA
1007101660,NA,NA
1007101660,NA,NA
1007101670,NA,NA
1007101670,NA,NA
1007101670,NA,NA
1007101670,NA,NA
1007101670,NA,NA
1007101670,NA,NA
1007101670,NA,NA
1007101670,NA,NA
1007101670,NA,NA
1007101670,NA,NA
1007101670,NA,NA
1007101670,NA,NA
1007101670,NA,NA
1007101670,NA,NA
1007101670,NA,NA
1007101680,NA,NA
1007101680,NA,NA
1007101680,NA,NA
1007101680,NA,NA
1007101680,NA,NA
1007101680,NA,NA
1007101680,NA,NA
1007101680,NA,NA
1007101680,NA,NA
1007101680,NA,NA
1007101680,NA,NA
1007101680,NA,NA
1007101680,NA,NA
1007101680,NA,NA
1007101680,NA,NA
1007102020,NA,NA
1007102020,NA,NA
1007102020,NA,NA
1007102020,NA,NA
1007102020,NA,NA
1007102020,NA,NA
1007102020,NA,NA
1007102020,NA,NA
1007102020,NA,NA
1007102020,NA,NA
1007102020,NA,NA
1007102020,NA,NA
1007102020,NA,NA
1007102020,NA,NA
1007102020,NA,NA
1007102030,NA,NA
1007102030,NA,NA
1007102030,NA,NA
1007102030,NA,NA
1007102030,NA,NA
1007102030,NA,NA
1007102030,NA,NA
1007102030,NA,NA
1007102030,NA,NA
1007102030,NA,NA
1007102030,NA,NA
1007102030,NA,NA
1007102030,NA,NA
1007102030,NA,NA
1007102030,NA,NA
1007102040,NA,NA
1007102040,NA,NA
1007102040,NA,NA
1007102040,NA,NA
1007102040,NA,NA
1007102040,NA,NA
1007102040,NA,NA
1007102040,NA,NA
1007102040,NA,NA
1007102040,NA,NA
1007102040,NA,NA
1007102040,NA,NA
1007102040,NA,NA
1007102040,NA,NA
1007102040,NA,NA
1007102050,NA,NA
1007102050,NA,NA
1007102050,NA,NA
1007102050,NA,NA
1007102050,NA,NA
1007102050,NA,NA
1007102050,NA,NA
1007102050,NA,NA
1007102050,NA,NA
1007102050,NA,NA
1007102050,NA,NA
1007102050,NA,NA
1007102050,NA,NA
1007102050,NA,NA
1007102050,NA,NA
1007102060,NA,NA
1007102060,NA,NA
1007102060,NA,NA
1007102060,NA,NA
1007102060,NA,NA
1007102060,NA,NA
1007102060,NA,NA
1007102060,NA,NA
1007102060,NA,NA
1007102060,NA,NA
1007102060,NA,NA
1007102060,NA,NA
1007102060,NA,NA
1007102060,NA,NA
1007102060,NA,NA
1007102910,NA,NA
1007102910,NA,NA
1007102910,NA,NA
1007102910,NA,NA
1007102910,NA,NA
1007102910,NA,NA
1007102910,NA,NA
1007102910,NA,NA
1007102910,NA,NA
1007102910,NA,NA
1007102910,NA,NA
1007102910,NA,NA
1007102910,NA,NA
1007102910,NA,NA
1007102910,NA,NA
1007102920,NA,NA
1007102920,NA,NA
1007102920,NA,NA
1007102920,NA,NA
1007102920,NA,NA
1007102920,NA,NA
1007102920,NA,NA
1007102920,NA,NA
1007102920,NA,NA
1007102920,NA,NA
1007102920,NA,NA
1007102920,NA,NA
1007102920,NA,NA
1007102920,NA,NA
1007102920,NA,NA
1007102930,NA,NA
1007102930,NA,NA
1007102930,NA,NA
1007102930,NA,NA
1007102930,NA,NA
1007102930,NA,NA
1007102930,NA,NA
1007102930,NA,NA
1007102930,NA,NA
1007102930,NA,NA
1007102930,NA,NA
1007102930,NA,NA
1007102930,NA,NA
1007102930,NA,NA
1007102930,NA,NA
1007102940,NA,NA
1007102940,NA,NA
1007102940,NA,NA
1007102940,NA,NA
1007102940,NA,NA
1007102940,NA,NA
1007102940,NA,NA
1007102940,NA,NA
1007102940,NA,NA
1007102940,NA,NA
1007102940,NA,NA
1007102940,NA,NA
1007102940,NA,NA
1007102940,NA,NA
1007102940,NA,NA
1007102950,NA,NA
1007102950,NA,NA
1007102950,NA,NA
1007102950,NA,NA
1007102950,NA,NA
1007102950,NA,NA
1007102950,NA,NA
1007102950,NA,NA
1007102950,NA,NA
1007102950,NA,NA
1007102950,NA,NA
1007102950,NA,NA
1007102950,NA,NA
1007102950,NA,NA
1007102950,NA,NA
1007102960,NA,NA
1007102960,NA,NA
1007102960,NA,NA
1007102960,NA,NA
1007102960,NA,NA
1007102960,NA,NA
1007102960,NA,NA
1007102960,NA,NA
1007102960,NA,NA
1007102960,NA,NA
1007102960,NA,NA
1007102960,NA,NA
1007102960,NA,NA
1007102960,NA,NA
1007102960,NA,NA
1007201450,NA,NA
1007201450,NA,NA
1007201450,NA,NA
1007201450,NA,NA
1007201450,NA,NA
1007201450,NA,NA
1007201450,NA,NA
1007201450,NA,NA
1007201450,NA,NA
1007201450,NA,NA
1007201450,NA,NA
1007201450,NA,NA
1007201450,NA,NA
1007201450,NA,NA
1007201450,NA,NA
1007201460,NA,NA
1007201460,NA,NA
1007201460,NA,NA
1007201460,NA,NA
1007201460,NA,NA
1007201460,NA,NA
1007201460,NA,NA
1007201460,NA,NA
1007201460,NA,NA
1007201460,NA,NA
1007201460,NA,NA
1007201460,NA,NA
1007201460,NA,NA
1007201460,NA,NA
1007201460,NA,NA
1007201470,NA,NA
1007201470,NA,NA
1007201470,NA,NA
1007201470,NA,NA
1007201470,NA,NA
1007201470,NA,NA
1007201470,NA,NA
1007201470,NA,NA
1007201470,NA,NA
1007201470,NA,NA
1007201470,NA,NA
1007201470,NA,NA
1007201470,NA,NA
1007201470,NA,NA
1007201470,NA,NA
1007201660,NA,NA
1007201660,NA,NA
1007201660,NA,NA
1007201660,NA,NA
1007201660,NA,NA
1007201660,NA,NA
1007201660,NA,NA
1007201660,NA,NA
1007201660,NA,NA
1007201660,NA,NA
1007201660,NA,NA
1007201660,NA,NA
1007201660,NA,NA
1007201660,NA,NA
1007201660,NA,NA
1007201670,NA,NA
1007201670,NA,NA
1007201670,NA,NA
1007201670,NA,NA
1007201670,NA,NA
1007201670,NA,NA
1007201670,NA,NA
1007201670,NA,NA
1007201670,NA,NA
1007201670,NA,NA
1007201670,NA,NA
1007201670,NA,NA
1007201670,NA,NA
1007201670,NA,NA
1007201670,NA,NA
1007201680,NA,NA
1007201680,NA,NA
1007201680,NA,NA
1007201680,NA,NA
1007201680,NA,NA
1007201680,NA,NA
1007201680,NA,NA
1007201680,NA,NA
1007201680,NA,NA
1007201680,NA,NA
1007201680,NA,NA
1007201680,NA,NA
1007201680,NA,NA
1007201680,NA,NA
1007201680,NA,NA
1007202030,NA,NA
1007202030,NA,NA
1007202030,NA,NA
1007202030,NA,NA
1007202030,NA,NA
1007202030,NA,NA
1007202030,NA,NA
1007202030,NA,NA
1007202030,NA,NA
1007202030,NA,NA
1007202030,NA,NA
1007202030,NA,NA
1007202030,NA,NA
1007202030,NA,NA
1007202030,NA,NA
1007202040,NA,NA
1007202040,NA,NA
1007202040,NA,NA
1007202040,NA,NA
1007202040,NA,NA
1007202040,NA,NA
1007202040,NA,NA
1007202040,NA,NA
1007202040,NA,NA
1007202040,NA,NA
1007202040,NA,NA
1007202040,NA,NA
1007202040,NA,NA
1007202040,NA,NA
1007202040,NA,NA
1007202050,NA,NA
1007202050,NA,NA
1007202050,NA,NA
1007202050,NA,NA
1007202050,NA,NA
1007202050,NA,NA
1007202050,NA,NA
1007202050,NA,NA
1007202050,NA,NA
1007202050,NA,NA
1007202050,NA,NA
1007202050,NA,NA
1007202050,NA,NA
1007202050,NA,NA
1007202050,NA,NA
1007202060,NA,NA
1007202060,NA,NA
1007202060,NA,NA
1007202060,NA,NA
1007202060,NA,NA
1007202060,NA,NA
1007202060,NA,NA
1007202060,NA,NA
1007202060,NA,NA
1007202060,NA,NA
1007202060,NA,NA
1007202060,NA,NA
1007202060,NA,NA
1007202060,NA,NA
1007202060,NA,NA
1007202910,NA,NA
1007202910,NA,NA
1007202910,NA,NA
1007202910,NA,NA
1007202910,NA,NA
1007202910,NA,NA
1007202910,NA,NA
1007202910,NA,NA
1007202910,NA,NA
1007202910,NA,NA
1007202910,NA,NA
1007202910,NA,NA
1007202910,NA,NA
1007202910,NA,NA
1007202910,NA,NA
1007202920,NA,NA
1007202920,NA,NA
1007202920,NA,NA
1007202920,NA,NA
1007202920,NA,NA
1007202920,NA,NA
1007202920,NA,NA
1007202920,NA,NA
1007202920,NA,NA
1007202920,NA,NA
1007202920,NA,NA
1007202920,NA,NA
1007202920,NA,NA
1007202920,NA,NA
1007202920,NA,NA
1007202930,NA,NA
1007202930,NA,NA
1007202930,NA,NA
1007202930,NA,NA
1007202930,NA,NA
1007202930,NA,NA
1007202930,NA,NA
1007202930,NA,NA
1007202930,NA,NA
1007202930,NA,NA
1007202930,NA,NA
1007202930,NA,NA
1007202930,NA,NA
1007202930,NA,NA
1007202930,NA,NA
1007202940,NA,NA
1007202940,NA,NA
1007202940,NA,NA
1007202940,NA,NA
1007202940,NA,NA
1007202940,NA,NA
1007202940,NA,NA
1007202940,NA,NA
1007202940,NA,NA
1007202940,NA,NA
1007202940,NA,NA
1007202940,NA,NA
1007202940,NA,NA
1007202940,NA,NA
1007202940,NA,NA
1007202950,NA,NA
1007202950,NA,NA
1007202950,NA,NA
1007202950,NA,NA
1007202950,NA,NA
1007202950,NA,NA
1007202950,NA,NA
1007202950,NA,NA
1007202950,NA,NA
1007202950,NA,NA
1007202950,NA,NA
1007202950,NA,NA
1007202950,NA,NA
1007202950,NA,NA
1007202950,NA,NA
1007202960,NA,NA
1007202960,NA,NA
1007202960,NA,NA
1007202960,NA,NA
1007202960,NA,NA
1007202960,NA,NA
1007202960,NA,NA
1007202960,NA,NA
1007202960,NA,NA
1007202960,NA,NA
1007202960,NA,NA
1007202960,NA,NA
1007202960,NA,NA
1007202960,NA,NA
1007202960,NA,NA
1007301450,NA,NA
1007301450,NA,NA
1007301450,NA,NA
1007301450,NA,NA
1007301450,NA,NA
1007301450,NA,NA
1007301450,NA,NA
1007301450,NA,NA
1007301450,NA,NA
1007301450,NA,NA
1007301450,NA,NA
1007301450,NA,NA
1007301450,NA,NA
1007301450,NA,NA
1007301450,NA,NA
1007301460,NA,NA
1007301460,NA,NA
1007301460,NA,NA
1007301460,NA,NA
1007301460,NA,NA
1007301460,NA,NA
1007301460,NA,NA
1007301460,NA,NA
1007301460,NA,NA
1007301460,NA,NA
1007301460,NA,NA
1007301460,NA,NA
1007301460,NA,NA
1007301460,NA,NA
1007301460,NA,NA
1007301470,NA,NA
1007301470,NA,NA
1007301470,NA,NA
1007301470,NA,NA
1007301470,NA,NA
1007301470,NA,NA
1007301470,NA,NA
1007301470,NA,NA
1007301470,NA,NA
1007301470,NA,NA
1007301470,NA,NA
1007301470,NA,NA
1007301470,NA,NA
1007301470,NA,NA
1007301470,NA,NA
1007301900,NA,NA
1007301900,NA,NA
1007301900,NA,NA
1007301900,NA,NA
1007301900,NA,NA
1007301900,NA,NA
1007301900,NA,NA
1007301900,NA,NA
1007301900,NA,NA
1007301900,NA,NA
1007301900,NA,NA
1007301900,NA,NA
1007301900,NA,NA
1007301900,NA,NA
1007301900,NA,NA
1007302910,NA,NA
1007302910,NA,NA
1007302910,NA,NA
1007302910,NA,NA
1007302910,NA,NA
1007302910,NA,NA
1007302910,NA,NA
1007302910,NA,NA
1007302910,NA,NA
1007302910,NA,NA
1007302910,NA,NA
1007302910,NA,NA
1007302910,NA,NA
1007302910,NA,NA
1007302910,NA,NA
1007302920,NA,NA
1007302920,NA,NA
1007302920,NA,NA
1007302920,NA,NA
1007302920,NA,NA
1007302920,NA,NA
1007302920,NA,NA
1007302920,NA,NA
1007302920,NA,NA
1007302920,NA,NA
1007302920,NA,NA
1007302920,NA,NA
1007302920,NA,NA
1007302920,NA,NA
1007302920,NA,NA
1007302930,NA,NA
1007302930,NA,NA
1007302930,NA,NA
1007302930,NA,NA
1007302930,NA,NA
1007302930,NA,NA
1007302930,NA,NA
1007302930,NA,NA
1007302930,NA,NA
1007302930,NA,NA
1007302930,NA,NA
1007302930,NA,NA
1007302930,NA,NA
1007302930,NA,NA
1007302930,NA,NA
1007302940,NA,NA
1007302940,NA,NA
1007302940,NA,NA
1007302940,NA,NA
1007302940,NA,NA
1007302940,NA,NA
1007302940,NA,NA
1007302940,NA,NA
1007302940,NA,NA
1007302940,NA,NA
1007302940,NA,NA
1007302940,NA,NA
1007302940,NA,NA
1007302940,NA,NA
1007302940,NA,NA
1007302950,NA,NA
1007302950,NA,NA
1007302950,NA,NA
1007302950,NA,NA
1007302950,NA,NA
1007302950,NA,NA
1007302950,NA,NA
1007302950,NA,NA
1007302950,NA,NA
1007302950,NA,NA
1007302950,NA,NA
1007302950,NA,NA
1007302950,NA,NA
1007302950,NA,NA
1007302950,NA,NA
1007302960,NA,NA
1007302960,NA,NA
1007302960,NA,NA
1007302960,NA,NA
1007302960,NA,NA
1007302960,NA,NA
1007302960,NA,NA
1007302960,NA,NA
1007302960,NA,NA
1007302960,NA,NA
1007302960,NA,NA
1007302960,NA,NA
1007302960,NA,NA
1007302960,NA,NA
1007302960,NA,NA
1007401450,NA,NA
1007401450,NA,NA
1007401450,NA,NA
1007401450,NA,NA
1007401450,NA,NA
1007401450,NA,NA
1007401450,NA,NA
1007401450,NA,NA
1007401450,NA,NA
1007401450,NA,NA
1007401450,NA,NA
1007401450,NA,NA
1007401450,NA,NA
1007401450,NA,NA
1007401450,NA,NA
1007401460,NA,NA
1007401460,NA,NA
1007401460,NA,NA
1007401460,NA,NA
1007401460,NA,NA
1007401460,NA,NA
1007401460,NA,NA
1007401460,NA,NA
1007401460,NA,NA
1007401460,NA,NA
1007401460,NA,NA
1007401460,NA,NA
1007401460,NA,NA
1007401460,NA,NA
1007401460,NA,NA
1007401470,NA,NA
1007401470,NA,NA
1007401470,NA,NA
1007401470,NA,NA
1007401470,NA,NA
1007401470,NA,NA
1007401470,NA,NA
1007401470,NA,NA
1007401470,NA,NA
1007401470,NA,NA
1007401470,NA,NA
1007401470,NA,NA
1007401470,NA,NA
1007401470,NA,NA
1007401470,NA,NA
1007501440,NA,NA
1007501440,NA,NA
1007501440,NA,NA
1007501440,NA,NA
1007501440,NA,NA
1007501440,NA,NA
1007501440,NA,NA
1007501440,NA,NA
1007501440,NA,NA
1007501440,NA,NA
1007501440,NA,NA
1007501440,NA,NA
1007501440,NA,NA
1007501440,NA,NA
1007501440,NA,NA
1007501450,NA,NA
1007501450,NA,NA
1007501450,NA,NA
1007501450,NA,NA
1007501450,NA,NA
1007501450,NA,NA
1007501450,NA,NA
1007501450,NA,NA
1007501450,NA,NA
1007501450,NA,NA
1007501450,NA,NA
1007501450,NA,NA
1007501450,NA,NA
1007501450,NA,NA
1007501450,NA,NA
1007501460,NA,NA
1007501460,NA,NA
1007501460,NA,NA
1007501460,NA,NA
1007501460,NA,NA
1007501460,NA,NA
1007501460,NA,NA
1007501460,NA,NA
1007501460,NA,NA
1007501460,NA,NA
1007501460,NA,NA
1007501460,NA,NA
1007501460,NA,NA
1007501460,NA,NA
1007501460,NA,NA
1007501470,NA,NA
1007501470,NA,NA
1007501470,NA,NA
1007501470,NA,NA
1007501470,NA,NA
1007501470,NA,NA
1007501470,NA,NA
1007501470,NA,NA
1007501470,NA,NA
1007501470,NA,NA
1007501470,NA,NA
1007501470,NA,NA
1007501470,NA,NA
1007501470,NA,NA
1007501470,NA,NA
1007501690,NA,NA
1007501690,NA,NA
1007501690,NA,NA
1007501690,NA,NA
1007501690,NA,NA
1007501690,NA,NA
1007501690,NA,NA
1007501690,NA,NA
1007501690,NA,NA
1007501690,NA,NA
1007501690,NA,NA
1007501690,NA,NA
1007501690,NA,NA
1007501690,NA,NA
1007501690,NA,NA
1007601440,NA,NA
1007601440,NA,NA
1007601440,NA,NA
1007601440,NA,NA
1007601440,NA,NA
1007601440,NA,NA
1007601440,NA,NA
1007601440,NA,NA
1007601440,NA,NA
1007601440,NA,NA
1007601440,NA,NA
1007601440,NA,NA
1007601440,NA,NA
1007601440,NA,NA
1007601440,NA,NA
1007601450,NA,NA
1007601450,NA,NA
1007601450,NA,NA
1007601450,NA,NA
1007601450,NA,NA
1007601450,NA,NA
1007601450,NA,NA
1007601450,NA,NA
1007601450,NA,NA
1007601450,NA,NA
1007601450,NA,NA
1007601450,NA,NA
1007601450,NA,NA
1007601450,NA,NA
1007601450,NA,NA
1007601460,NA,NA
1007601460,NA,NA
1007601460,NA,NA
1007601460,NA,NA
1007601460,NA,NA
1007601460,NA,NA
1007601460,NA,NA
1007601460,NA,NA
1007601460,NA,NA
1007601460,NA,NA
1007601460,NA,NA
1007601460,NA,NA
1007601460,NA,NA
1007601460,NA,NA
1007601460,NA,NA
1007601470,NA,NA
1007601470,NA,NA
1007601470,NA,NA
1007601470,NA,NA
1007601470,NA,NA
1007601470,NA,NA
1007601470,NA,NA
1007601470,NA,NA
1007601470,NA,NA
1007601470,NA,NA
1007601470,NA,NA
1007601470,NA,NA
1007601470,NA,NA
1007601470,NA,NA
1007601470,NA,NA
1007701440,NA,NA
1007701440,NA,NA
1007701440,NA,NA
1007701440,NA,NA
1007701440,NA,NA
1007701440,NA,NA
1007701440,NA,NA
1007701440,NA,NA
1007701440,NA,NA
1007701440,NA,NA
1007701440,NA,NA
1007701440,NA,NA
1007701440,NA,NA
1007701440,NA,NA
1007701440,NA,NA
1007701450,NA,NA
1007701450,NA,NA
1007701450,NA,NA
1007701450,NA,NA
1007701450,NA,NA
1007701450,NA,NA
1007701450,NA,NA
1007701450,NA,NA
1007701450,NA,NA
1007701450,NA,NA
1007701450,NA,NA
1007701450,NA,NA
1007701450,NA,NA
1007701450,NA,NA
1007701450,NA,NA
1007701460,NA,NA
1007701460,NA,NA
1007701460,NA,NA
1007701460,NA,NA
1007701460,NA,NA
1007701460,NA,NA
1007701460,NA,NA
1007701460,NA,NA
1007701460,NA,NA
1007701460,NA,NA
1007701460,NA,NA
1007701460,NA,NA
1007701460,NA,NA
1007701460,NA,NA
1007701460,NA,NA
1007801440,NA,NA
1007801440,NA,NA
1007801440,NA,NA
1007801440,NA,NA
1007801440,NA,NA
1007801440,NA,NA
1007801440,NA,NA
1007801440,NA,NA
1007801440,NA,NA
1007801440,NA,NA
1007801440,NA,NA
1007801440,NA,NA
1007801440,NA,NA
1007801440,NA,NA
1007801440,NA,NA
1007801450,NA,NA
1007801450,NA,NA
1007801450,NA,NA
1007801450,NA,NA
1007801450,NA,NA
1007801450,NA,NA
1007801450,NA,NA
1007801450,NA,NA
1007801450,NA,NA
1007801450,NA,NA
1007801450,NA,NA
1007801450,NA,NA
1007801450,NA,NA
1007801450,NA,NA
1007801450,NA,NA
1007801460,NA,NA
1007801460,NA,NA
1007801460,NA,NA
1007801460,NA,NA
1007801460,NA,NA
1007801460,NA,NA
1007801460,NA,NA
1007801460,NA,NA
1007801460,NA,NA
1007801460,NA,NA
1007801460,NA,NA
1007801460,NA,NA
1007801460,NA,NA
1007801460,NA,NA
1007801460,NA,NA
1007801620,NA,NA
1007801620,NA,NA
1007801620,NA,NA
1007801620,NA,NA
1007801620,NA,NA
1007801620,NA,NA
1007801620,NA,NA
1007801620,NA,NA
1007801620,NA,NA
1007801620,NA,NA
1007801620,NA,NA
1007801620,NA,NA
1007801620,NA,NA
1007801620,NA,NA
1007801620,NA,NA
1007801650,NA,NA
1007801650,NA,NA
1007801650,NA,NA
1007801650,NA,NA
1007801650,NA,NA
1007801650,NA,NA
1007801650,NA,NA
1007801650,NA,NA
1007801650,NA,NA
1007801650,NA,NA
1007801650,NA,NA
1007801650,NA,NA
1007801650,NA,NA
1007801650,NA,NA
1007801650,NA,NA
1007801660,NA,NA
1007801660,NA,NA
1007801660,NA,NA
1007801660,NA,NA
1007801660,NA,NA
1007801660,NA,NA
1007801660,NA,NA
1007801660,NA,NA
1007801660,NA,NA
1007801660,NA,NA
1007801660,NA,NA
1007801660,NA,NA
1007801660,NA,NA
1007801660,NA,NA
1007801660,NA,NA
1007801700,NA,NA
1007801700,NA,NA
1007801700,NA,NA
1007801700,NA,NA
1007801700,NA,NA
1007801700,NA,NA
1007801700,NA,NA
1007801700,NA,NA
1007801700,NA,NA
1007801700,NA,NA
1007801700,NA,NA
1007801700,NA,NA
1007801700,NA,NA
1007801700,NA,NA
1007801700,NA,NA
1007901620,NA,NA
1007901620,NA,NA
1007901620,NA,NA
1007901620,NA,NA
1007901620,NA,NA
1007901620,NA,NA
1007901620,NA,NA
1007901620,NA,NA
1007901620,NA,NA
1007901620,NA,NA
1007901620,NA,NA
1007901620,NA,NA
1007901620,NA,NA
1007901620,NA,NA
1007901620,NA,NA
1007901650,NA,NA
1007901650,NA,NA
1007901650,NA,NA
1007901650,NA,NA
1007901650,NA,NA
1007901650,NA,NA
1007901650,NA,NA
1007901650,NA,NA
1007901650,NA,NA
1007901650,NA,NA
1007901650,NA,NA
1007901650,NA,NA
1007901650,NA,NA
1007901650,NA,NA
1007901650,NA,NA
1007901660,NA,NA
1007901660,NA,NA
1007901660,NA,NA
1007901660,NA,NA
1007901660,NA,NA
1007901660,NA,NA
1007901660,NA,NA
1007901660,NA,NA
1007901660,NA,NA
1007901660,NA,NA
1007901660,NA,NA
1007901660,NA,NA
1007901660,NA,NA
1007901660,NA,NA
1007901660,NA,NA
1007901670,NA,NA
1007901670,NA,NA
1007901670,NA,NA
1007901670,NA,NA
1007901670,NA,NA
1007901670,NA,NA
1007901670,NA,NA
1007901670,NA,NA
1007901670,NA,NA
1007901670,NA,NA
1007901670,NA,NA
1007901670,NA,NA
1007901670,NA,NA
1007901670,NA,NA
1007901670,NA,NA
1007901680,NA,NA
1007901680,NA,NA
1007901680,NA,NA
1007901680,NA,NA
1007901680,NA,NA
1007901680,NA,NA
1007901680,NA,NA
1007901680,NA,NA
1007901680,NA,NA
1007901680,NA,NA
1007901680,NA,NA
1007901680,NA,NA
1007901680,NA,NA
1007901680,NA,NA
1007901680,NA,NA
1007901700,NA,NA
1007901700,NA,NA
1007901700,NA,NA
1007901700,NA,NA
1007901700,NA,NA
1007901700,NA,NA
1007901700,NA,NA
1007901700,NA,NA
1007901700,NA,NA
1007901700,NA,NA
1007901700,NA,NA
1007901700,NA,NA
1007901700,NA,NA
1007901700,NA,NA
1007901700,NA,NA
1008001380,NA,NA
1008001380,NA,NA
1008001380,NA,NA
1008001380,NA,NA
1008001380,NA,NA
1008001380,NA,NA
1008001380,NA,NA
1008001380,NA,NA
1008001380,NA,NA
1008001380,NA,NA
1008001380,NA,NA
1008001380,NA,NA
1008001380,NA,NA
1008001380,NA,NA
1008001380,NA,NA
1008001400,NA,NA
1008001400,NA,NA
1008001400,NA,NA
1008001400,NA,NA
1008001400,NA,NA
1008001400,NA,NA
1008001400,NA,NA
1008001400,NA,NA
1008001400,NA,NA
1008001400,NA,NA
1008001400,NA,NA
1008001400,NA,NA
1008001400,NA,NA
1008001400,NA,NA
1008001400,NA,NA
1008001410,NA,NA
1008001410,NA,NA
1008001410,NA,NA
1008001410,NA,NA
1008001410,NA,NA
1008001410,NA,NA
1008001410,NA,NA
1008001410,NA,NA
1008001410,NA,NA
1008001410,NA,NA
1008001410,NA,NA
1008001410,NA,NA
1008001410,NA,NA
1008001410,NA,NA
1008001410,NA,NA
1008001610,NA,NA
1008001610,NA,NA
1008001610,NA,NA
1008001610,NA,NA
1008001610,NA,NA
1008001610,NA,NA
1008001610,NA,NA
1008001610,NA,NA
1008001610,NA,NA
1008001610,NA,NA
1008001610,NA,NA
1008001610,NA,NA
1008001610,NA,NA
1008001610,NA,NA
1008001610,NA,NA
1008001660,NA,NA
1008001660,NA,NA
1008001660,NA,NA
1008001660,NA,NA
1008001660,NA,NA
1008001660,NA,NA
1008001660,NA,NA
1008001660,NA,NA
1008001660,NA,NA
1008001660,NA,NA
1008001660,NA,NA
1008001660,NA,NA
1008001660,NA,NA
1008001660,NA,NA
1008001660,NA,NA
1008001690,NA,NA
1008001690,NA,NA
1008001690,NA,NA
1008001690,NA,NA
1008001690,NA,NA
1008001690,NA,NA
1008001690,NA,NA
1008001690,NA,NA
1008001690,NA,NA
1008001690,NA,NA
1008001690,NA,NA
1008001690,NA,NA
1008001690,NA,NA
1008001690,NA,NA
1008001690,NA,NA
1008001700,NA,NA
1008001700,NA,NA
1008001700,NA,NA
1008001700,NA,NA
1008001700,NA,NA
1008001700,NA,NA
1008001700,NA,NA
1008001700,NA,NA
1008001700,NA,NA
1008001700,NA,NA
1008001700,NA,NA
1008001700,NA,NA
1008001700,NA,NA
1008001700,NA,NA
1008001700,NA,NA
1008001710,NA,NA
1008001710,NA,NA
1008001710,NA,NA
1008001710,NA,NA
1008001710,NA,NA
1008001710,NA,NA
1008001710,NA,NA
1008001710,NA,NA
1008001710,NA,NA
1008001710,NA,NA
1008001710,NA,NA
1008001710,NA,NA
1008001710,NA,NA
1008001710,NA,NA
1008001710,NA,NA
1008101380,NA,NA
1008101380,NA,NA
1008101380,NA,NA
1008101380,NA,NA
1008101380,NA,NA
1008101380,NA,NA
1008101380,NA,NA
1008101380,NA,NA
1008101380,NA,NA
1008101380,NA,NA
1008101380,NA,NA
1008101380,NA,NA
1008101380,NA,NA
1008101380,NA,NA
1008101380,NA,NA
1008101450,NA,NA
1008101450,NA,NA
1008101450,NA,NA
1008101450,NA,NA
1008101450,NA,NA
1008101450,NA,NA
1008101450,NA,NA
1008101450,NA,NA
1008101450,NA,NA
1008101450,NA,NA
1008101450,NA,NA
1008101450,NA,NA
1008101450,NA,NA
1008101450,NA,NA
1008101450,NA,NA
1008101500,NA,NA
1008101500,NA,NA
1008101500,NA,NA
1008101500,NA,NA
1008101500,NA,NA
1008101500,NA,NA
1008101500,NA,NA
1008101500,NA,NA
1008101500,NA,NA
1008101500,NA,NA
1008101500,NA,NA
1008101500,NA,NA
1008101500,NA,NA
1008101500,NA,NA
1008101500,NA,NA
1008101510,NA,NA
1008101510,NA,NA
1008101510,NA,NA
1008101510,NA,NA
1008101510,NA,NA
1008101510,NA,NA
1008101510,NA,NA
1008101510,NA,NA
1008101510,NA,NA
1008101510,NA,NA
1008101510,NA,NA
1008101510,NA,NA
1008101510,NA,NA
1008101510,NA,NA
1008101510,NA,NA
1008101520,NA,NA
1008101520,NA,NA
1008101520,NA,NA
1008101520,NA,NA
1008101520,NA,NA
1008101520,NA,NA
1008101520,NA,NA
1008101520,NA,NA
1008101520,NA,NA
1008101520,NA,NA
1008101520,NA,NA
1008101520,NA,NA
1008101520,NA,NA
1008101520,NA,NA
1008101520,NA,NA
1008101540,NA,NA
1008101540,NA,NA
1008101540,NA,NA
1008101540,NA,NA
1008101540,NA,NA
1008101540,NA,NA
1008101540,NA,NA
1008101540,NA,NA
1008101540,NA,NA
1008101540,NA,NA
1008101540,NA,NA
1008101540,NA,NA
1008101540,NA,NA
1008101540,NA,NA
1008101540,NA,NA
1008101660,NA,NA
1008101660,NA,NA
1008101660,NA,NA
1008101660,NA,NA
1008101660,NA,NA
1008101660,NA,NA
1008101660,NA,NA
1008101660,NA,NA
1008101660,NA,NA
1008101660,NA,NA
1008101660,NA,NA
1008101660,NA,NA
1008101660,NA,NA
1008101660,NA,NA
1008101660,NA,NA
1008101670,NA,NA
1008101670,NA,NA
1008101670,NA,NA
1008101670,NA,NA
1008101670,NA,NA
1008101670,NA,NA
1008101670,NA,NA
1008101670,NA,NA
1008101670,NA,NA
1008101670,NA,NA
1008101670,NA,NA
1008101670,NA,NA
1008101670,NA,NA
1008101670,NA,NA
1008101670,NA,NA
1008101680,NA,NA
1008101680,NA,NA
1008101680,NA,NA
1008101680,NA,NA
1008101680,NA,NA
1008101680,NA,NA
1008101680,NA,NA
1008101680,NA,NA
1008101680,NA,NA
1008101680,NA,NA
1008101680,NA,NA
1008101680,NA,NA
1008101680,NA,NA
1008101680,NA,NA
1008101680,NA,NA
1008101700,NA,NA
1008101700,NA,NA
1008101700,NA,NA
1008101700,NA,NA
1008101700,NA,NA
1008101700,NA,NA
1008101700,NA,NA
1008101700,NA,NA
1008101700,NA,NA
1008101700,NA,NA
1008101700,NA,NA
1008101700,NA,NA
1008101700,NA,NA
1008101700,NA,NA
1008101700,NA,NA
1008101710,NA,NA
1008101710,NA,NA
1008101710,NA,NA
1008101710,NA,NA
1008101710,NA,NA
1008101710,NA,NA
1008101710,NA,NA
1008101710,NA,NA
1008101710,NA,NA
1008101710,NA,NA
1008101710,NA,NA
1008101710,NA,NA
1008101710,NA,NA
1008101710,NA,NA
1008101710,NA,NA
1008201340,NA,NA
1008201340,NA,NA
1008201340,NA,NA
1008201340,NA,NA
1008201340,NA,NA
1008201340,NA,NA
1008201340,NA,NA
1008201340,NA,NA
1008201340,NA,NA
1008201340,NA,NA
1008201340,NA,NA
1008201340,NA,NA
1008201340,NA,NA
1008201340,NA,NA
1008201340,NA,NA
1008201350,NA,NA
1008201350,NA,NA
1008201350,NA,NA
1008201350,NA,NA
1008201350,NA,NA
1008201350,NA,NA
1008201350,NA,NA
1008201350,NA,NA
1008201350,NA,NA
1008201350,NA,NA
1008201350,NA,NA
1008201350,NA,NA
1008201350,NA,NA
1008201350,NA,NA
1008201350,NA,NA
1008201370,NA,NA
1008201370,NA,NA
1008201370,NA,NA
1008201370,NA,NA
1008201370,NA,NA
1008201370,NA,NA
1008201370,NA,NA
1008201370,NA,NA
1008201370,NA,NA
1008201370,NA,NA
1008201370,NA,NA
1008201370,NA,NA
1008201370,NA,NA
1008201370,NA,NA
1008201370,NA,NA
1008201380,NA,NA
1008201380,NA,NA
1008201380,NA,NA
1008201380,NA,NA
1008201380,NA,NA
1008201380,NA,NA
1008201380,NA,NA
1008201380,NA,NA
1008201380,NA,NA
1008201380,NA,NA
1008201380,NA,NA
1008201380,NA,NA
1008201380,NA,NA
1008201380,NA,NA
1008201380,NA,NA
1008201400,NA,NA
1008201400,NA,NA
1008201400,NA,NA
1008201400,NA,NA
1008201400,NA,NA
1008201400,NA,NA
1008201400,NA,NA
1008201400,NA,NA
1008201400,NA,NA
1008201400,NA,NA
1008201400,NA,NA
1008201400,NA,NA
1008201400,NA,NA
1008201400,NA,NA
1008201400,NA,NA
1008201460,NA,NA
1008201460,NA,NA
1008201460,NA,NA
1008201460,NA,NA
1008201460,NA,NA
1008201460,NA,NA
1008201460,NA,NA
1008201460,NA,NA
1008201460,NA,NA
1008201460,NA,NA
1008201460,NA,NA
1008201460,NA,NA
1008201460,NA,NA
1008201460,NA,NA
1008201460,NA,NA
1008201470,NA,NA
1008201470,NA,NA
1008201470,NA,NA
1008201470,NA,NA
1008201470,NA,NA
1008201470,NA,NA
1008201470,NA,NA
1008201470,NA,NA
1008201470,NA,NA
1008201470,NA,NA
1008201470,NA,NA
1008201470,NA,NA
1008201470,NA,NA
1008201470,NA,NA
1008201470,NA,NA
1008201480,NA,NA
1008201480,NA,NA
1008201480,NA,NA
1008201480,NA,NA
1008201480,NA,NA
1008201480,NA,NA
1008201480,NA,NA
1008201480,NA,NA
1008201480,NA,NA
1008201480,NA,NA
1008201480,NA,NA
1008201480,NA,NA
1008201480,NA,NA
1008201480,NA,NA
1008201480,NA,NA
1008201490,NA,NA
1008201490,NA,NA
1008201490,NA,NA
1008201490,NA,NA
1008201490,NA,NA
1008201490,NA,NA
1008201490,NA,NA
1008201490,NA,NA
1008201490,NA,NA
1008201490,NA,NA
1008201490,NA,NA
1008201490,NA,NA
1008201490,NA,NA
1008201490,NA,NA
1008201490,NA,NA
1008201520,NA,NA
1008201520,NA,NA
1008201520,NA,NA
1008201520,NA,NA
1008201520,NA,NA
1008201520,NA,NA
1008201520,NA,NA
1008201520,NA,NA
1008201520,NA,NA
1008201520,NA,NA
1008201520,NA,NA
1008201520,NA,NA
1008201520,NA,NA
1008201520,NA,NA
1008201520,NA,NA
1008201540,NA,NA
1008201540,NA,NA
1008201540,NA,NA
1008201540,NA,NA
1008201540,NA,NA
1008201540,NA,NA
1008201540,NA,NA
1008201540,NA,NA
1008201540,NA,NA
1008201540,NA,NA
1008201540,NA,NA
1008201540,NA,NA
1008201540,NA,NA
1008201540,NA,NA
1008201540,NA,NA
1008201550,NA,NA
1008201550,NA,NA
1008201550,NA,NA
1008201550,NA,NA
1008201550,NA,NA
1008201550,NA,NA
1008201550,NA,NA
1008201550,NA,NA
1008201550,NA,NA
1008201550,NA,NA
1008201550,NA,NA
1008201550,NA,NA
1008201550,NA,NA
1008201550,NA,NA
1008201550,NA,NA
1008201670,NA,NA
1008201670,NA,NA
1008201670,NA,NA
1008201670,NA,NA
1008201670,NA,NA
1008201670,NA,NA
1008201670,NA,NA
1008201670,NA,NA
1008201670,NA,NA
1008201670,NA,NA
1008201670,NA,NA
1008201670,NA,NA
1008201670,NA,NA
1008201670,NA,NA
1008201670,NA,NA
1008201680,NA,NA
1008201680,NA,NA
1008201680,NA,NA
1008201680,NA,NA
1008201680,NA,NA
1008201680,NA,NA
1008201680,NA,NA
1008201680,NA,NA
1008201680,NA,NA
1008201680,NA,NA
1008201680,NA,NA
1008201680,NA,NA
1008201680,NA,NA
1008201680,NA,NA
1008201680,NA,NA
1008201690,NA,NA
1008201690,NA,NA
1008201690,NA,NA
1008201690,NA,NA
1008201690,NA,NA
1008201690,NA,NA
1008201690,NA,NA
1008201690,NA,NA
1008201690,NA,NA
1008201690,NA,NA
1008201690,NA,NA
1008201690,NA,NA
1008201690,NA,NA
1008201690,NA,NA
1008201690,NA,NA
1008201710,NA,NA
1008201710,NA,NA
1008201710,NA,NA
1008201710,NA,NA
1008201710,NA,NA
1008201710,NA,NA
1008201710,NA,NA
1008201710,NA,NA
1008201710,NA,NA
1008201710,NA,NA
1008201710,NA,NA
1008201710,NA,NA
1008201710,NA,NA
1008201710,NA,NA
1008201710,NA,NA
1008301340,NA,NA
1008301340,NA,NA
1008301340,NA,NA
1008301340,NA,NA
1008301340,NA,NA
1008301340,NA,NA
1008301340,NA,NA
1008301340,NA,NA
1008301340,NA,NA
1008301340,NA,NA
1008301340,NA,NA
1008301340,NA,NA
1008301340,NA,NA
1008301340,NA,NA
1008301340,NA,NA
1008301350,NA,NA
1008301350,NA,NA
1008301350,NA,NA
1008301350,NA,NA
1008301350,NA,NA
1008301350,NA,NA
1008301350,NA,NA
1008301350,NA,NA
1008301350,NA,NA
1008301350,NA,NA
1008301350,NA,NA
1008301350,NA,NA
1008301350,NA,NA
1008301350,NA,NA
1008301350,NA,NA
1008301430,NA,NA
1008301430,NA,NA
1008301430,NA,NA
1008301430,NA,NA
1008301430,NA,NA
1008301430,NA,NA
1008301430,NA,NA
1008301430,NA,NA
1008301430,NA,NA
1008301430,NA,NA
1008301430,NA,NA
1008301430,NA,NA
1008301430,NA,NA
1008301430,NA,NA
1008301430,NA,NA
1008301440,NA,NA
1008301440,NA,NA
1008301440,NA,NA
1008301440,NA,NA
1008301440,NA,NA
1008301440,NA,NA
1008301440,NA,NA
1008301440,NA,NA
1008301440,NA,NA
1008301440,NA,NA
1008301440,NA,NA
1008301440,NA,NA
1008301440,NA,NA
1008301440,NA,NA
1008301440,NA,NA
1008301460,NA,NA
1008301460,NA,NA
1008301460,NA,NA
1008301460,NA,NA
1008301460,NA,NA
1008301460,NA,NA
1008301460,NA,NA
1008301460,NA,NA
1008301460,NA,NA
1008301460,NA,NA
1008301460,NA,NA
1008301460,NA,NA
1008301460,NA,NA
1008301460,NA,NA
1008301460,NA,NA
1008301470,NA,NA
1008301470,NA,NA
1008301470,NA,NA
1008301470,NA,NA
1008301470,NA,NA
1008301470,NA,NA
1008301470,NA,NA
1008301470,NA,NA
1008301470,NA,NA
1008301470,NA,NA
1008301470,NA,NA
1008301470,NA,NA
1008301470,NA,NA
1008301470,NA,NA
1008301470,NA,NA
1008301490,NA,NA
1008301490,NA,NA
1008301490,NA,NA
1008301490,NA,NA
1008301490,NA,NA
1008301490,NA,NA
1008301490,NA,NA
1008301490,NA,NA
1008301490,NA,NA
1008301490,NA,NA
1008301490,NA,NA
1008301490,NA,NA
1008301490,NA,NA
1008301490,NA,NA
1008301490,NA,NA
1008301520,NA,NA
1008301520,NA,NA
1008301520,NA,NA
1008301520,NA,NA
1008301520,NA,NA
1008301520,NA,NA
1008301520,NA,NA
1008301520,NA,NA
1008301520,NA,NA
1008301520,NA,NA
1008301520,NA,NA
1008301520,NA,NA
1008301520,NA,NA
1008301520,NA,NA
1008301520,NA,NA
1008301530,NA,NA
1008301530,NA,NA
1008301530,NA,NA
1008301530,NA,NA
1008301530,NA,NA
1008301530,NA,NA
1008301530,NA,NA
1008301530,NA,NA
1008301530,NA,NA
1008301530,NA,NA
1008301530,NA,NA
1008301530,NA,NA
1008301530,NA,NA
1008301530,NA,NA
1008301530,NA,NA
1008301550,NA,NA
1008301550,NA,NA
1008301550,NA,NA
1008301550,NA,NA
1008301550,NA,NA
1008301550,NA,NA
1008301550,NA,NA
1008301550,NA,NA
1008301550,NA,NA
1008301550,NA,NA
1008301550,NA,NA
1008301550,NA,NA
1008301550,NA,NA
1008301550,NA,NA
1008301550,NA,NA
1008301580,NA,NA
1008301580,NA,NA
1008301580,NA,NA
1008301580,NA,NA
1008301580,NA,NA
1008301580,NA,NA
1008301580,NA,NA
1008301580,NA,NA
1008301580,NA,NA
1008301580,NA,NA
1008301580,NA,NA
1008301580,NA,NA
1008301580,NA,NA
1008301580,NA,NA
1008301580,NA,NA
1008301600,NA,NA
1008301600,NA,NA
1008301600,NA,NA
1008301600,NA,NA
1008301600,NA,NA
1008301600,NA,NA
1008301600,NA,NA
1008301600,NA,NA
1008301600,NA,NA
1008301600,NA,NA
1008301600,NA,NA
1008301600,NA,NA
1008301600,NA,NA
1008301600,NA,NA
1008301600,NA,NA
1008301690,NA,NA
1008301690,NA,NA
1008301690,NA,NA
1008301690,NA,NA
1008301690,NA,NA
1008301690,NA,NA
1008301690,NA,NA
1008301690,NA,NA
1008301690,NA,NA
1008301690,NA,NA
1008301690,NA,NA
1008301690,NA,NA
1008301690,NA,NA
1008301690,NA,NA
1008301690,NA,NA
1008301710,NA,NA
1008301710,NA,NA
1008301710,NA,NA
1008301710,NA,NA
1008301710,NA,NA
1008301710,NA,NA
1008301710,NA,NA
1008301710,NA,NA
1008301710,NA,NA
1008301710,NA,NA
1008301710,NA,NA
1008301710,NA,NA
1008301710,NA,NA
1008301710,NA,NA
1008301710,NA,NA
1008301720,NA,NA
1008301720,NA,NA
1008301720,NA,NA
1008301720,NA,NA
1008301720,NA,NA
1008301720,NA,NA
1008301720,NA,NA
1008301720,NA,NA
1008301720,NA,NA
1008301720,NA,NA
1008301720,NA,NA
1008301720,NA,NA
1008301720,NA,NA
1008301720,NA,NA
1008301720,NA,NA
1008301970,NA,NA
1008301970,NA,NA
1008301970,NA,NA
1008301970,NA,NA
1008301970,NA,NA
1008301970,NA,NA
1008301970,NA,NA
1008301970,NA,NA
1008301970,NA,NA
1008301970,NA,NA
1008301970,NA,NA
1008301970,NA,NA
1008301970,NA,NA
1008301970,NA,NA
1008301970,NA,NA
1008301980,NA,NA
1008301980,NA,NA
1008301980,NA,NA
1008301980,NA,NA
1008301980,NA,NA
1008301980,NA,NA
1008301980,NA,NA
1008301980,NA,NA
1008301980,NA,NA
1008301980,NA,NA
1008301980,NA,NA
1008301980,NA,NA
1008301980,NA,NA
1008301980,NA,NA
1008301980,NA,NA
1008301990,NA,NA
1008301990,NA,NA
1008301990,NA,NA
1008301990,NA,NA
1008301990,NA,NA
1008301990,NA,NA
1008301990,NA,NA
1008301990,NA,NA
1008301990,NA,NA
1008301990,NA,NA
1008301990,NA,NA
1008301990,NA,NA
1008301990,NA,NA
1008301990,NA,NA
1008301990,NA,NA
1008401530,NA,NA
1008401530,NA,NA
1008401530,NA,NA
1008401530,NA,NA
1008401530,NA,NA
1008401530,NA,NA
1008401530,NA,NA
1008401530,NA,NA
1008401530,NA,NA
1008401530,NA,NA
1008401530,NA,NA
1008401530,NA,NA
1008401530,NA,NA
1008401530,NA,NA
1008401530,NA,NA
1008401540,NA,NA
1008401540,NA,NA
1008401540,NA,NA
1008401540,NA,NA
1008401540,NA,NA
1008401540,NA,NA
1008401540,NA,NA
1008401540,NA,NA
1008401540,NA,NA
1008401540,NA,NA
1008401540,NA,NA
1008401540,NA,NA
1008401540,NA,NA
1008401540,NA,NA
1008401540,NA,NA
1008401570,NA,NA
1008401570,NA,NA
1008401570,NA,NA
1008401570,NA,NA
1008401570,NA,NA
1008401570,NA,NA
1008401570,NA,NA
1008401570,NA,NA
1008401570,NA,NA
1008401570,NA,NA
1008401570,NA,NA
1008401570,NA,NA
1008401570,NA,NA
1008401570,NA,NA
1008401570,NA,NA
1008401610,NA,NA
1008401610,NA,NA
1008401610,NA,NA
1008401610,NA,NA
1008401610,NA,NA
1008401610,NA,NA
1008401610,NA,NA
1008401610,NA,NA
1008401610,NA,NA
1008401610,NA,NA
1008401610,NA,NA
1008401610,NA,NA
1008401610,NA,NA
1008401610,NA,NA
1008401610,NA,NA
1008401680,NA,NA
1008401680,NA,NA
1008401680,NA,NA
1008401680,NA,NA
1008401680,NA,NA
1008401680,NA,NA
1008401680,NA,NA
1008401680,NA,NA
1008401680,NA,NA
1008401680,NA,NA
1008401680,NA,NA
1008401680,NA,NA
1008401680,NA,NA
1008401680,NA,NA
1008401680,NA,NA
1008401690,NA,NA
1008401690,NA,NA
1008401690,NA,NA
1008401690,NA,NA
1008401690,NA,NA
1008401690,NA,NA
1008401690,NA,NA
1008401690,NA,NA
1008401690,NA,NA
1008401690,NA,NA
1008401690,NA,NA
1008401690,NA,NA
1008401690,NA,NA
1008401690,NA,NA
1008401690,NA,NA
1008401700,NA,NA
1008401700,NA,NA
1008401700,NA,NA
1008401700,NA,NA
1008401700,NA,NA
1008401700,NA,NA
1008401700,NA,NA
1008401700,NA,NA
1008401700,NA,NA
1008401700,NA,NA
1008401700,NA,NA
1008401700,NA,NA
1008401700,NA,NA
1008401700,NA,NA
1008401700,NA,NA
1008401720,NA,NA
1008401720,NA,NA
1008401720,NA,NA
1008401720,NA,NA
1008401720,NA,NA
1008401720,NA,NA
1008401720,NA,NA
1008401720,NA,NA
1008401720,NA,NA
1008401720,NA,NA
1008401720,NA,NA
1008401720,NA,NA
1008401720,NA,NA
1008401720,NA,NA
1008401720,NA,NA
1008401970,NA,NA
1008401970,NA,NA
1008401970,NA,NA
1008401970,NA,NA
1008401970,NA,NA
1008401970,NA,NA
1008401970,NA,NA
1008401970,NA,NA
1008401970,NA,NA
1008401970,NA,NA
1008401970,NA,NA
1008401970,NA,NA
1008401970,NA,NA
1008401970,NA,NA
1008401970,NA,NA
1008401980,NA,NA
1008401980,NA,NA
1008401980,NA,NA
1008401980,NA,NA
1008401980,NA,NA
1008401980,NA,NA
1008401980,NA,NA
1008401980,NA,NA
1008401980,NA,NA
1008401980,NA,NA
1008401980,NA,NA
1008401980,NA,NA
1008401980,NA,NA
1008401980,NA,NA
1008401980,NA,NA
1008401990,NA,NA
1008401990,NA,NA
1008401990,NA,NA
1008401990,NA,NA
1008401990,NA,NA
1008401990,NA,NA
1008401990,NA,NA
1008401990,NA,NA
1008401990,NA,NA
1008401990,NA,NA
1008401990,NA,NA
1008401990,NA,NA
1008401990,NA,NA
1008401990,NA,NA
1008401990,NA,NA
1008501530,NA,NA
1008501530,NA,NA
1008501530,NA,NA
1008501530,NA,NA
1008501530,NA,NA
1008501530,NA,NA
1008501530,NA,NA
1008501530,NA,NA
1008501530,NA,NA
1008501530,NA,NA
1008501530,NA,NA
1008501530,NA,NA
1008501530,NA,NA
1008501530,NA,NA
1008501530,NA,NA
1008501540,NA,NA
1008501540,NA,NA
1008501540,NA,NA
1008501540,NA,NA
1008501540,NA,NA
1008501540,NA,NA
1008501540,NA,NA
1008501540,NA,NA
1008501540,NA,NA
1008501540,NA,NA
1008501540,NA,NA
1008501540,NA,NA
1008501540,NA,NA
1008501540,NA,NA
1008501540,NA,NA
1008501630,NA,NA
1008501630,NA,NA
1008501630,NA,NA
1008501630,NA,NA
1008501630,NA,NA
1008501630,NA,NA
1008501630,NA,NA
1008501630,NA,NA
1008501630,NA,NA
1008501630,NA,NA
1008501630,NA,NA
1008501630,NA,NA
1008501630,NA,NA
1008501630,NA,NA
1008501630,NA,NA
1008501690,NA,NA
1008501690,NA,NA
1008501690,NA,NA
1008501690,NA,NA
1008501690,NA,NA
1008501690,NA,NA
1008501690,NA,NA
1008501690,NA,NA
1008501690,NA,NA
1008501690,NA,NA
1008501690,NA,NA
1008501690,NA,NA
1008501690,NA,NA
1008501690,NA,NA
1008501690,NA,NA
1008501970,NA,NA
1008501970,NA,NA
1008501970,NA,NA
1008501970,NA,NA
1008501970,NA,NA
1008501970,NA,NA
1008501970,NA,NA
1008501970,NA,NA
1008501970,NA,NA
1008501970,NA,NA
1008501970,NA,NA
1008501970,NA,NA
1008501970,NA,NA
1008501970,NA,NA
1008501970,NA,NA
1008501980,NA,NA
1008501980,NA,NA
1008501980,NA,NA
1008501980,NA,NA
1008501980,NA,NA
1008501980,NA,NA
1008501980,NA,NA
1008501980,NA,NA
1008501980,NA,NA
1008501980,NA,NA
1008501980,NA,NA
1008501980,NA,NA
1008501980,NA,NA
1008501980,NA,NA
1008501980,NA,NA
1008501990,NA,NA
1008501990,NA,NA
1008501990,NA,NA
1008501990,NA,NA
1008501990,NA,NA
1008501990,NA,NA
1008501990,NA,NA
1008501990,NA,NA
1008501990,NA,NA
1008501990,NA,NA
1008501990,NA,NA
1008501990,NA,NA
1008501990,NA,NA
1008501990,NA,NA
1008501990,NA,NA
1008601550,NA,NA
1008601550,NA,NA
1008601550,NA,NA
1008601550,NA,NA
1008601550,NA,NA
1008601550,NA,NA
1008601550,NA,NA
1008601550,NA,NA
1008601550,NA,NA
1008601550,NA,NA
1008601550,NA,NA
1008601550,NA,NA
1008601550,NA,NA
1008601550,NA,NA
1008601550,NA,NA
1008801820,NA,NA
1008801820,NA,NA
1008801820,NA,NA
1008801820,NA,NA
1008801820,NA,NA
1008801820,NA,NA
1008801820,NA,NA
1008801820,NA,NA
1008801820,NA,NA
1008801820,NA,NA
1008801820,NA,NA
1008801820,NA,NA
1008801820,NA,NA
1008801820,NA,NA
1008801820,NA,NA
1008801830,NA,NA
1008801830,NA,NA
1008801830,NA,NA
1008801830,NA,NA
1008801830,NA,NA
1008801830,NA,NA
1008801830,NA,NA
1008801830,NA,NA
1008801830,NA,NA
1008801830,NA,NA
1008801830,NA,NA
1008801830,NA,NA
1008801830,NA,NA
1008801830,NA,NA
1008801830,NA,NA
1008801840,NA,NA
1008801840,NA,NA
1008801840,NA,NA
1008801840,NA,NA
1008801840,NA,NA
1008801840,NA,NA
1008801840,NA,NA
1008801840,NA,NA
1008801840,NA,NA
1008801840,NA,NA
1008801840,NA,NA
1008801840,NA,NA
1008801840,NA,NA
1008801840,NA,NA
1008801840,NA,NA
1008901550,NA,NA
1008901550,NA,NA
1008901550,NA,NA
1008901550,NA,NA
1008901550,NA,NA
1008901550,NA,NA
1008901550,NA,NA
1008901550,NA,NA
1008901550,NA,NA
1008901550,NA,NA
1008901550,NA,NA
1008901550,NA,NA
1008901550,NA,NA
1008901550,NA,NA
1008901550,NA,NA
1008901820,NA,NA
1008901820,NA,NA
1008901820,NA,NA
1008901820,NA,NA
1008901820,NA,NA
1008901820,NA,NA
1008901820,NA,NA
1008901820,NA,NA
1008901820,NA,NA
1008901820,NA,NA
1008901820,NA,NA
1008901820,NA,NA
1008901820,NA,NA
1008901820,NA,NA
1008901820,NA,NA
1008901830,NA,NA
1008901830,NA,NA
1008901830,NA,NA
1008901830,NA,NA
1008901830,NA,NA
1008901830,NA,NA
1008901830,NA,NA
1008901830,NA,NA
1008901830,NA,NA
1008901830,NA,NA
1008901830,NA,NA
1008901830,NA,NA
1008901830,NA,NA
1008901830,NA,NA
1008901830,NA,NA
1008901840,NA,NA
1008901840,NA,NA
1008901840,NA,NA
1008901840,NA,NA
1008901840,NA,NA
1008901840,NA,NA
1008901840,NA,NA
1008901840,NA,NA
1008901840,NA,NA
1008901840,NA,NA
1008901840,NA,NA
1008901840,NA,NA
1008901840,NA,NA
1008901840,NA,NA
1008901840,NA,NA
1008901850,NA,NA
1008901850,NA,NA
1008901850,NA,NA
1008901850,NA,NA
1008901850,NA,NA
1008901850,NA,NA
1008901850,NA,NA
1008901850,NA,NA
1008901850,NA,NA
1008901850,NA,NA
1008901850,NA,NA
1008901850,NA,NA
1008901850,NA,NA
1008901850,NA,NA
1008901850,NA,NA
1008901990,NA,NA
1008901990,NA,NA
1008901990,NA,NA
1008901990,NA,NA
1008901990,NA,NA
1008901990,NA,NA
1008901990,NA,NA
1008901990,NA,NA
1008901990,NA,NA
1008901990,NA,NA
1008901990,NA,NA
1008901990,NA,NA
1008901990,NA,NA
1008901990,NA,NA
1008901990,NA,NA
1008902000,NA,NA
1008902000,NA,NA
1008902000,NA,NA
1008902000,NA,NA
1008902000,NA,NA
1008902000,NA,NA
1008902000,NA,NA
1008902000,NA,NA
1008902000,NA,NA
1008902000,NA,NA
1008902000,NA,NA
1008902000,NA,NA
1008902000,NA,NA
1008902000,NA,NA
1008902000,NA,NA
1008902010,NA,NA
1008902010,NA,NA
1008902010,NA,NA
1008902010,NA,NA
1008902010,NA,NA
1008902010,NA,NA
1008902010,NA,NA
1008902010,NA,NA
1008902010,NA,NA
1008902010,NA,NA
1008902010,NA,NA
1008902010,NA,NA
1008902010,NA,NA
1008902010,NA,NA
1008902010,NA,NA
1009001820,NA,NA
1009001820,NA,NA
1009001820,NA,NA
1009001820,NA,NA
1009001820,NA,NA
1009001820,NA,NA
1009001820,NA,NA
1009001820,NA,NA
1009001820,NA,NA
1009001820,NA,NA
1009001820,NA,NA
1009001820,NA,NA
1009001820,NA,NA
1009001820,NA,NA
1009001820,NA,NA
1009001830,NA,NA
1009001830,NA,NA
1009001830,NA,NA
1009001830,NA,NA
1009001830,NA,NA
1009001830,NA,NA
1009001830,NA,NA
1009001830,NA,NA
1009001830,NA,NA
1009001830,NA,NA
1009001830,NA,NA
1009001830,NA,NA
1009001830,NA,NA
1009001830,NA,NA
1009001830,NA,NA
1009001840,NA,NA
1009001840,NA,NA
1009001840,NA,NA
1009001840,NA,NA
1009001840,NA,NA
1009001840,NA,NA
1009001840,NA,NA
1009001840,NA,NA
1009001840,NA,NA
1009001840,NA,NA
1009001840,NA,NA
1009001840,NA,NA
1009001840,NA,NA
1009001840,NA,NA
1009001840,NA,NA
1009001850,NA,NA
1009001850,NA,NA
1009001850,NA,NA
1009001850,NA,NA
1009001850,NA,NA
1009001850,NA,NA
1009001850,NA,NA
1009001850,NA,NA
1009001850,NA,NA
1009001850,NA,NA
1009001850,NA,NA
1009001850,NA,NA
1009001850,NA,NA
1009001850,NA,NA
1009001850,NA,NA
1009001990,NA,NA
1009001990,NA,NA
1009001990,NA,NA
1009001990,NA,NA
1009001990,NA,NA
1009001990,NA,NA
1009001990,NA,NA
1009001990,NA,NA
1009001990,NA,NA
1009001990,NA,NA
1009001990,NA,NA
1009001990,NA,NA
1009001990,NA,NA
1009001990,NA,NA
1009001990,NA,NA
1009002000,NA,NA
1009002000,NA,NA
1009002000,NA,NA
1009002000,NA,NA
1009002000,NA,NA
1009002000,NA,NA
1009002000,NA,NA
1009002000,NA,NA
1009002000,NA,NA
1009002000,NA,NA
1009002000,NA,NA
1009002000,NA,NA
1009002000,NA,NA
1009002000,NA,NA
1009002000,NA,NA
1009002010,NA,NA
1009002010,NA,NA
1009002010,NA,NA
1009002010,NA,NA
1009002010,NA,NA
1009002010,NA,NA
1009002010,NA,NA
1009002010,NA,NA
1009002010,NA,NA
1009002010,NA,NA
1009002010,NA,NA
1009002010,NA,NA
1009002010,NA,NA
1009002010,NA,NA
1009002010,NA,NA
1009101830,NA,NA
1009101830,NA,NA
1009101830,NA,NA
1009101830,NA,NA
1009101830,NA,NA
1009101830,NA,NA
1009101830,NA,NA
1009101830,NA,NA
1009101830,NA,NA
1009101830,NA,NA
1009101830,NA,NA
1009101830,NA,NA
1009101830,NA,NA
1009101830,NA,NA
1009101830,NA,NA
1009101840,NA,NA
1009101840,NA,NA
1009101840,NA,NA
1009101840,NA,NA
1009101840,NA,NA
1009101840,NA,NA
1009101840,NA,NA
1009101840,NA,NA
1009101840,NA,NA
1009101840,NA,NA
1009101840,NA,NA
1009101840,NA,NA
1009101840,NA,NA
1009101840,NA,NA
1009101840,NA,NA
1009101850,NA,NA
1009101850,NA,NA
1009101850,NA,NA
1009101850,NA,NA
1009101850,NA,NA
1009101850,NA,NA
1009101850,NA,NA
1009101850,NA,NA
1009101850,NA,NA
1009101850,NA,NA
1009101850,NA,NA
1009101850,NA,NA
1009101850,NA,NA
1009101850,NA,NA
1009101850,NA,NA
1009101990,NA,NA
1009101990,NA,NA
1009101990,NA,NA
1009101990,NA,NA
1009101990,NA,NA
1009101990,NA,NA
1009101990,NA,NA
1009101990,NA,NA
1009101990,NA,NA
1009101990,NA,NA
1009101990,NA,NA
1009101990,NA,NA
1009101990,NA,NA
1009101990,NA,NA
1009101990,NA,NA
1009102000,NA,NA
1009102000,NA,NA
1009102000,NA,NA
1009102000,NA,NA
1009102000,NA,NA
1009102000,NA,NA
1009102000,NA,NA
1009102000,NA,NA
1009102000,NA,NA
1009102000,NA,NA
1009102000,NA,NA
1009102000,NA,NA
1009102000,NA,NA
1009102000,NA,NA
1009102000,NA,NA
1009102010,NA,NA
1009102010,NA,NA
1009102010,NA,NA
1009102010,NA,NA
1009102010,NA,NA
1009102010,NA,NA
1009102010,NA,NA
1009102010,NA,NA
1009102010,NA,NA
1009102010,NA,NA
1009102010,NA,NA
1009102010,NA,NA
1009102010,NA,NA
1009102010,NA,NA
1009102010,NA,NA
1010001880,NA,NA
1010001880,NA,NA
1010001880,NA,NA
1010001880,NA,NA
1010001880,NA,NA
1010001880,NA,NA
1010001880,NA,NA
1010001880,NA,NA
1010001880,NA,NA
1010001880,NA,NA
1010001880,NA,NA
1010001880,NA,NA
1010001880,NA,NA
1010001880,NA,NA
1010001880,NA,NA
1010001890,NA,NA
1010001890,NA,NA
1010001890,NA,NA
1010001890,NA,NA
1010001890,NA,NA
1010001890,NA,NA
1010001890,NA,NA
1010001890,NA,NA
1010001890,NA,NA
1010001890,NA,NA
1010001890,NA,NA
1010001890,NA,NA
1010001890,NA,NA
1010001890,NA,NA
1010001890,NA,NA
1010001900,NA,NA
1010001900,NA,NA
1010001900,NA,NA
1010001900,NA,NA
1010001900,NA,NA
1010001900,NA,NA
1010001900,NA,NA
1010001900,NA,NA
1010001900,NA,NA
1010001900,NA,NA
1010001900,NA,NA
1010001900,NA,NA
1010001900,NA,NA
1010001900,NA,NA
1010001900,NA,NA
1010101880,NA,NA
1010101880,NA,NA
1010101880,NA,NA
1010101880,NA,NA
1010101880,NA,NA
1010101880,NA,NA
1010101880,NA,NA
1010101880,NA,NA
1010101880,NA,NA
1010101880,NA,NA
1010101880,NA,NA
1010101880,NA,NA
1010101880,NA,NA
1010101880,NA,NA
1010101880,NA,NA
1010101890,NA,NA
1010101890,NA,NA
1010101890,NA,NA
1010101890,NA,NA
1010101890,NA,NA
1010101890,NA,NA
1010101890,NA,NA
1010101890,NA,NA
1010101890,NA,NA
1010101890,NA,NA
1010101890,NA,NA
1010101890,NA,NA
1010101890,NA,NA
1010101890,NA,NA
1010101890,NA,NA
1010101900,NA,NA
1010101900,NA,NA
1010101900,NA,NA
1010101900,NA,NA
1010101900,NA,NA
1010101900,NA,NA
1010101900,NA,NA
1010101900,NA,NA
1010101900,NA,NA
1010101900,NA,NA
1010101900,NA,NA
1010101900,NA,NA
1010101900,NA,NA
1010101900,NA,NA
1010101900,NA,NA
1010201880,NA,NA
1010201880,NA,NA
1010201880,NA,NA
1010201880,NA,NA
1010201880,NA,NA
1010201880,NA,NA
1010201880,NA,NA
1010201880,NA,NA
1010201880,NA,NA
1010201880,NA,NA
1010201880,NA,NA
1010201880,NA,NA
1010201880,NA,NA
1010201880,NA,NA
1010201880,NA,NA
1010201890,NA,NA
1010201890,NA,NA
1010201890,NA,NA
1010201890,NA,NA
1010201890,NA,NA
1010201890,NA,NA
1010201890,NA,NA
1010201890,NA,NA
1010201890,NA,NA
1010201890,NA,NA
1010201890,NA,NA
1010201890,NA,NA
1010201890,NA,NA
1010201890,NA,NA
1010201890,NA,NA
1010201900,NA,NA
1010201900,NA,NA
1010201900,NA,NA
1010201900,NA,NA
1010201900,NA,NA
1010201900,NA,NA
1010201900,NA,NA
1010201900,NA,NA
1010201900,NA,NA
1010201900,NA,NA
1010201900,NA,NA
1010201900,NA,NA
1010201900,NA,NA
1010201900,NA,NA
1010201900,NA,NA
1010301880,NA,NA
1010301880,NA,NA
1010301880,NA,NA
1010301880,NA,NA
1010301880,NA,NA
1010301880,NA,NA
1010301880,NA,NA
1010301880,NA,NA
1010301880,NA,NA
1010301880,NA,NA
1010301880,NA,NA
1010301880,NA,NA
1010301880,NA,NA
1010301880,NA,NA
1010301880,NA,NA
1010301890,NA,NA
1010301890,NA,NA
1010301890,NA,NA
1010301890,NA,NA
1010301890,NA,NA
1010301890,NA,NA
1010301890,NA,NA
1010301890,NA,NA
1010301890,NA,NA
1010301890,NA,NA
1010301890,NA,NA
1010301890,NA,NA
1010301890,NA,NA
1010301890,NA,NA
1010301890,NA,NA
1010301900,NA,NA
1010301900,NA,NA
1010301900,NA,NA
1010301900,NA,NA
1010301900,NA,NA
1010301900,NA,NA
1010301900,NA,NA
1010301900,NA,NA
1010301900,NA,NA
1010301900,NA,NA
1010301900,NA,NA
1010301900,NA,NA
1010301900,NA,NA
1010301900,NA,NA
1010301900,NA,NA
1010301910,NA,NA
1010301910,NA,NA
1010301910,NA,NA
1010301910,NA,NA
1010301910,NA,NA
1010301910,NA,NA
1010301910,NA,NA
1010301910,NA,NA
1010301910,NA,NA
1010301910,NA,NA
1010301910,NA,NA
1010301910,NA,NA
1010301910,NA,NA
1010301910,NA,NA
1010301910,NA,NA
1010301920,NA,NA
1010301920,NA,NA
1010301920,NA,NA
1010301920,NA,NA
1010301920,NA,NA
1010301920,NA,NA
1010301920,NA,NA
1010301920,NA,NA
1010301920,NA,NA
1010301920,NA,NA
1010301920,NA,NA
1010301920,NA,NA
1010301920,NA,NA
1010301920,NA,NA
1010301920,NA,NA
1010301930,NA,NA
1010301930,NA,NA
1010301930,NA,NA
1010301930,NA,NA
1010301930,NA,NA
1010301930,NA,NA
1010301930,NA,NA
1010301930,NA,NA
1010301930,NA,NA
1010301930,NA,NA
1010301930,NA,NA
1010301930,NA,NA
1010301930,NA,NA
1010301930,NA,NA
1010301930,NA,NA
1010401880,NA,NA
1010401880,NA,NA
1010401880,NA,NA
1010401880,NA,NA
1010401880,NA,NA
1010401880,NA,NA
1010401880,NA,NA
1010401880,NA,NA
1010401880,NA,NA
1010401880,NA,NA
1010401880,NA,NA
1010401880,NA,NA
1010401880,NA,NA
1010401880,NA,NA
1010401880,NA,NA
1010401890,NA,NA
1010401890,NA,NA
1010401890,NA,NA
1010401890,NA,NA
1010401890,NA,NA
1010401890,NA,NA
1010401890,NA,NA
1010401890,NA,NA
1010401890,NA,NA
1010401890,NA,NA
1010401890,NA,NA
1010401890,NA,NA
1010401890,NA,NA
1010401890,NA,NA
1010401890,NA,NA
1010401900,NA,NA
1010401900,NA,NA
1010401900,NA,NA
1010401900,NA,NA
1010401900,NA,NA
1010401900,NA,NA
1010401900,NA,NA
1010401900,NA,NA
1010401900,NA,NA
1010401900,NA,NA
1010401900,NA,NA
1010401900,NA,NA
1010401900,NA,NA
1010401900,NA,NA
1010401900,NA,NA
1010401910,NA,NA
1010401910,NA,NA
1010401910,NA,NA
1010401910,NA,NA
1010401910,NA,NA
1010401910,NA,NA
1010401910,NA,NA
1010401910,NA,NA
1010401910,NA,NA
1010401910,NA,NA
1010401910,NA,NA
1010401910,NA,NA
1010401910,NA,NA
1010401910,NA,NA
1010401910,NA,NA
1010401920,NA,NA
1010401920,NA,NA
1010401920,NA,NA
1010401920,NA,NA
1010401920,NA,NA
1010401920,NA,NA
1010401920,NA,NA
1010401920,NA,NA
1010401920,NA,NA
1010401920,NA,NA
1010401920,NA,NA
1010401920,NA,NA
1010401920,NA,NA
1010401920,NA,NA
1010401920,NA,NA
1010401930,NA,NA
1010401930,NA,NA
1010401930,NA,NA
1010401930,NA,NA
1010401930,NA,NA
1010401930,NA,NA
1010401930,NA,NA
1010401930,NA,NA
1010401930,NA,NA
1010401930,NA,NA
1010401930,NA,NA
1010401930,NA,NA
1010401930,NA,NA
1010401930,NA,NA
1010401930,NA,NA
1010501880,NA,NA
1010501880,NA,NA
1010501880,NA,NA
1010501880,NA,NA
1010501880,NA,NA
1010501880,NA,NA
1010501880,NA,NA
1010501880,NA,NA
1010501880,NA,NA
1010501880,NA,NA
1010501880,NA,NA
1010501880,NA,NA
1010501880,NA,NA
1010501880,NA,NA
1010501880,NA,NA
1010501890,NA,NA
1010501890,NA,NA
1010501890,NA,NA
1010501890,NA,NA
1010501890,NA,NA
1010501890,NA,NA
1010501890,NA,NA
1010501890,NA,NA
1010501890,NA,NA
1010501890,NA,NA
1010501890,NA,NA
1010501890,NA,NA
1010501890,NA,NA
1010501890,NA,NA
1010501890,NA,NA
1010501900,NA,NA
1010501900,NA,NA
1010501900,NA,NA
1010501900,NA,NA
1010501900,NA,NA
1010501900,NA,NA
1010501900,NA,NA
1010501900,NA,NA
1010501900,NA,NA
1010501900,NA,NA
1010501900,NA,NA
1010501900,NA,NA
1010501900,NA,NA
1010501900,NA,NA
1010501900,NA,NA
1010501910,NA,NA
1010501910,NA,NA
1010501910,NA,NA
1010501910,NA,NA
1010501910,NA,NA
1010501910,NA,NA
1010501910,NA,NA
1010501910,NA,NA
1010501910,NA,NA
1010501910,NA,NA
1010501910,NA,NA
1010501910,NA,NA
1010501910,NA,NA
1010501910,NA,NA
1010501910,NA,NA
1010501920,NA,NA
1010501920,NA,NA
1010501920,NA,NA
1010501920,NA,NA
1010501920,NA,NA
1010501920,NA,NA
1010501920,NA,NA
1010501920,NA,NA
1010501920,NA,NA
1010501920,NA,NA
1010501920,NA,NA
1010501920,NA,NA
1010501920,NA,NA
1010501920,NA,NA
1010501920,NA,NA
1010501930,NA,NA
1010501930,NA,NA
1010501930,NA,NA
1010501930,NA,NA
1010501930,NA,NA
1010501930,NA,NA
1010501930,NA,NA
1010501930,NA,NA
1010501930,NA,NA
1010501930,NA,NA
1010501930,NA,NA
1010501930,NA,NA
1010501930,NA,NA
1010501930,NA,NA
1010501930,NA,NA
1010601910,NA,NA
1010601910,NA,NA
1010601910,NA,NA
1010601910,NA,NA
1010601910,NA,NA
1010601910,NA,NA
1010601910,NA,NA
1010601910,NA,NA
1010601910,NA,NA
1010601910,NA,NA
1010601910,NA,NA
1010601910,NA,NA
1010601910,NA,NA
1010601910,NA,NA
1010601910,NA,NA
1010601920,NA,NA
1010601920,NA,NA
1010601920,NA,NA
1010601920,NA,NA
1010601920,NA,NA
1010601920,NA,NA
1010601920,NA,NA
1010601920,NA,NA
1010601920,NA,NA
1010601920,NA,NA
1010601920,NA,NA
1010601920,NA,NA
1010601920,NA,NA
1010601920,NA,NA
1010601920,NA,NA
1010601930,NA,NA
1010601930,NA,NA
1010601930,NA,NA
1010601930,NA,NA
1010601930,NA,NA
1010601930,NA,NA
1010601930,NA,NA
1010601930,NA,NA
1010601930,NA,NA
1010601930,NA,NA
1010601930,NA,NA
1010601930,NA,NA
1010601930,NA,NA
1010601930,NA,NA
1010601930,NA,NA
